product_id,review_id,word_count,character_count,average_word_length,sentence_count,uppercase_ratio,exclamation_count,question_count,punctuation_ratio,lexical_diversity,repeated_word_ratio,promotional_phrase_count,review_length,rating,review_count,average_rating,rating_variance,average_review_length,max_similarity,mean_similarity,similar_pair_ratio,rating_deviation,label
B07JW9H4J1,"R3HXWT0LRP0NMF,R2AJM3LFTLZHFO,R6AQJGUP6P86,R1KD19VHEDV0OR,R3C02RMYQMK6FC,R39GQRVBUZBWGY,R2K9EDOE15QIRJ,R3OI7YT648TL8I",103,608,4.766990291262136,11,0.07337526205450734,0,0,0.0756578947368421,0.6407766990291263,0.3592233009708738,0,608,4.2,3,4.2,0.0,600.0,0.9840618182867974,0.9838992087161649,1.0,0.0,0
B098NS6PVG,"RGIQEG07R9HS2,R1SMWZQ86XIN8U,R2J3Y1WL29GWDE,RYGGS0M09S3KY,R17KQRUTAN5DKS,R3AAQGS6HP2QUK,R1HDNOG6TO2CCA,R3PHKXYA5AFEOU",254,1368,4.322834645669292,13,0.04044117647058824,0,0,0.03070175438596491,0.515748031496063,0.484251968503937,0,1368,4.0,3,4.0,0.0,1368.0,1.0000000000000009,1.0000000000000009,1.0,0.0,0
B096MSW6CT,"R3J3EQQ9TZI5ZJ,R3E7WBGK7ID0KV,RWU79XKQ6I1QF,R25X4TBMPY91LX,R27OK7G99VK0TR,R207CYDCHJJTCJ,R3PCU8XMU173BT,R1IMONDOWRNU5V",72,409,4.638888888888889,9,0.13071895424836602,0,0,0.12224938875305623,0.5138888888888888,0.4861111111111111,0,409,3.9,3,3.9,0.0,393.0,0.9999999999999999,0.9635607041565426,1.0,0.0,0
B08HDJ86NZ,"R3EEUZKKK9J36I,R3HJVYCLYOY554,REDECAZ7AMPQC,R1CLH2ULIVG5U3,R2DMKIBGFKBD6R,RC89B5IAJUTR5,R3B3DDON5FH8DS,R13WAEJDI5RS36",112,584,4.196428571428571,4,0.038876889848812095,0,0,0.03424657534246575,0.6696428571428571,0.33035714285714285,0,584,4.2,3,4.2,0.0,584.0,0.9999999999999967,0.9999999999999968,1.0,0.0,0
B08CF3B7N1,"R1BP4L2HH9TFUP,R16PVJEXKV6QZS,R2UPDB81N66T4P,R3KK4GT934ST3I,RCFHMWUSBIJO,RDO7DACXMAJ84,R3A6MEZL3LY66Z,R1ESIEKPGAYA29",472,2590,4.364406779661017,15,0.04675196850393701,1,0,0.03552123552123552,0.4745762711864407,0.5254237288135594,1,2590,4.2,3,4.2,0.0,2590.0,1.0000000000000002,1.0000000000000002,1.0,0.0,0
B08Y1TFSP6,"R7S8ANNSDPR40,R3CLZFLHVJU26P,RFF7U7MPQFUGR,R1MV1NKC23DWPI,R11D3U0V2XKDKF,R18MP1KLUE18PC,RWGJNVEH5ZQME,R1XN72FU6Q37IH",80,449,4.525,7,0.08022922636103152,0,0,0.07349665924276169,0.575,0.425,0,449,3.9,3,3.9,0.0,449.0,1.0,1.0,1.0,0.0,0
B08WRWPM22,"R8E73K2KWJRDS,RSD0JTIIWQQL8,R64CRSTE9SLW1,R2FRTNIIUFJE1F,RWGNX3W7UOJ7W,R32TYHHODHTF5D,RQL9ZMQUTY7P2,R280XJ5VZUBOXV",185,734,2.5837837837837836,5,0.03017241379310345,0,0,0.03678474114441417,0.5621621621621622,0.43783783783783786,0,734,4.1,3,4.1,0.0,734.0,1.0,1.0,1.0,0.0,0
B08DDRGWTJ,"R2X090D1YHACKR,R32ZCIH9AFNJ60,R3N57EVVG0EHAF,R3QWLE8JHROKC1,R2VTSDOOUTSQ5X,R3E6FZ75Q074KH,R1SYBQLTPFCW20,RYQT96J8HPIXE",181,988,4.298342541436464,22,0.05665349143610013,0,0,0.043522267206477734,0.5027624309392266,0.4972375690607735,0,988,4.3,3,4.3,0.0,988.0,1.0000000000000002,1.0000000000000002,1.0,0.0,0
B008IFXQFU,"R1LW6NWSVTVZ2H,R3VR5WFKUS15C5,R2F6GC79OYWUKQ,R3QZ19MECGWG9A,R2MPU42MYK7GPO,R33DVXFB4VYPZZ,R1SQ7OGFR4JRUR,R1S5F9QI0M1VBZ",749,4269,4.493991989319092,40,0.04505857614899369,0,0,0.03279456547200749,0.4606141522029373,0.5393858477970628,0,4269,4.2,1,4.2,0.0,4269.0,0.0,0.0,0.0,0.0,0
B082LZGK39,"RGIQEG07R9HS2,R1SMWZQ86XIN8U,R2J3Y1WL29GWDE,RYGGS0M09S3KY,R17KQRUTAN5DKS,R3AAQGS6HP2QUK,R1HDNOG6TO2CCA,R3PHKXYA5AFEOU",254,1368,4.322834645669292,13,0.04044117647058824,0,0,0.03070175438596491,0.515748031496063,0.484251968503937,0,1368,4.0,2,4.0,0.0,1368.0,1.0000000000000009,1.0000000000000009,1.0,0.0,0
B08CF3D7QR,"R11MQS7WD9C3I0,R2AKH69XQY8BY4,R8GBOLYUN5UP6,R1AYVO4R25KJTA,R1HT6XM787V7FV,R339XJL1GMKHA3,R175VFSB2A32HG,R35T9LXYBSP09G",215,1100,3.9953488372093022,15,0.03051643192488263,0,0,0.03090909090909091,0.6232558139534884,0.3767441860465116,0,1100,4.3,3,4.3,0.0,1100.0,0.9999999999999999,0.9999999999999999,1.0,0.0,0
B0789LZTCJ,"R3EEUZKKK9J36I,R3HJVYCLYOY554,REDECAZ7AMPQC,R1CLH2ULIVG5U3,R2DMKIBGFKBD6R,RC89B5IAJUTR5,R3B3DDON5FH8DS,R13WAEJDI5RS36",112,584,4.196428571428571,4,0.038876889848812095,0,0,0.03424657534246575,0.6696428571428571,0.33035714285714285,0,584,4.2,2,4.2,0.0,584.0,0.9999999999999967,0.9999999999999967,1.0,0.0,0
B07KSMBL2H,"R1FKOKZ3HHKJBZ,R2WNMZI1EXTA0H,RCA1M3W4RIXUR,R3BKCLL6D7ZLIX,REVSR0ILY3547,R15W5KMQB95IV5,R10PB68FRUHT5V,R3TLCE9JSBU3UP",208,1053,3.9663461538461537,16,0.0425273390036452,2,0,0.03608736942070275,0.5576923076923077,0.4423076923076923,0,1053,4.4,2,4.4,0.0,1053.0,1.0000000000000004,1.0000000000000004,1.0,0.0,0
B085DTN6R2,"R1QETDIPRCX4S0,RARQYQ8POOFA9,R952F931MCOR5,R3LLDHV3WXED9C,R282YHZ5A4GMY4,R34W3B1C7RP98Q,R1467F9VL3DLSY,R3KLQRR1UM44JG",158,890,4.550632911392405,11,0.05750350631136045,0,0,0.03146067415730337,0.620253164556962,0.379746835443038,0,890,4.2,3,4.2,0.0,890.0,0.9999999999999999,0.9999999999999999,1.0,0.0,0
B09KLVMZ3B,"R20XIOU25HEX80,R2X55FA2EEUEYM,R393Z224NBTDLN,R3Q4ZCHWSAQD5B,R1AE3A4NSVM9SC,R2U1YAAZE07I1V,R36NVL58WQ7D64,R1E7GPZ569TBIZ",177,969,4.372881355932203,16,0.04450261780104712,0,0,0.03508771929824561,0.519774011299435,0.480225988700565,3,969,4.1,3,4.1,0.0,969.0,1.0000000000000002,1.0000000000000002,1.0,0.0,0
B083342NKJ,"R2JPQNKCOE10UK,RQI80JG2WZXNF,R2LYZ4CUWPMUJN,R1ZBD2ZB2ZYEWX,R2ITEDC9KOCY3N,R1115HIQP3BKKJ,R31OMS6DNMI7M,R2DCFXQMUNO93L",123,697,4.504065040650406,12,0.059813084112149535,0,0,0.06169296987087518,0.6178861788617886,0.3821138211382114,0,697,4.4,3,4.4,0.0,681.0,0.9999999999999999,0.988899133680409,1.0,0.0,0
B0B6F7LX4C,"R13UTIA6KOF6QV,R2UGDZSGFF01K7,RHHIZ45VYU5X6,R14N9HBE5EIUY0,R2WMW096T9Y0OU,R1SHIIE6M72825,R22P6BE9DBME4F,R2TEINENXTIHT2",175,970,4.434285714285714,15,0.07339449541284404,0,0,0.04639175257731959,0.6057142857142858,0.3942857142857143,0,970,4.2,1,4.2,0.0,970.0,0.0,0.0,0.0,0.0,0
B082LSVT4B,"RGIQEG07R9HS2,R1SMWZQ86XIN8U,R2J3Y1WL29GWDE,RYGGS0M09S3KY,R17KQRUTAN5DKS,R3AAQGS6HP2QUK,R1HDNOG6TO2CCA,R3PHKXYA5AFEOU",254,1368,4.322834645669292,13,0.04044117647058824,0,0,0.03070175438596491,0.515748031496063,0.484251968503937,0,1368,4.0,2,4.0,0.0,1368.0,1.0000000000000009,1.0000000000000009,1.0,0.0,0
B08WRBG3XW,"R2BP8Y5OJXKJLF,R218813TNRHNSY,R3VIKEVJ5DBF5G,R2PQNCTR8TQCT4,R3FI11UEJC9ZOJ,R3ULCCZZHBNLA4,RELIQ4H7CYX2Q,R3ALQNTJN4ER9N",186,1011,4.354838709677419,9,0.038605230386052306,2,0,0.032640949554896145,0.5967741935483871,0.4032258064516129,0,1011,4.1,2,4.1,0.0,1018.0,0.9011709190277899,0.9011709190277899,1.0,0.0,0
B08DPLCM6T,"R2PNR69G0BQG2F,R31A0WWDEYMKEW,R2C4XEWFLVU7JV,RYWES5AT5FQO6,R1PGWAY5TEWLT4,R32542OPR0QC4I,R2JDJEVZ2G7EEK,R36EHHPAQNSSOF",98,530,4.275510204081633,10,0.059665871121718374,0,0,0.0509433962264151,0.7040816326530612,0.29591836734693877,0,530,4.3,2,4.3,0.0,530.0,1.0,1.0,1.0,0.0,0
B09C6HXFC1,"R12D1BZF9MU8TN,R32MNCWO5LGFCG,RZU3UK8OZKD6X,R3BSTKR3JUW6GY,R1ARVYPXS4XPB7,R1V6GDYE2IBX8O,R28EG2PXZTJL90,R2SQNU7OIOOLHT",144,807,4.4375,6,0.03610675039246468,6,0,0.040892193308550186,0.6180555555555556,0.3819444444444444,0,807,4.5,3,4.5,0.0,807.0,1.0000000000000009,1.0000000000000009,1.0,0.0,0
B085194JFL,"R1GYK05NN6747O,R1J21BZ29NGQF9,R16JCHEILBYOMW,R2WVVS88M7SH18,R2MQ3VB8ZTUS48,RBJPTKHYQ7G7U,R37PKO5FUPJW35,R38R2YC2J2BMWR",197,1068,4.340101522842639,13,0.10705882352941176,0,0,0.031835205992509365,0.5685279187817259,0.43147208121827413,1,1068,3.7,2,3.7,0.0,1068.0,1.0000000000000002,1.0000000000000002,1.0,0.0,0
B09F6S8BT6,"R1SN0D4DFBKAZI,R1SX5L77L2CD6V,R1NAZ6M4QBUJMK,R25I5FXOJA76KS,R32V7DQLDSKJ99,R8QWY8HXI120P,R2OZPGGMUCLSC1,R1G4SA1P865EIS",145,792,4.324137931034483,10,0.051118210862619806,0,1,0.03787878787878788,0.5379310344827586,0.46206896551724136,0,792,4.3,2,4.3,0.0,792.0,1.0000000000000002,1.0000000000000002,1.0,0.0,0
B09NHVCHS9,"R3F4T5TRYPTMIG,R3DQIEC603E7AY,R1O4Z15FD40PV5,RDVX50PD4CTFE,R3H6WKG0TA5CGU,R3Q3L1KP5QWPV3,RU0LU2PAIIME,R20FTANBPFA653",131,661,3.9236641221374047,17,0.08300395256916997,0,0,0.06505295007564296,0.5877862595419847,0.4122137404580153,0,661,4.0,3,4.0,0.0,661.0,1.0000000000000004,1.0000000000000004,1.0,0.0,0
B0B1YVCJ2Y,"R1EBS3566VCSCG,R24MB66WRPSN2A,R25UU2M1B9BO5X,R1NXW7PGVND2LE,R3OSBPH7X9AQUK,R2I8RVEPDM0IMQ,R5RES2LABIW7Q,R3A3IRV8ZWP1U9",900,5120,4.417777777777777,75,0.04973221117061974,0,0,0.055859375,0.45444444444444443,0.5455555555555556,1,5120,4.3,1,4.3,0.0,5120.0,0.0,0.0,0.0,0.0,0
B01M4GGIVU,"R2DIHMHOPYEASB,R24RHE9B30YXWQ,R3DYXQZQA6PPHM,R2458DMQ9C2Z4F,R36C67830VNHAA,R2GE3ZI47UVVO,R1XMBPKJ1QP1Q9,R1L6PX82T6UT6P",265,1369,3.9962264150943394,28,0.05338417540514776,4,0,0.04821037253469686,0.5773584905660377,0.4226415094339623,0,1369,4.2,2,4.2,0.0,1369.0,0.9999999999999932,0.9999999999999932,1.0,0.0,0
B08B42LWKN,"R3COVVOP2R7Z28,R2T6WHEO2ONNDD,RUFFV2QR43OCM,R2LK4WPIHJ7WDA,R6IPR9FHZ5BOT,R3DU4LFGTAIEMN,RVHHM5FW31JN1,R1QA870NJWIODF",772,4113,4.224093264248705,61,0.040222772277227724,0,1,0.03306588864575735,0.41580310880829013,0.5841968911917098,2,4113,4.2,1,4.2,0.0,4113.0,0.0,0.0,0.0,0.0,1
B094JNXNPV,"R249YCZVKYR5XD,R1GHL3EYAQ4ZMT,R1M0NVGZXK8NGO,R3O3MTC9L2VAJ5,RS2B5ERC0SV1O,RY1GC09VYZQT8,R29MVX7H69YMY5,R2M6TTXAWRQT5G",204,1039,4.044117647058823,6,0.030303030303030304,0,0,0.021174205967276226,0.5882352941176471,0.4117647058823529,0,1039,4.0,2,4.0,0.0,1039.0,0.9999999999999999,0.9999999999999999,1.0,0.0,0
B09W5XR9RT,"R1Y30KU04V3QF4,RK3DSUGKIZT8Z,R3BIG7J6V2JZTU,R1QI1HTJPGLS5O,R3SETXTOZ47CM4,R10SL1Q7F6CHBK,R1CBYX6RCGU739,R3PGNXSPA35NB3",147,765,4.068027210884353,15,0.04697986577181208,4,0,0.0457516339869281,0.5510204081632653,0.4489795918367347,0,765,4.4,3,4.4,0.0,765.0,1.0000000000000002,1.0000000000000002,1.0,0.0,0
B077Z65HSD,"R1G4I5FLAHM16P,R1DXRMVWV2OVE8,R2BJFG3I9TAZ2P,R35RERUQG5AERU,RQVMA35UH4D2P,R2WKO9Y6VGUOOP,R1NECHJ8DC9INS,RDDDU5N0JHZS7",184,1033,4.521739130434782,16,0.06674907292954264,1,0,0.031945788964181994,0.6902173913043478,0.30978260869565216,0,1033,4.3,3,4.3,0.0,1033.0,0.9999999999999996,0.9999999999999996,1.0,0.0,0
B00NH11PEY,"R1C8MVU3EIX56Y,R10RUXC7JD5S4I,R1AFBZ5PYTHO1Z,R3GQL7YKAFJMEN,R3B6H5JPG134KN,RUG04XHXRXK95,R2Q1OYOIJI5673,RJX2WGB0X99SY",247,1360,4.368421052631579,21,0.06747891283973759,0,2,0.04264705882352941,0.562753036437247,0.43724696356275305,0,1360,4.5,2,4.5,0.0,1360.0,0.9999999999999998,0.9999999999999998,1.0,0.0,0
B09CMM3VGK,"R223OIZPTZ994S,RATMJ847EPDQX,RHWJXUIB7QJY4,RKKX7CGMNCZLA,RL8AFQ3JO8B1N,R152XS08W2OG38,R2RS0DMJ29X2W6,RLLQ8T7VXWR65",260,1346,4.038461538461538,15,0.023166023166023165,2,0,0.03194650817236255,0.6076923076923076,0.3923076923076923,0,1346,4.0,2,4.0,0.0,1346.0,1.0000000000000002,1.0000000000000002,1.0,0.0,0
B08QSC1XY8,"R2S0AYWUV349HP,R35OW9CYQNAYHY,R3B3DDF1D5NULK,R3LZQDRMNS5CZO,RUGI31F4HDHOV,R24GFJRFT12S6S,R231AEG1IO02JM,RD31MI3UMAXP8",135,708,4.0814814814814815,17,0.06398537477148081,1,0,0.05649717514124294,0.6074074074074074,0.3925925925925926,0,708,4.3,2,4.3,0.0,708.0,0.999999999999997,0.999999999999997,1.0,0.0,0
B008FWZGSG,"R2Z9ENI1BK4EAB,R2JTBG4GO7WPMG,R3GKCN4UH999M8,R3EGXE69JQH9AG,RCX9JVSY2ISRL,R1UVGU3RQMOG49,R2VQFSALVKRALF,R1M45F72399D3L",138,741,4.27536231884058,12,0.06445993031358885,0,0,0.058029689608636977,0.6594202898550725,0.34057971014492755,0,741,4.3,2,4.3,0.0,729.0,0.9850806968186202,0.9850806968186202,1.0,0.0,0
B0B4HJNPV4,"R1Q323BB35OP30,RJ0CSQUUWFF9W,R23OB4XMH3S9QD,R1K5FQR6CYMQAV,R3QMD6JDUGQUCI,R1R5LTMWOXI38M,R241G3F07D3OBH,R1O7BQ61DXRVWW",142,753,4.26056338028169,7,0.043993231810490696,0,0,0.04780876494023904,0.5985915492957746,0.4014084507042254,0,753,3.9,2,3.9,0.0,753.0,0.9999999999999972,0.9999999999999972,1.0,0.0,0
B08Y1SJVV5,"R7S8ANNSDPR40,R3CLZFLHVJU26P,RFF7U7MPQFUGR,R1MV1NKC23DWPI,R11D3U0V2XKDKF,R18MP1KLUE18PC,RWGJNVEH5ZQME,R1XN72FU6Q37IH",84,473,4.5476190476190474,7,0.09418282548476455,0,0,0.080338266384778,0.5833333333333334,0.4166666666666667,0,473,3.9,2,3.9,0.0,461.0,0.9848059647333228,0.9848059647333228,1.0,0.0,0
B07XLCFSSN,"R213ILI3XNVHQ0,R1LZN1V8UCR9IU,R1EBFTZINSJ0LG,R3BKR3VZ1U81LW,R5OJ20F8H5T8U,R1FKQR9LSBVLH2,R3R8UN7IQY7EIT,R2WBDNEW6HCVSH",217,1227,4.557603686635945,13,0.03242147922998987,1,0,0.02526487367563162,0.5714285714285714,0.42857142857142855,0,1227,4.4,3,4.4,0.0,1227.0,1.0,1.0,1.0,0.0,0
B09RZS1NQT,"RW294SCHB5QTK,R24AGC1O5RVWYI,R3NT7AA2V3I2FB,R2WGLZMFMUHY4G,R34ZQBSQFAGSQB,R26YQ2I8VG8AXE,R1M1FEBTZ4UHXZ,R1QV3OMDYZ42VP",201,1078,4.2288557213930345,20,0.046539379474940336,1,0,0.041743970315398886,0.5472636815920398,0.4527363184079602,0,1078,4.0,2,4.0,0.0,1078.0,1.0000000000000002,1.0000000000000002,1.0,0.0,0
B0B3MMYHYW,"R2J3Q3BUHJ2S7E,R2H2ELE1DG24VY,R1U1S7X7BPSZBU,R9XVQWX40D175,REHUMWC9Q9EAG,RLEFI0WUITF14,R1M41TK6XDE47C,RUM8TBPKUE5UF",947,5195,4.397043294614573,53,0.04316373281890523,0,0,0.0246390760346487,0.40865892291446676,0.5913410770855333,0,5195,4.2,1,4.2,0.0,5195.0,0.0,0.0,0.0,0.0,0
B09C6HWG18,"R32JZC43P990BL,R3H7SAJ305WZL4,R37X6NTSTYLVQA,R2D7LP2EBIX3W8,R3C7TL9CMBKBQK,R3UI3Z6GBVW39Z,R331DK9D3GC0XJ,R2G3RRE7N560V7",238,1354,4.525210084033613,21,0.026119402985074626,0,0,0.04283604135893648,0.5588235294117647,0.4411764705882353,0,1354,4.2,2,4.2,0.0,1354.0,1.0000000000000002,1.0000000000000002,1.0,0.0,0
B00NH11KIK,"R2AE3BN2Y58N55,R6YVRITBSRECR,R232KD83Q3MVML,R23FRK2ABESQGU,R3NE24KAHO8M69,R2PZRPBF9ZAOMA,R1DC9VBYLSSEB,R2BBEAL7JZWXYR",130,710,4.323076923076923,10,0.05605786618444846,0,0,0.04647887323943662,0.6461538461538462,0.35384615384615387,0,710,4.5,2,4.5,0.0,710.0,0.9999999999999997,0.9999999999999997,1.0,0.0,0
B09JPC82QC,"R1VOXBV87EI37W,R1BIBCTNJPJOX3,R2RRCA47QEK9C1,R2WHV3RU3J4985,R22K5MQ8Z8N6L2,R3TQACIQUXT2WO,R2YKPF09C6G76,R1E6GYG29CA7RM",2248,13405,4.603202846975089,168,0.07109098070106341,6,0,0.062140992167101824,0.34119217081850534,0.6588078291814946,0,13405,4.3,1,4.3,0.0,13405.0,0.0,0.0,0.0,0.0,1
B07JW1Y6XV,"R3HXWT0LRP0NMF,R2AJM3LFTLZHFO,R6AQJGUP6P86,R1KD19VHEDV0OR,R3C02RMYQMK6FC,R39GQRVBUZBWGY,R2K9EDOE15QIRJ,R3OI7YT648TL8I",103,608,4.766990291262136,11,0.07337526205450734,0,0,0.0756578947368421,0.6407766990291263,0.3592233009708738,0,608,4.2,1,4.2,0.0,608.0,0.0,0.0,0.0,0.0,0
B07KRCW6LZ,"RSNHWPVLK9SAQ,R2RKKAN3GRHI0G,R1FVWKC3ORTKKX,RTWMPZGIX9EDV,R3TRCC0769D12A,R2NJK9AW0NVU1C,R3M97OC4YJNBQT,R2IUPWWR3XMJ3D",216,1158,4.282407407407407,16,0.05947136563876652,1,0,0.037132987910189985,0.5787037037037037,0.4212962962962963,1,1158,4.3,2,4.3,0.0,1158.0,1.0000000000000007,1.0000000000000007,1.0,0.0,0
B09NJN8L25,"R3F4T5TRYPTMIG,R3DQIEC603E7AY,R1O4Z15FD40PV5,RDVX50PD4CTFE,R3H6WKG0TA5CGU,R3Q3L1KP5QWPV3,RU0LU2PAIIME,R20FTANBPFA653",131,661,3.9236641221374047,17,0.08300395256916997,0,0,0.06505295007564296,0.5877862595419847,0.4122137404580153,0,661,4.0,1,4.0,0.0,661.0,0.0,0.0,0.0,0.0,0
B07XJYYH7L,"RWSHFGBE1WU3I,R1VBNTH3HSMVMB,RTATA9H2ELJ81,R1B0APD6HVOT8V,R99TNL1C7XQ5O,R37RT17N8YUWT4,R1WG1ARVL9YH61,R2UFM5PKO62Z5R",126,720,4.611111111111111,9,0.03852889667250438,0,0,0.03888888888888889,0.5873015873015873,0.4126984126984127,0,720,3.3,2,3.3,0.0,720.0,0.9999999999999978,0.9999999999999978,1.0,0.0,0
B002PD61Y4,"R2EJIN3N3L3XKI,R2JMJ8QNG66LV4,R3B46JNPC2T4E7,R3HHJCTEJ7J9CS,R2LOAPI3SK4RCX,R1MLGZDQDKIVIF,R10KVN4LSVD459,R3BO9D050WHWVX",150,741,3.88,9,0.06086956521739131,0,0,0.037786774628879895,0.5533333333333333,0.44666666666666666,0,741,4.1,2,4.1,0.0,741.0,1.0000000000000009,1.0000000000000009,1.0,0.0,0
B014I8SSD0,"R1FKOKZ3HHKJBZ,R2WNMZI1EXTA0H,RCA1M3W4RIXUR,R3BKCLL6D7ZLIX,REVSR0ILY3547,R15W5KMQB95IV5,R10PB68FRUHT5V,R3TLCE9JSBU3UP",208,1053,3.9663461538461537,16,0.0425273390036452,2,0,0.03608736942070275,0.5576923076923077,0.4423076923076923,0,1053,4.4,1,4.4,0.0,1053.0,0.0,0.0,0.0,0.0,0
B09L8DSSFH,"RVEWH0LAEO3NH,R3E42NTD6HXN1Q,R3IC0VLPIDBPTY,R1F0O9EAQGRSQS,R2B02VD2RPE2SE,RO2E58ZA8YH7E,R10AUMHF2MJRRU,R1BBQYI4QO69ID",214,1197,4.5046728971962615,15,0.02809573361082206,0,1,0.03508771929824561,0.5467289719626168,0.4532710280373832,0,1197,3.6,1,3.6,0.0,1197.0,0.0,0.0,0.0,0.0,0
B07232M876,"R22EUJ1B1AM0OU,R2K89RVGN8N9MO,R177X9L6ND6OA7,R2YU5RDRT44DE6,R1K5FLRLAUZLKF,R1HAZS2PLM3RRQ,R3EX1BCG3VPANF,R1C72DNWTJGUI2",1475,8939,4.690847457627119,95,0.07079128272634197,1,0,0.06622664727598165,0.4040677966101695,0.5959322033898306,2,8939,4.2,2,4.2,0.0,8939.0,0.9999999999999997,0.9999999999999997,1.0,0.0,1
B07P681N66,"R2GUL8IL005EGF,R3NZCVYJBN0CPD,RHUJOS46Q51UG,R1ZW4PQHUECROJ,R7F86XL2S6MY,R1JRRVOFWQAC4C,R2WZHK2E301YV,R10J01VHCKFB42",658,3434,4.132218844984802,43,0.04297022238974746,0,0,0.02766453115899825,0.425531914893617,0.574468085106383,2,3434,4.4,2,4.4,0.0,3434.0,1.0000000000000007,1.0000000000000007,1.0,0.0,1
B0711PVX6Z,"R22EUJ1B1AM0OU,R2K89RVGN8N9MO,R177X9L6ND6OA7,R2YU5RDRT44DE6,R1K5FLRLAUZLKF,R1HAZS2PLM3RRQ,R3EX1BCG3VPANF,R1C72DNWTJGUI2",1475,8939,4.690847457627119,95,0.07079128272634197,1,0,0.06622664727598165,0.4040677966101695,0.5959322033898306,2,8939,4.2,1,4.2,0.0,8939.0,0.0,0.0,0.0,0.0,1
B082T6V3DT,"R1Q0PEVL6X8WZJ,RW0MMI9AUXK5J,R2F3ACPBFRCFSK,R2SB3XYC8XHNUQ,R5L8G10EKZ9ZR,R3W2X53D3BLIBR,R29J3JSPZYQYCM,R35I0ZZH2J58P7",265,1378,4.09811320754717,15,0.03515263644773358,0,0,0.02539912917271408,0.5207547169811321,0.47924528301886793,0,1378,4.3,3,4.3,0.0,1378.0,1.0000000000000004,1.0000000000000004,1.0,0.0,0
B07MKFNHKG,"RFZ1X95QMXWFZ,R1P8SL54VCWSMQ,RSWY4LT0L7TCL,R2GEJ1MJF28QVM,R2K5NT5XE6LM6T,R26BYG85S4SSVY,R3HB3IY6922TUM,R3A3CEQUX9QMFE",468,2446,4.121794871794871,31,0.049102428722280884,1,1,0.03434178250204415,0.5170940170940171,0.4829059829059829,1,2446,4.2,1,4.2,0.0,2446.0,0.0,0.0,0.0,0.0,0
B0BFWGBX61,"RQAF3Q7KCEGHP,R3CBLDFSRTKKYA,R3PZ3ENFIS7IJG,R2ACW4FTIVQJ77,R3K8YFINS1P9XN,R16G76XSWF9WTZ,R3O8ZTH4RRO02J,RXCDPPX5ZV2WX",128,748,4.5703125,6,0.04753521126760563,1,0,0.0427807486631016,0.59375,0.40625,0,748,4.1,2,4.1,0.0,748.0,0.999999999999997,0.999999999999997,1.0,0.0,0
B01N90RZ4M,"RJ19CW7WCSFUI,R3W3PK017U6SIG,RJB32KHP5D5O3,R3POHJCTG2XX71,R1EKLLUH4KRRS9,R2S00YTPGW362,R24N5IPVE7LGCM,R2ZOR8P02Z5J8F",94,534,4.553191489361702,9,0.06775700934579439,0,0,0.0599250936329588,0.648936170212766,0.35106382978723405,0,534,3.7,1,3.7,0.0,534.0,0.0,0.0,0.0,0.0,0
B0088TKTY2,"R1LW6NWSVTVZ2H,R3VR5WFKUS15C5,R2F6GC79OYWUKQ,R3QZ19MECGWG9A,R2MPU42MYK7GPO,R33DVXFB4VYPZZ,R1SQ7OGFR4JRUR,R1S5F9QI0M1VBZ",749,4269,4.493991989319092,40,0.04505857614899369,0,0,0.03279456547200749,0.4606141522029373,0.5393858477970628,0,4269,4.2,1,4.2,0.0,4269.0,0.0,0.0,0.0,0.0,0
B09Q5SWVBJ,"R3COVVOP2R7Z28,R2T6WHEO2ONNDD,RUFFV2QR43OCM,R2LK4WPIHJ7WDA,R6IPR9FHZ5BOT,R3DU4LFGTAIEMN,RVHHM5FW31JN1,R1QA870NJWIODF",772,4113,4.224093264248705,61,0.040222772277227724,0,1,0.03306588864575735,0.41580310880829013,0.5841968911917098,2,4113,4.2,1,4.2,0.0,4113.0,0.0,0.0,0.0,0.0,1
B0B4DT8MKT,"R25WW5K08CGVXV,R1229K72SC8VW6,R3G7X6LSJFGFXP,R19IPICAE9A24Q,R1J0JL7TOG1YNE,R37NLAA34276Y9,R13G1K0IPVB3EA,R188FGJWORTDSC",154,834,4.305194805194805,11,0.14630467571644043,3,0,0.03597122302158273,0.5584415584415584,0.44155844155844154,0,834,4.2,2,4.2,0.0,834.0,1.0,1.0,1.0,0.0,0
B08CDKQ8T6,"R2ACU430AWSQ15,RZFPMZJQG4VEF,R2P7VTDLLMDOA3,R1B9M17A3N27E2,R4LNZP9RCX3H3,R3TL5BYHCMQSB3,R1B2BRD05LJZX4,R2WQKUAV6WUQ06",126,683,4.277777777777778,11,0.05263157894736842,0,0,0.043923865300146414,0.7142857142857143,0.2857142857142857,0,683,4.3,2,4.3,0.0,683.0,1.0000000000000004,1.0000000000000004,1.0,0.0,0
B07B275VN9,"R3MXMT6V18JJ1P,R1BQE9L2M5L12J,R369X3BEG4QPC4,R1ZBU0U8R5KBQD,R1A0NYJ6MOX3U3,R3RYEYCYNV47BZ,R28TZ1RZWX14PP,RNGN2ZRL685Z5",111,615,4.423423423423423,11,0.07128309572301425,4,0,0.04552845528455285,0.5855855855855856,0.4144144144144144,0,615,3.7,1,3.7,0.0,615.0,0.0,0.0,0.0,0.0,0
B0B15CPR37,"R3RUBB6REUGTT,R281851EB9L5G6,R4ATJJVUY9JO6,R18455FQDOCS3H,RLZ80A5MC1F5G,R2DYRNTDPPD8A5,R3IFT4P8VHQGL3,R1DSJOGV3DFZK2",921,4934,4.204125950054289,55,0.06159132963256675,0,0,0.04438589379813539,0.44842562432138977,0.5515743756786102,1,4934,4.3,1,4.3,0.0,4934.0,0.0,0.0,0.0,0.0,1
B0994GFWBH,"RZJR37WFGXR9B,R39X6O18GM16TM,R18ZQ09EKVWZ9R,R3NHUC9S00KIR8,R30ZSNYE78E0O2,R2LVRBREQ4EFDM,R1UJ8BCYXWICT8,R34RH86MGL4HFB",291,1540,4.158075601374571,30,0.08137583892617449,0,0,0.04285714285714286,0.5223367697594502,0.47766323024054985,0,1540,4.0,2,4.0,0.0,1540.0,1.0000000000000058,1.0000000000000058,1.0,0.0,0
B01GGKZ0V6,"R37S13YALMRPGK,R2OU2YTGFEMJHE,R25SDG11W8EAU9,R2W38EQOY97N87,R2U8MOGE4JDKBF,R2CN3CX7SGEWDK,RX74XLMFH35PD,R1B861YJE8YL2B",152,804,4.197368421052632,11,0.050393700787401574,0,0,0.036069651741293535,0.5789473684210527,0.42105263157894735,0,804,4.2,2,4.2,0.0,804.0,1.0000000000000002,1.0000000000000002,1.0,0.0,0
B09F9YQQ7B,"R3CR9H6ABJ4Q4O,R2S5VBYYN51ELA,R1U0718A15KBBU,R9YRKNJ667H1E,RAWMG4UI4CZD3,R877Y6K5MW32G,RC458V57ETXDN,R2VOHT3T6361C5",274,1359,3.8394160583941606,24,0.06570048309178744,0,0,0.03899926416482708,0.5072992700729927,0.4927007299270073,0,1359,4.2,2,4.2,0.0,1359.0,1.0000000000000007,1.0000000000000007,1.0,0.0,0
B014I8SX4Y,"R1FKOKZ3HHKJBZ,R2WNMZI1EXTA0H,RCA1M3W4RIXUR,R3BKCLL6D7ZLIX,REVSR0ILY3547,R15W5KMQB95IV5,R10PB68FRUHT5V,R3TLCE9JSBU3UP",208,1053,3.9663461538461537,16,0.0425273390036452,2,0,0.03608736942070275,0.5576923076923077,0.4423076923076923,0,1053,4.4,1,4.4,0.0,1053.0,0.0,0.0,0.0,0.0,0
B09Q8HMKZX,"R1LG3XV2XYCQQB,RPVNHPEU1HG9F,R1MD4LW015PP00,R5RCZRA2XSJVU,R1TPVT7TXNNW2,R1GYI0Y69RU13,R3S5U7BJ1KTKAU,R3F02OAHFU646V",208,1202,4.663461538461538,16,0.03850156087408949,0,0,0.029118136439267885,0.5913461538461539,0.40865384615384615,1,1202,4.1,2,4.1,0.0,1202.0,0.9999999999999993,0.9999999999999993,1.0,0.0,0
B0B9XN9S3W,"R3FTW5HNPCX66C,RM7IFDV9KNC2O,RK9JKA9U9LZ49,R15UN38LGPS71W,RCBVF30PUU6UT,R1I75CYBWWYB2G,R2Z5R4CWX4B3KB,RX4O8WQ6VY2AS",309,1717,4.381877022653722,35,0.05714285714285714,0,0,0.039021549213744906,0.5275080906148867,0.47249190938511326,0,1717,4.3,1,4.3,0.0,1717.0,0.0,0.0,0.0,0.0,0
B07966M8XH,"R9GNL4OF49DH6,R2I0MJPJI6FOIE,R732VQVZLKUGL,R3L55JQKYQUMNC,R2MN9LXLLTNJ58,RY71WCYL05RXL,RPFUVX3Z31TRO,RO7LRFL67Z505",101,589,4.633663366336633,13,0.05240174672489083,4,0,0.05432937181663837,0.6336633663366337,0.36633663366336633,0,589,4.2,1,4.2,0.0,589.0,0.0,0.0,0.0,0.0,0
B01GGKYKQM,"R1BC08IFG4REKS,R1FJKIHIO54SOW,R3JR48W2CI480,R3JH7SHSXDT1GT,R35QWAY83WL8H6,R25N2U90N2A5AS,R19AK3DT3JOE82,R210WJI15JCSRE",147,790,4.2517006802721085,13,0.05608974358974359,4,0,0.04430379746835443,0.6666666666666666,0.3333333333333333,0,790,4.3,3,4.3,0.0,790.0,0.9999999999999999,0.9999999999999999,1.0,0.0,0
B0B86CDHL1,"RDFETF8YFDP96,R3604ERFM30Q4D,R1CB3GDRVBHAIG,R29H4558OA57RW,R2C4V03DG7EDWE,R20CNK6VJGER17,RXZLH38FGBU9K,R3E6TE6HH92GC3",320,1742,4.296875,28,0.04852941176470588,1,0,0.04420206659012629,0.546875,0.453125,2,1742,4.5,2,4.5,0.0,1754.0,0.9923344106650224,0.9923344106650224,1.0,0.0,0
B0B5ZF3NRK,"R27HJ954EMEOQK,R2EPGPZGPWXR4I,R1KUXERHI948E7,R1YRGKI6652QR,R3DCUTJ6CQCASZ,R11TECZ2LD0OKP,R276HYHWQ5B09O,R2HOVRWP63K3OL",117,629,4.188034188034188,14,0.07959183673469387,0,0,0.04769475357710652,0.5470085470085471,0.452991452991453,0,629,4.1,2,4.1,0.0,629.0,1.0,1.0,1.0,0.0,0
B09RFC46VP,"R3CR9H6ABJ4Q4O,R2S5VBYYN51ELA,R1U0718A15KBBU,R9YRKNJ667H1E,RAWMG4UI4CZD3,R877Y6K5MW32G,RC458V57ETXDN,R2VOHT3T6361C5",274,1359,3.8394160583941606,24,0.06570048309178744,0,0,0.03899926416482708,0.5072992700729927,0.4927007299270073,0,1359,4.2,1,4.2,0.0,1359.0,0.0,0.0,0.0,0.0,0
B08R69VDHT,"R2VUNGNI96EEJ7,R2JGNI2T5LVFRQ,R9ISXRV6DA0OY,RZFW11UFTCBVH,R1WGHB13Q2OLYA,R11ETJ640KDIRW,R2IA54QBAYAGND,R23Y3AD6E6GE9N",173,935,4.294797687861272,19,0.028688524590163935,2,0,0.038502673796791446,0.6647398843930635,0.3352601156069364,0,935,4.0,3,4.0,0.0,935.0,0.9999999999999997,0.9999999999999997,1.0,0.0,0
B09RWZRCP1,"RMEKYV7XWTWKV,R1PYVXH6MGUQLU,R3FUT08S34HBHW,R2X57Q7030Q9DG,REPXGC5R2LG85,R399JBQZ8JKDKC,R1N2RQSGT02EZJ,R1NGVE16U4ZUIR",505,2636,4.140594059405941,21,0.026328620185275476,3,0,0.024279210925644917,0.43366336633663366,0.5663366336633663,0,2636,4.1,2,4.1,0.0,2636.0,0.9999999999999998,0.9999999999999998,1.0,0.0,0
B09CMP1SC8,"R37D7HJR4MR520,RPXR67LNCQALE,R1K9WE1GDB2PP0,R34PZ2AX727RPD,R2HALNEM14EW7P,R3D6EV6X38WU4Q,R2NCR8UX28VRH4,R3PTXRLR7MPN25",294,1562,4.122448979591836,22,0.043153526970954356,0,0,0.0441741357234315,0.4965986394557823,0.5034013605442177,0,1562,4.1,3,4.1,0.0,1562.0,0.9999999999999999,0.9999999999999999,1.0,0.0,0
B09YLXYP7Y,"R8QBCR9MM1LGY,R3VN8XDH215N7I,R341EQRY87EZP,R3HHTVIHY2U1FO,RNA87JCGRTQJU,RZ12R7OYYP0KX,R2GZZ3WYE0JJYA,RHE3HXKSONROE",87,487,4.367816091954023,10,0.08423913043478261,2,0,0.061601642710472276,0.5172413793103449,0.4827586206896552,0,487,4.0,3,4.0,0.0,487.0,1.0000000000000002,1.0000000000000002,1.0,0.0,0
B09ZPM4C2C,"R95AYORS91NWX,R345JC4508EPTU,R20E3IUW7O236Z,R2QP52L8FNG8EN,RS73FA8EPYION,R134725GEKQE0F,RSQ14DVNFLV3C,R2OSJ4YOGUTXNR",150,830,4.38,15,0.06501547987616099,0,0,0.060240963855421686,0.7066666666666667,0.29333333333333333,1,830,4.1,1,4.1,0.0,830.0,0.0,0.0,0.0,0.0,0
B0B2DJDCPX,"R2LX1M52C4KNJA,R2BXIXVBJUUUEC,R19EYLO6N0AKLG,R2PGJZAQVR5XQE,R20A9E5E100YPR,RTSX75DFGY3VC,R1WGYKGMT7EHPY,R1ZXKR6UFH5VNW",83,485,4.72289156626506,4,0.04846938775510204,0,0,0.04329896907216495,0.5783132530120482,0.42168674698795183,1,485,3.9,2,3.9,0.0,485.0,1.0,1.0,1.0,0.0,0
B0BCZCQTJX,"R35LMI5GBW0RX3,R35IGWMP7EV49V,R3KQ92E1PGHL45,RZU6RWH3LJNWV,R2KYY1GC45E5SL,R3M55L4CWCO99H,R3W4I9B0JTZJH4,R30ELP5YFHQ2F3",222,1158,4.121621621621622,15,0.04285714285714286,0,0,0.03195164075993091,0.5045045045045045,0.4954954954954955,1,1158,4.0,1,4.0,0.0,1158.0,0.0,0.0,0.0,0.0,0
B07LGT55SJ,"R3HXWT0LRP0NMF,R2AJM3LFTLZHFO,R6AQJGUP6P86,R1KD19VHEDV0OR,R3C02RMYQMK6FC,R39GQRVBUZBWGY,R2K9EDOE15QIRJ,R3OI7YT648TL8I",103,608,4.766990291262136,11,0.07337526205450734,0,0,0.0756578947368421,0.6407766990291263,0.3592233009708738,0,608,4.2,1,4.2,0.0,608.0,0.0,0.0,0.0,0.0,0
B09NKZXMWJ,"R3F4T5TRYPTMIG,R3DQIEC603E7AY,R1O4Z15FD40PV5,RDVX50PD4CTFE,R3H6WKG0TA5CGU,R3Q3L1KP5QWPV3,RU0LU2PAIIME,R20FTANBPFA653",135,685,3.9555555555555557,17,0.09266409266409266,0,0,0.07007299270072993,0.5925925925925926,0.4074074074074074,0,685,4.0,1,4.0,0.0,685.0,0.0,0.0,0.0,0.0,0
B08QX1CC14,"R3MHRRK05RD01A,R14A3U8XTK1D7X,R1F10MFQBXZA8W,RAT511FHTC8Q4,R11FM1DRG1FNOI,R1RZDRQI3RD780,RJS87YIWGG7GF,R2JI1L2FTMA3ZW",142,784,4.408450704225352,14,0.07540983606557378,0,1,0.058673469387755105,0.6971830985915493,0.3028169014084507,0,784,3.4,1,3.4,0.0,784.0,0.0,0.0,0.0,0.0,0
B0974H97TJ,"R23CC5VDSVR49B,R1AWZE3731748T,R388KOR9TWPX5H,R2PLH1UHYDQWFA,R1B7Q58I1P83OY,R1C13PY8A3WUC5,RTEAGC48PIYAU,R2E0N8Q0ZQM9N9",127,666,4.102362204724409,8,0.046511627906976744,6,0,0.04504504504504504,0.6377952755905512,0.36220472440944884,0,666,4.4,1,4.4,0.0,666.0,0.0,0.0,0.0,0.0,0
B07GVGTSLN,"R10365HEDURWI9,R5RP542IMC4OI,RX2HFWXTTQDTS,R2636VYPMOZV9,RW2Z2YM3K8UV5,RVNGA0FEAXYHI,R2K7MABWMAQE26,R33YS4PO3JWU23",201,1127,4.477611940298507,13,0.054748603351955305,1,0,0.03371783496007098,0.5771144278606966,0.4228855721393035,0,1127,4.2,2,4.2,0.0,1127.0,1.0,1.0,1.0,0.0,0
B09VCHLSJF,"R2J3Q3BUHJ2S7E,R2H2ELE1DG24VY,R1U1S7X7BPSZBU,R9XVQWX40D175,REHUMWC9Q9EAG,RLEFI0WUITF14,R1M41TK6XDE47C,RUM8TBPKUE5UF",947,5195,4.397043294614573,53,0.04316373281890523,0,0,0.0246390760346487,0.40865892291446676,0.5913410770855333,0,5195,4.2,1,4.2,0.0,5195.0,0.0,0.0,0.0,0.0,0
B0B1YZX72F,"R1EBS3566VCSCG,R24MB66WRPSN2A,R25UU2M1B9BO5X,R1NXW7PGVND2LE,R3OSBPH7X9AQUK,R2I8RVEPDM0IMQ,R5RES2LABIW7Q,R3A3IRV8ZWP1U9",900,5120,4.417777777777777,75,0.04973221117061974,0,0,0.055859375,0.45444444444444443,0.5455555555555556,1,5120,4.3,1,4.3,0.0,5120.0,0.0,0.0,0.0,0.0,0
B092BJMT8Q,"R3RUBB6REUGTT,R281851EB9L5G6,R4ATJJVUY9JO6,R18455FQDOCS3H,RLZ80A5MC1F5G,R2DYRNTDPPD8A5,R3IFT4P8VHQGL3,R1DSJOGV3DFZK2",921,4934,4.204125950054289,55,0.06159132963256675,0,0,0.04438589379813539,0.44842562432138977,0.5515743756786102,1,4934,4.3,1,4.3,0.0,4934.0,0.0,0.0,0.0,0.0,1
B0BMXMLSMM,"R14ZOPYFHOYYRQ,R1GQH74NUCJZZ7,R1BNWIYBRSI1Z6,R347KU67LE6JEH,RMGA8IGV2WQDX,R2782FIPC5T4KM,R220M468LVHIE1,RA1PNAU355MLG",196,1092,4.489795918367347,11,0.03784403669724771,0,0,0.03205128205128205,0.5408163265306123,0.45918367346938777,1,1092,4.5,2,4.5,0.0,1092.0,1.0000000000000009,1.0000000000000009,1.0,0.0,0
B07JH1C41D,"R3HXWT0LRP0NMF,R2AJM3LFTLZHFO,R6AQJGUP6P86,R1KD19VHEDV0OR,R3C02RMYQMK6FC,R39GQRVBUZBWGY,R2K9EDOE15QIRJ,R3OI7YT648TL8I",99,584,4.757575757575758,11,0.06236559139784946,0,0,0.0702054794520548,0.6363636363636364,0.36363636363636365,0,584,4.2,1,4.2,0.0,584.0,0.0,0.0,0.0,0.0,0
B0141EZMAI,"R3AZDEK3MQA3RA,RXF3HCCBWV0VB,R6CVYFDUXBS36,R1QMN1WQJIWAB7,R2MOVGGWRV4ZPE,R2Z00XYFTN4T2Y,R294UWCBOTKD8H,R3NPDCAH895UHB",113,637,4.530973451327434,4,0.03571428571428571,0,0,0.03767660910518053,0.6902654867256637,0.30973451327433627,0,637,3.6,2,3.6,0.0,637.0,1.0000000000000002,1.0000000000000002,1.0,0.0,0
B09Q5P2MT3,"R3COVVOP2R7Z28,R2T6WHEO2ONNDD,RUFFV2QR43OCM,R2LK4WPIHJ7WDA,R6IPR9FHZ5BOT,R3DU4LFGTAIEMN,RVHHM5FW31JN1,R1QA870NJWIODF",772,4113,4.224093264248705,61,0.040222772277227724,0,1,0.03306588864575735,0.41580310880829013,0.5841968911917098,2,4113,4.2,1,4.2,0.0,4113.0,0.0,0.0,0.0,0.0,1
B08HDH26JX,"R3EEUZKKK9J36I,R3HJVYCLYOY554,REDECAZ7AMPQC,R1CLH2ULIVG5U3,R2DMKIBGFKBD6R,RC89B5IAJUTR5,R3B3DDON5FH8DS,R13WAEJDI5RS36",112,584,4.196428571428571,4,0.038876889848812095,0,0,0.03424657534246575,0.6696428571428571,0.33035714285714285,0,584,4.2,1,4.2,0.0,584.0,0.0,0.0,0.0,0.0,0
B09VT6JKRP,"R3ET6IRJTU70BS,R3589B83QJ7IR8,R19UEB6ST57UVR,RG7D4BZAWAW7I,R32C8DOWXVBIQP,R14MFGZY1ZD0M6,RD2T9Z6AG9GBY,ROTSX1QO0ZBS6",116,623,4.198275862068965,13,0.06765327695560254,0,0,0.08186195826645265,0.5603448275862069,0.4396551724137931,1,623,4.1,1,4.1,0.0,623.0,0.0,0.0,0.0,0.0,0
B09T3KB6JZ,"R2GC03W48T3IJR,R3EL2OA6MMM893,R1GV21LOE1079G,R3RT49SO6YCNDO,R31P7Y321UTDK1,R16ZGZCQ1H0ED3,R217N2SRNQMWHJ,R1H7N6CO2XOFSO",551,2967,4.306715063520871,38,0.04062229904926534,0,0,0.030333670374115267,0.44101633393829404,0.558983666061706,0,2967,4.2,1,4.2,0.0,2967.0,0.0,0.0,0.0,0.0,0
B093QCY6YJ,"R32XZQTB1BP0J8,R2NHRHTL743ZMA,R10FKRAEORI9L,REVEDLADDDB1V,R36GKVZB8QEVRH,R2GVIPC51M5OO6,R353OSCK8VF5E3,R30ADKRID5GLDX",109,605,4.477064220183486,7,0.06352459016393443,0,0,0.04132231404958678,0.7064220183486238,0.29357798165137616,0,605,3.7,1,3.7,0.0,605.0,0.0,0.0,0.0,0.0,0
B093ZNQZ2Y,"R1MTTFP4GWHWC8,R2A03DS956BN4T,R21TRTA1VGGCD3,R1UJJ36GMAT8P8,RLLTRV5LUMPGQ,R1A3XYRF4ESBLP,RIOC9B1740DPI,R12CWR7TITHMF8",162,909,4.4753086419753085,17,0.0584144645340751,0,0,0.045104510451045104,0.6111111111111112,0.3888888888888889,0,909,3.8,1,3.8,0.0,909.0,0.0,0.0,0.0,0.0,0
B08LKS3LSP,"R168J8VQSY0OH5,R18LTVF8A76SR3,RVRLO0A6SRBIU,R3VH49P53CT04T,RSEQE3YO0NKC0,R3A8QATMFQYP3W,R374YBV58QVZRY,R233DLMRTKEDS4",129,671,3.992248062015504,9,0.036893203883495145,0,0,0.041728763040238454,0.6434108527131783,0.35658914728682173,0,671,3.7,1,3.7,0.0,671.0,0.0,0.0,0.0,0.0,0
B00V4BGDKU,"R30SWI8U6K7PDR,R2K3WL7JFGLDI,R2WXWZRPAKQ1GP,R29PWDI4WOF8FK,R26V2X161L8NR5,R3B4VBD2NKURWM,R3A6QVJ73S0FLJ,RSP7D739UWRFL",423,2263,4.243498817966903,25,0.05053340819764177,0,0,0.029606716747680072,0.48699763593380613,0.5130023640661938,2,2263,4.5,1,4.5,0.0,2263.0,0.0,0.0,0.0,0.0,0
B08CHKQ8D4,"R3ROJ6AWGN2UFN,R3160KII7MBSDT,R8ZDM5P3NBJ6V,R2XYESNNUWI2DP,R1UHCZ5GEKZFZL,R2LUS6OIA1FUIY,R3TNBYI02BNXDP,R341FNER86M2NB",137,745,4.37956204379562,5,0.03685092127303183,0,0,0.028187919463087248,0.5036496350364964,0.49635036496350365,1,745,4.1,1,4.1,0.0,745.0,0.0,0.0,0.0,0.0,0
B09BW334ML,"R3UKO8DK958TVU,RQQT9ZUZIJ2J9,R243SOUNFQGU4K,RSHK5RYDB3VH6,R2HTAIZTX7XKXG,RHB3ONZ4OL1N2,R3Q0E1AI2I2B30,RO78JI2HT6J3P",84,475,4.571428571428571,4,0.0835509138381201,1,0,0.04842105263157895,0.6309523809523809,0.36904761904761907,2,475,4.3,1,4.3,0.0,475.0,0.0,0.0,0.0,0.0,0
B082T6GVLJ,"R19CZW6DWGE2WH,R23RHEY0ZRAT67,R14H0NECRS2LAV,RETQ7C9XRV1WY,R2WX5VW2D3WO75,RK9ZW19PLNUYO,R2CPF8A0YDYQRE,R28O8X64JYO82C",118,620,4.084745762711864,9,0.043933054393305436,2,0,0.043548387096774194,0.5508474576271186,0.4491525423728814,0,620,4.3,1,4.3,0.0,620.0,0.0,0.0,0.0,0.0,0
B07DL1KC3H,"R2W93BKACGQMYR,R3L9WB85IB0Y5O,R15PHQG6E08SRK,RGAGJH8NCQG57,R1I4MAFYK4CVTO,RVP0VF5HL82LG,R2P3J8JNKDB1SK,RD9IPXKRI6ZDY",229,1123,3.7205240174672487,21,0.0688836104513064,1,0,0.039180765805877114,0.5458515283842795,0.45414847161572053,0,1123,4.0,1,4.0,0.0,1123.0,0.0,0.0,0.0,0.0,0
B0B6F98KJJ,"R13UTIA6KOF6QV,R2UGDZSGFF01K7,RHHIZ45VYU5X6,R14N9HBE5EIUY0,R2WMW096T9Y0OU,R1SHIIE6M72825,R22P6BE9DBME4F,R2TEINENXTIHT2",179,994,4.446927374301676,15,0.08,0,0,0.05030181086519115,0.6089385474860335,0.39106145251396646,0,994,4.2,1,4.2,0.0,994.0,0.0,0.0,0.0,0.0,0
B07JNVF678,"R3JCOBHM1JXUQ0,R24Q3GIRGESSP7,R3ST56H0XWNVV2,R31NFMTNJIPKMQ,R1K6D5I67P8INJ,R3HKP0S37A375D,R23BXIK2NYRZJ6,R2EP7R64E7CH21",204,1091,4.171568627450981,16,0.0399529964747356,2,0,0.03391384051329056,0.5392156862745098,0.46078431372549017,0,1091,4.2,1,4.2,0.0,1091.0,0.0,0.0,0.0,0.0,0
B09QGZFBPM,"RGNARUOE22V1A,R5KYEFZM5496A,R38R0ACYQPV9HZ,R17M1JPCDUNH21,R1H9QE5M69Z3VS,R249MO4XBSOM0Q,R2BI8BOVC79W95,R1V5XKRZ49DQK3",155,890,4.606451612903226,14,0.03375527426160337,0,0,0.04269662921348315,0.5935483870967742,0.4064516129032258,0,890,4.3,1,4.3,0.0,890.0,0.0,0.0,0.0,0.0,0
B07JGDB5M1,"R3HXWT0LRP0NMF,R2AJM3LFTLZHFO,R6AQJGUP6P86,R1KD19VHEDV0OR,R3C02RMYQMK6FC,R39GQRVBUZBWGY,R2K9EDOE15QIRJ,R3OI7YT648TL8I",103,608,4.766990291262136,11,0.07337526205450734,0,0,0.0756578947368421,0.6407766990291263,0.3592233009708738,0,608,4.2,1,4.2,0.0,608.0,0.0,0.0,0.0,0.0,0
B0981XSZJ7,"R2JXNH8KUWRZK5,R31JIXX5TZG1TQ,R2JSYRN50OK76N,R1D64K0KL2EG2Y,RJ2YNRIIONHOT,R38E1BUBY9DNVR,R2QV17ZAFB5D2E,RP16EV0JDQBKX",192,1046,4.307291666666667,18,0.04374240583232078,1,0,0.045889101338432124,0.5729166666666666,0.4270833333333333,0,1046,4.3,1,4.3,0.0,1046.0,0.0,0.0,0.0,0.0,0
B0B9XLX8VR,"R2G4T57OLXDVPL,R3IQ8PWVTWENBY,RH6UHEBP622FT,R3RHA159FH0SOQ",512,2760,4.28515625,37,0.04395604395604396,3,3,0.02644927536231884,0.521484375,0.478515625,0,2760,4.3,1,4.3,0.0,2760.0,0.0,0.0,0.0,0.0,0
B08Y5KXR6Z,"R7S8ANNSDPR40,R3CLZFLHVJU26P,RFF7U7MPQFUGR,R1MV1NKC23DWPI,R11D3U0V2XKDKF,R18MP1KLUE18PC,RWGJNVEH5ZQME,R1XN72FU6Q37IH",84,473,4.5476190476190474,7,0.09418282548476455,0,0,0.080338266384778,0.5833333333333334,0.4166666666666667,0,473,3.9,1,3.9,0.0,473.0,0.0,0.0,0.0,0.0,0
B09F6VHQXB,"RTFGWAX83AVMH,R20TA215T3VGHG,R16SIFXH9BMQT2,RKSB6RZJD7Y4B,R2455QTVQ8IHGK,R32JWEJRN39EQK,RCQRBHBTG5TBM,R1D0DZR0T2ZNBP",166,933,4.469879518072289,10,0.04582210242587601,0,0,0.03215434083601286,0.6566265060240963,0.3433734939759036,0,933,4.1,1,4.1,0.0,933.0,0.0,0.0,0.0,0.0,0
B0974G5Q2Y,"R1G4I5FLAHM16P,R1DXRMVWV2OVE8,R2BJFG3I9TAZ2P,R35RERUQG5AERU,RQVMA35UH4D2P,R2WKO9Y6VGUOOP,R1NECHJ8DC9INS,RDDDU5N0JHZS7",184,1033,4.521739130434782,16,0.06674907292954264,1,0,0.031945788964181994,0.6902173913043478,0.30978260869565216,0,1033,4.3,1,4.3,0.0,1033.0,0.0,0.0,0.0,0.0,0
B09YL9SN9B,"R2CS3O3RBOMTFP,R3H2SARN5OCYSA,R17IJUZWVYY9UP,R2BKMSGC49JIFQ,R3LM25KZJYPW7K,R3FXNMZ5WCRVBB,RQAJZR3HP1BF8,R1W0S8Y1MEZEOL",411,2213,4.172749391727494,56,0.07206670637284097,3,0,0.042476276547672845,0.46472019464720193,0.5352798053527981,1,2213,4.3,1,4.3,0.0,2213.0,0.0,0.0,0.0,0.0,0
B09RX1FK54,"RMEKYV7XWTWKV,R1PYVXH6MGUQLU,R3FUT08S34HBHW,R2X57Q7030Q9DG,REPXGC5R2LG85,R399JBQZ8JKDKC,R1N2RQSGT02EZJ,R1NGVE16U4ZUIR",505,2636,4.140594059405941,21,0.026328620185275476,3,0,0.024279210925644917,0.43366336633663366,0.5663366336633663,0,2636,4.1,1,4.1,0.0,2636.0,0.0,0.0,0.0,0.0,0
B09TT6BFDX,"R175A66P22YRW5,R1UO8F94EK9479,R10MKW1UG3KEPV,R1LK4Q221ZFEZJ,RIDD37MLHUPMC,R3PMLB832O0JFF,R2MQKPT7ABOBFJ,R26NZETS68YSC5",68,367,4.220588235294118,9,0.08896797153024912,0,0,0.08174386920980926,0.5588235294117647,0.4411764705882353,0,367,4.5,1,4.5,0.0,367.0,0.0,0.0,0.0,0.0,0
B09KH58JZR,"R306AVQBBWQ1YE,R2QUKWK9SVJK5Y,R1DC9LG4LVK25,R2AUE6YKA26YXZ,R390FSCLMOWBPU,R2HMOFBLHZ3014,R1U4128PGOJW3J,R1LB6DVEJPMA1Q",276,1484,4.271739130434782,25,0.05465414175918019,0,0,0.04380053908355795,0.5543478260869565,0.44565217391304346,1,1484,4.1,1,4.1,0.0,1484.0,0.0,0.0,0.0,0.0,0
B09DDCQFMT,"R2OMPDR9UR512Z,R17E6HA16QAPSB,R1WWYE6UETR0U5,RTK0O34YU9CJW,R1TLCKD66VSYHG,RVSKWY5IP3JQB,R3R6UOU1IUUI8Z,RBHGRXXSWSZY0",138,776,4.507246376811594,16,0.05203252032520325,0,0,0.05154639175257732,0.6811594202898551,0.3188405797101449,0,776,3.6,1,3.6,0.0,776.0,0.0,0.0,0.0,0.0,0
B08RP2L2NL,"R1B1J4358749FT,R1BF5SS2AD8WCT,R3M2ZIVIR8KIFB,R4FCBHSKL92PJ,R2XO77R7XKY30O,RS96LTGI8BWQ7,RKYSZQWYQIFBV,R284MA5RVLO6CF",161,879,4.366459627329193,10,0.03561253561253561,0,0,0.03526734926052332,0.546583850931677,0.453416149068323,0,879,3.5,1,3.5,0.0,879.0,0.0,0.0,0.0,0.0,0
B0B4G2MWSB,"RZJR37WFGXR9B,R39X6O18GM16TM,R18ZQ09EKVWZ9R,R3NHUC9S00KIR8,R30ZSNYE78E0O2,R2LVRBREQ4EFDM,R1UJ8BCYXWICT8,R34RH86MGL4HFB",291,1540,4.158075601374571,30,0.08137583892617449,0,0,0.04285714285714286,0.5223367697594502,0.47766323024054985,0,1540,4.0,1,4.0,0.0,1540.0,0.0,0.0,0.0,0.0,0
B0B21C4BMX,"R15R4BV0MI9SH1,R3L67FMAFHYG6H,R1GR1N3BCB3VVZ,R1E0GBU7BQ6CSV,R28IGDF71QMQZO,R3NFH3J30CCSO9,R3VCM9XQOZO7IX,RD2MZ0Y1MQGF2",164,891,4.317073170731708,15,0.028530670470756064,0,0,0.04152637485970819,0.6280487804878049,0.3719512195121951,0,891,3.8,1,3.8,0.0,891.0,0.0,0.0,0.0,0.0,0
B084MZXJNK,"R23AXPPZ5G7J6Q,R2U7YYESQ3433I,RMUJQEHAD3JV3,R1SFABVO7E4KZO,R2DFBJB0TJUK4H,R1A0YQ72E7P6KT,R3AXDDTW3B5UGJ,R3F3ZASCS3C7S3",119,690,4.680672268907563,5,0.05454545454545454,0,0,0.03768115942028986,0.6302521008403361,0.3697478991596639,2,690,4.4,1,4.4,0.0,690.0,0.0,0.0,0.0,0.0,0
B0BHZCNC4P,"R2RC9IQ0X5NHFU,ROE0YIUOFNATH,R1UUDX7FZOB74Y,R3HADV1CIZ9873,R3AD7NBWNZ4BF6,R2SFOHTIKJWFAA,R1NXPLBQC25OFZ,R1SNHI5TU1ORFH",116,659,4.603448275862069,12,0.05961538461538462,0,0,0.06676783004552352,0.6206896551724138,0.3793103448275862,1,659,3.7,1,3.7,0.0,659.0,0.0,0.0,0.0,0.0,0
B0B16KD737,"R6H0LMQOYOUPR,RNP5KTHVIELH4,RQSOPFFP2W9UH,R28G1GQ4YWOYOX,R1ASISF519P4CO,R3VF5DEKULWSKF,RLQPU8GARVD9A,R5A7COKUGSUIQ",150,812,4.273333333333333,10,0.040625,2,0,0.04310344827586207,0.64,0.36,1,812,4.3,1,4.3,0.0,812.0,0.0,0.0,0.0,0.0,0
B099K9ZX65,"R1Z33CAT0B5EQM,R38KPAP35GXYOK,R26YGSNK20I13P,R2LRI9HDQ8EDA4,R1GGE338ZSBHFP,R195Z8O5JXM9OY,R11CX4EPU303P9,R27JZDVM9VS7Y5",713,3781,4.193548387096774,36,0.05496392992098935,0,0,0.03253107643480561,0.48667601683029454,0.5133239831697055,0,3781,4.1,1,4.1,0.0,3781.0,0.0,0.0,0.0,0.0,0
B08Y55LPBF,"R3CR9H6ABJ4Q4O,R2S5VBYYN51ELA,R1U0718A15KBBU,R9YRKNJ667H1E,RAWMG4UI4CZD3,R877Y6K5MW32G,RC458V57ETXDN,R2VOHT3T6361C5",274,1359,3.8394160583941606,24,0.06570048309178744,0,0,0.03899926416482708,0.5072992700729927,0.4927007299270073,0,1359,4.2,1,4.2,0.0,1359.0,0.0,0.0,0.0,0.0,0
B015OW3M1W,"R1O6L77S7X03S7,R2714TT5OK4DYJ,R2DVBD9OKCAEB5,R1TDHOL1G54W34,R1PL89R0J82DJV,R3JN6JLZWEUALK,R1G925OR87GNKK,R2K0I7QPBWG1D",242,1243,3.9917355371900825,23,0.05827263267429761,2,0,0.04102976669348351,0.5206611570247934,0.4793388429752066,1,1243,4.1,1,4.1,0.0,1243.0,0.0,0.0,0.0,0.0,0
B01D5H8ZI8,"R9PTPIYPJWRIL,R8LD3TIJ6NJ6U,R1T72BEQOOS87D,R1WE2LG38IKMZL,R8K3FFKBEQUL8,REYYFWWGQT2H1,R2HU2LG1GPCLZ8,R2FQGWWXRQC54V",336,1784,4.214285714285714,20,0.047042052744119746,0,0,0.02858744394618834,0.5208333333333334,0.4791666666666667,1,1784,4.3,1,4.3,0.0,1784.0,0.0,0.0,0.0,0.0,0
B09X1M3DHX,"R148TZG032T23O,R3NNEPKX2Y3RFA,R28AX5SR6R1EGR,R2CWMUCMP4HSPD,R1NMPVJYSJ118G,R1RPVBVR6TBTIP,RAZHKBDIIJ0NH,R248RAUMOHV8PU",111,610,4.342342342342342,16,0.09207708779443255,0,0,0.08032786885245902,0.5495495495495496,0.45045045045045046,0,610,4.2,1,4.2,0.0,610.0,0.0,0.0,0.0,0.0,0
B09MM6P76N,"R13ILSZ9UIVWZM,R3U8Q4IBUKCLZV,R3350GX4GSKBOU,R22N3TMJEOR2L9,RFGESZVO4TD3R,RBWH0KVFX695F,R19SVOH9M0O5AZ,R81UJPCPDBR41",298,1604,4.285234899328859,21,0.04818325434439179,4,0,0.03678304239401496,0.5503355704697986,0.44966442953020136,1,1604,4.2,1,4.2,0.0,1604.0,0.0,0.0,0.0,0.0,1
B01D5H8LDM,"R1G81NIXTA4Q20,RZWZCWS5OSBP1,R2W1MPYI9H8S4T,R3MNP5J7S2T1YC,R9I0QZ1U8YU92,R226UNRVT8C1UE,R7A4EU8NKCTXI,R3KLYYUBC7THAD",128,697,4.265625,11,0.17472118959107807,4,0,0.058823529411764705,0.6875,0.3125,0,697,4.4,1,4.4,0.0,697.0,0.0,0.0,0.0,0.0,1
B0B1YY6JJL,"R1EBS3566VCSCG,R24MB66WRPSN2A,R25UU2M1B9BO5X,R1NXW7PGVND2LE,R3OSBPH7X9AQUK,R2I8RVEPDM0IMQ,R5RES2LABIW7Q,R3A3IRV8ZWP1U9",900,5120,4.417777777777777,75,0.04973221117061974,0,0,0.055859375,0.45444444444444443,0.5455555555555556,1,5120,4.3,1,4.3,0.0,5120.0,0.0,0.0,0.0,0.0,0
B09QGZM8QB,"RGNARUOE22V1A,R5KYEFZM5496A,R38R0ACYQPV9HZ,R17M1JPCDUNH21,R1H9QE5M69Z3VS,R249MO4XBSOM0Q,R2BI8BOVC79W95,R1V5XKRZ49DQK3",155,890,4.606451612903226,14,0.03375527426160337,0,0,0.04269662921348315,0.5935483870967742,0.4064516129032258,0,890,4.3,1,4.3,0.0,890.0,0.0,0.0,0.0,0.0,0
B08L4SBJRY,"R375X8JYM7319I,RJ5U2OT67JPML,R1CENO6ESG485Z,RBKGVCEB3S8C2,R2ISR7TBORKI9B,R33BQQEDDFKSME,R2CEQPEZJ0VDR2,RX593R5637QHH",243,1281,4.1440329218107,19,0.03383084577114428,0,0,0.0351288056206089,0.5596707818930041,0.4403292181069959,1,1281,4.0,1,4.0,0.0,1281.0,0.0,0.0,0.0,0.0,0
B09X79PP8F,"R3HWZS22FT40ZO,R2AEYDZRIEO82E,R8M1T6I3PDMWQ,R2KCCRTIUFD9WT,R2M9YHXLQ6FXFA,R159MVF48WN5LH,R1OZ6VY8C0AKZB,RARR0KXLZMJXS",116,647,4.474137931034483,5,0.038834951456310676,0,0,0.030911901081916538,0.6379310344827587,0.3620689655172414,0,647,3.9,1,3.9,0.0,647.0,0.0,0.0,0.0,0.0,0
B082T6GVG9,"RLWAYTZH1YOFR,R3IOG04KDBKXTQ,R35LSY4BN61KLY,R2G97CU5VMMLET,R221NM5M3SY0PW,R112AEM8D2X3S7,R3VM7P3773KRV,R3VUA0WWCNQK33",75,414,4.426666666666667,6,0.07076923076923076,0,0,0.07246376811594203,0.7333333333333333,0.26666666666666666,1,414,4.2,1,4.2,0.0,414.0,0.0,0.0,0.0,0.0,0
B0B3XY5YT4,"RC3ZLDRM8GA9T,RMDN4PSDM8SKK,R1YFAMDJ7P0SY3,R2WX7G1LIQSEBM,R2L4UCJ30902KF,R2MCXM8TACTRFL,R1KFS9LDEOT49N,R29FE7S1YAMO8N",300,1603,4.323333333333333,11,0.030983733539891558,0,0,0.018714909544603867,0.5433333333333333,0.45666666666666667,1,1603,4.3,1,4.3,0.0,1603.0,0.0,0.0,0.0,0.0,0
B0B4HKH19N,"R1Q323BB35OP30,RJ0CSQUUWFF9W,R23OB4XMH3S9QD,R1K5FQR6CYMQAV,R3QMD6JDUGQUCI,R1R5LTMWOXI38M,R241G3F07D3OBH,R1O7BQ61DXRVWW",142,753,4.26056338028169,7,0.043993231810490696,0,0,0.04780876494023904,0.5985915492957746,0.4014084507042254,0,753,3.9,1,3.9,0.0,753.0,0.0,0.0,0.0,0.0,0
B08TGG316Z,"R1482M3Z6TF62M,RX9ISCNT5KUMA,RY1MX82BJD2VD",78,429,4.371794871794871,11,0.08955223880597014,2,0,0.037296037296037296,0.8076923076923077,0.19230769230769232,3,429,4.6,1,4.6,0.0,429.0,0.0,0.0,0.0,0.0,0
B071VMP1Z4,"R17PVKPPX1FJYC,R34PJA3123VAT3,R1AYZQXNSM6U7F,RAWHBOZFQG4DA,R20LZMIZSXKAM8,RK1BO9M1S8VSI,R1XYZODV57P3LI,R12NL8VVWSST6Q",139,790,4.597122302158273,13,0.06103286384976526,0,0,0.0379746835443038,0.6115107913669064,0.38848920863309355,0,790,3.9,1,3.9,0.0,790.0,0.0,0.0,0.0,0.0,0
B071SDRGWL,"R1G4I5FLAHM16P,R1DXRMVWV2OVE8,R2BJFG3I9TAZ2P,R35RERUQG5AERU,RQVMA35UH4D2P,R2WKO9Y6VGUOOP,R1NECHJ8DC9INS,RDDDU5N0JHZS7",184,1033,4.521739130434782,16,0.06674907292954264,1,0,0.031945788964181994,0.6902173913043478,0.30978260869565216,0,1033,4.3,1,4.3,0.0,1033.0,0.0,0.0,0.0,0.0,0
B08PSQRW2T,"R1PCC1YKW3I4G8,RCUHBFP4RIAI5,RXEJH230ZKTRM,RNK57EYURB9DH,R1M9VDE36VD2MJ,R3988PMMU5999P,R3W4H9QPAJXJYC,R23GFTM9C7YEJE",222,1199,4.315315315315315,15,0.039832285115303984,2,0,0.030859049207673062,0.5855855855855856,0.4144144144144144,2,1199,4.1,1,4.1,0.0,1199.0,0.0,0.0,0.0,0.0,0
B0859M539M,"R2GUL8IL005EGF,R3NZCVYJBN0CPD,RHUJOS46Q51UG,R1ZW4PQHUECROJ,R7F86XL2S6MY,R1JRRVOFWQAC4C,R2WZHK2E301YV,R10J01VHCKFB42",658,3434,4.132218844984802,43,0.04297022238974746,0,0,0.02766453115899825,0.425531914893617,0.574468085106383,2,3434,4.4,1,4.4,0.0,3434.0,0.0,0.0,0.0,0.0,1
B08RX8G496,"RSFPLEMO7DSOR,RG7SBYTNG42XA,ROR2RQZ4G72JO,R12GZJTCB7VJLS,R1ZTKPOECNMEUH,RMHVA60P9USYS,R2OPSVKIKSE44G,R20KWTHWBPSFVT",259,1416,4.362934362934363,22,0.03914590747330961,0,0,0.031073446327683617,0.5057915057915058,0.4942084942084942,0,1416,3.2,1,3.2,0.0,1416.0,0.0,0.0,0.0,0.0,0
B002SZEOLG,"R1LW6NWSVTVZ2H,R3VR5WFKUS15C5,R2F6GC79OYWUKQ,R3QZ19MECGWG9A,R2MPU42MYK7GPO,R33DVXFB4VYPZZ,R1SQ7OGFR4JRUR,R1S5F9QI0M1VBZ",749,4269,4.493991989319092,40,0.04505857614899369,0,0,0.03279456547200749,0.4606141522029373,0.5393858477970628,0,4269,4.2,1,4.2,0.0,4269.0,0.0,0.0,0.0,0.0,0
B08CS3BT4L,"R51BP5RJHSCM8,R1FLMETFTLS1GQ,RMT5PSCPJISQD,R1NAS02DEDJ7WL,RH13U02O9OE8A,R1T820289T9SW4,R2QJOMXODW8ALB,RJE8U42OVIJFV",651,3546,4.374807987711214,35,0.043325114476928495,3,0,0.023970671178793007,0.4715821812596006,0.5284178187403994,0,3546,4.2,1,4.2,0.0,3546.0,0.0,0.0,0.0,0.0,0
B00RFWNJMC,"R2RV2M8NMHN3R6,R39R9NAW42YGZ7,R1P3SC4CEA50V1,R3KY61SBMDJ6HG,R1BGEH7KGHJ9CN,RDTNEEMI8KLO0,RMYMTG7HATYTR,R39FEOFYNQ8VY",77,390,3.9740259740259742,4,0.10784313725490197,1,0,0.05384615384615385,0.6883116883116883,0.3116883116883117,0,390,3.7,1,3.7,0.0,390.0,0.0,0.0,0.0,0.0,0
B082T6GXS5,"R2C462047AF3K7,R1ZW56KYUKB2QU,RV9D590OVPKU7,R1PYZJZNO9WTLJ,R13082370PJO1Z,R24A2AS5G62W6G,RBIB6RYE55F7,R30XR6S4XC243Y",168,918,4.3273809523809526,16,0.1173974540311174,0,0,0.05773420479302832,0.6190476190476191,0.38095238095238093,0,918,4.5,1,4.5,0.0,918.0,0.0,0.0,0.0,0.0,0
B09CMQRQM6,"R3IUYQZ1BP7QPB,R3RCM1DK0EBGWB,R34I2C57PM5OA3,R50BAXXBZWYIE,R3FJLW84WDDV2Y,R37IQ5X53ZJC0B,R2V5FI682BEH55,R12NKL4CWR1GAZ",268,1426,4.231343283582089,17,0.03932082216264522,0,0,0.0273492286115007,0.5,0.5,0,1426,4.2,1,4.2,0.0,1426.0,0.0,0.0,0.0,0.0,0
B005LJQMCK,"R25CCWBNTJMZVE,R1NKFA299UAXBR,R3FYCFR2T0C040,R21EIT3GVFN61A,R17JA5KOPU083U,RCMJ655HJBITT,RBZWY4WBYKKI1,R29ETP784D2XVE",153,843,4.431372549019608,16,0.15015015015015015,0,0,0.03914590747330961,0.6470588235294118,0.35294117647058826,0,843,4.2,1,4.2,0.0,843.0,0.0,0.0,0.0,0.0,0
B09C6H53KH,"R10G3GXLZIE38O,R806LMS8MHN8Y,R10XDKD7Z4R4WL,R1WTLGHP5CFLH,R1JU8Q6B3XA8CB,R3VN34M1FH4YAZ,R11NPIORD8W3HB,RHOJTWXKPNHNT",238,1268,4.19327731092437,23,0.05623721881390593,6,0,0.04022082018927445,0.6050420168067226,0.3949579831932773,0,1268,4.2,1,4.2,0.0,1268.0,0.0,0.0,0.0,0.0,0
B0BB3CBFBM,"RG3VFGY4HM38X,R957RND66RVWX,R1YR2TZI534FFY,R3V2ZQIOIWA0PL,R38QJJVHQYT7R3,RA3AN81AVMPTR,R3DH79YH44AXOV,R3G3ZGNRSQXXLA",345,1841,4.211594202898551,23,0.0786908077994429,0,0,0.026072786529060293,0.5681159420289855,0.4318840579710145,0,1841,4.1,1,4.1,0.0,1841.0,0.0,0.0,0.0,0.0,0
B08QSDKFGQ,"R2S0AYWUV349HP,R35OW9CYQNAYHY,R3B3DDF1D5NULK,R3LZQDRMNS5CZO,RUGI31F4HDHOV,R24GFJRFT12S6S,R231AEG1IO02JM,RD31MI3UMAXP8",135,708,4.0814814814814815,17,0.06398537477148081,1,0,0.05649717514124294,0.6074074074074074,0.3925925925925926,0,708,4.3,1,4.3,0.0,708.0,0.0,0.0,0.0,0.0,0
B08PV1X771,"R1SN0D4DFBKAZI,R1SX5L77L2CD6V,R1NAZ6M4QBUJMK,R25I5FXOJA76KS,R32V7DQLDSKJ99,R8QWY8HXI120P,R2OZPGGMUCLSC1,R1G4SA1P865EIS",145,792,4.324137931034483,10,0.051118210862619806,0,1,0.03787878787878788,0.5379310344827586,0.46206896551724136,0,792,4.3,1,4.3,0.0,792.0,0.0,0.0,0.0,0.0,0
B07YTNKVJQ,"R2X090D1YHACKR,R32ZCIH9AFNJ60,R3N57EVVG0EHAF,R3QWLE8JHROKC1,R2VTSDOOUTSQ5X,R3E6FZ75Q074KH,R1SYBQLTPFCW20,RYQT96J8HPIXE",181,988,4.298342541436464,22,0.05665349143610013,0,0,0.043522267206477734,0.5027624309392266,0.4972375690607735,0,988,4.3,1,4.3,0.0,988.0,0.0,0.0,0.0,0.0,0
B0117H7GZ6,"RS38MZA2FG7HF,R16MYN6NAOIILL,R2ZFTAZ2P1OHB1,R1EBMHE2BXR1ZF,R2Z9OI179SYEC3,R1QYUQNHKB4A2N,R1DEIU4ZMKS7RY,R191UM8SYHWUQ1",739,4169,4.426251691474966,68,0.3599497013517762,0,0,0.048452866394818904,0.4614343707713126,0.5385656292286874,0,4169,3.4,1,3.4,0.0,4169.0,0.0,0.0,0.0,0.0,0
B09XJ1LM7R,R38OAD16RVS9D4,16,78,3.875,1,0.0,0,0,0.01282051282051282,0.9375,0.0625,0,78,4.3,1,4.3,0.0,78.0,0.0,0.0,0.0,0.0,0
B084N133Y7,"R23AXPPZ5G7J6Q,R2U7YYESQ3433I,RMUJQEHAD3JV3,R1SFABVO7E4KZO,R2DFBJB0TJUK4H,R1A0YQ72E7P6KT,R3AXDDTW3B5UGJ,R3F3ZASCS3C7S3",119,690,4.680672268907563,5,0.05454545454545454,0,0,0.03768115942028986,0.6302521008403361,0.3697478991596639,2,690,4.4,1,4.4,0.0,690.0,0.0,0.0,0.0,0.0,0
B088Z1YWBC,"R1IW58DJL28MGC,R217BN4TULUANU,R1AYCAKEY7OB6E,RBZIBERM0VQSN,R2ZY2SYWQPC3U9,RL3T9B6IF35TF,R3OK8B33J8NWV4,R17CVFA9I53GML",1870,9780,4.096256684491979,106,0.16818602193156296,14,1,0.03374233128834356,0.3524064171122995,0.6475935828877005,1,9780,3.9,1,3.9,0.0,9780.0,0.0,0.0,0.0,0.0,1
B07VSG5SXZ,"R1YDBBZUKFOLJH,RN5RKOAR1MQZ7,R6GGJIECET8VX,R1VV21T3X0IM3E,R3VTU271LEFDVB,R39DMANE2FNG24,R14HS6TRQLTVE5",146,779,4.239726027397261,8,0.04817275747508306,0,0,0.03080872913992298,0.5821917808219178,0.4178082191780822,1,779,4.1,1,4.1,0.0,779.0,0.0,0.0,0.0,0.0,0
B08RWCZ6SY,"RX043807PIUYL,R2Y6E9RL4GT9RI,R3I4LP5SLS20FW,RG0TXUBVZEKZD,R3BZ3JNNCQY871,R1GLNKHFKXA0CK,R16MGSPZZXR9Y6,R3H37CXE15EIR1",131,736,4.541984732824427,10,0.03529411764705882,0,0,0.03940217391304348,0.5419847328244275,0.4580152671755725,0,736,3.9,1,3.9,0.0,736.0,0.0,0.0,0.0,0.0,0
B07KSB1MLX,"R14Q2PBO5QNTZQ,R1V7IZD8XNZ208,R2AZWSJDR22HBI,RZZ48A786H79G,R10LP9ZFPAKSTQ,R1E0D9EUXYTD6P,R162GP63JEAKXQ,RBEZGG735KAU4",292,1696,4.7534246575342465,14,0.060583941605839416,0,0,0.02122641509433962,0.6095890410958904,0.3904109589041096,0,1696,4.0,1,4.0,0.0,1696.0,0.0,0.0,0.0,0.0,0
B081FG1QYX,"R3CGMQSB9H564N,RG5V69YDA5TLP,R18ESJU4TI0EGY,R140SU5IGEW7FF,R1H9W7ECR79TX2,RIAQUZT21P6N1,RFIJDX0AGS6ZR,R2Q20EL3OJ81U2",573,3088,4.301919720767888,39,0.03906581740976645,0,0,0.05310880829015544,0.45898778359511344,0.5410122164048866,0,3088,4.3,1,4.3,0.0,3088.0,0.0,0.0,0.0,0.0,0
B08R69WBN7,"R2VUNGNI96EEJ7,R2JGNI2T5LVFRQ,R9ISXRV6DA0OY,RZFW11UFTCBVH,R1WGHB13Q2OLYA,R11ETJ640KDIRW,R2IA54QBAYAGND,R23Y3AD6E6GE9N",173,935,4.294797687861272,19,0.028688524590163935,2,0,0.038502673796791446,0.6647398843930635,0.3352601156069364,0,935,4.0,1,4.0,0.0,935.0,0.0,0.0,0.0,0.0,0
B0B3RHX6B6,"R1YMUWEBTRFUJL,R33UQYGSTZZE1L,ROX9I533DCL1L,R2NSO7Q4PUDJGQ,R124UMGYOOTQZ1,R22SJ0GAI8LZDE,R34Q7V1IOZELM0,R60A0C43OOMRA",96,523,4.375,5,0.045563549160671464,0,0,0.040152963671128104,0.6458333333333334,0.3541666666666667,0,523,3.9,1,3.9,0.0,523.0,0.0,0.0,0.0,0.0,0
B084N18QZY,"RUU9CCQBQ59IY,RX8T7QUKKQ55A,RK3CT1IZJNZOT,RKQN29JW7LMHS,R1IJSUBZFGYZ3J,R1YL4JGE8C96OO,RZFN7UIGV6HRX,R1KXQ01LUEJWGE",253,1396,4.4229249011857705,18,0.03967538322813345,0,0,0.04083094555873926,0.5454545454545454,0.45454545454545453,1,1396,4.5,1,4.5,0.0,1396.0,0.0,0.0,0.0,0.0,0
B081NHWT6Z,"RMWWVT8FORZQU,R1UFG84I7N9718,RBUHQYPP4PK87,RDELRZF6J9JBU,R2Z87EX8J8LDLZ,R1NQ7H9M8N8EVK,R31KHWPY0W4RI9,R1Q4TKNZ1AO3CT",148,837,4.472972972972973,13,0.0529500756429652,0,0,0.05137395459976105,0.5743243243243243,0.42567567567567566,0,837,3.9,1,3.9,0.0,837.0,0.0,0.0,0.0,0.0,0
B07JPJJZ2H,"R3JCOBHM1JXUQ0,R24Q3GIRGESSP7,R3ST56H0XWNVV2,R31NFMTNJIPKMQ,R1K6D5I67P8INJ,R3HKP0S37A375D,R23BXIK2NYRZJ6,R2EP7R64E7CH21",204,1091,4.171568627450981,16,0.0399529964747356,2,0,0.03391384051329056,0.5392156862745098,0.46078431372549017,0,1091,4.2,1,4.2,0.0,1091.0,0.0,0.0,0.0,0.0,0
B09JKNF147,"RHS375RK0RRAQ,R2OLOBJVH48MQN,RL1RO7M4UDHQ3,R1KWLMO9CERVVU,R388XN4X4H2PXE,RADPOOEFMJQBU,R1D5KHBDG240AT,R1EZ4UBKOJYKKC",98,563,4.683673469387755,8,0.07964601769911504,0,0,0.04440497335701599,0.6938775510204082,0.30612244897959184,1,563,4.0,1,4.0,0.0,563.0,0.0,0.0,0.0,0.0,0
B0B9959XF3,"R19Q6OQ19PWL5K,RXWY3WK7QVN25,R10S2P5H6YODNY,R2ILGDHXO6XX4K,R2TWCN72P6DU1Y,ROTBOX5J8LVNW,R4PXSKQEZNJGO,R2DDR8ZR4YXV8M",484,2573,4.194214876033058,33,0.03427719821162444,0,0,0.02681694520015546,0.4628099173553719,0.5371900826446281,1,2573,4.3,1,4.3,0.0,2573.0,0.0,0.0,0.0,0.0,0
B09PNR6F8Q,"RK4CS8ATPVMJ2,R3NEW792RTB2MX,R19EPBUZLA6R67,R21UXOOY9893V9,R1AZ0421422RJO,RUKWFWPEE3FCG,R35UQJTBQPXBQ6,RAUSXWSL8XXU6",111,592,4.288288288288288,5,0.05042016806722689,0,0,0.037162162162162164,0.6756756756756757,0.32432432432432434,0,592,4.0,1,4.0,0.0,592.0,0.0,0.0,0.0,0.0,0
B07M69276N,"R3WPIQCSIWIMK,R1ANFA2SPBTDL,R2P816U6PY0U3Y,R28AU62UTEENY,R2YH785B1MQJI2,R2LM3S536I6Z7M,R1FCXDQ5IID48F,R3FTMVP0OKIYMY",344,1712,3.9069767441860463,20,0.04216867469879518,1,0,0.02570093457943925,0.45930232558139533,0.5406976744186046,2,1712,4.4,1,4.4,0.0,1712.0,0.0,0.0,0.0,0.0,0
B0B1YZ9CB8,"R1EBS3566VCSCG,R24MB66WRPSN2A,R25UU2M1B9BO5X,R1NXW7PGVND2LE,R3OSBPH7X9AQUK,R2I8RVEPDM0IMQ,R5RES2LABIW7Q,R3A3IRV8ZWP1U9",900,5120,4.417777777777777,75,0.04973221117061974,0,0,0.055859375,0.45444444444444443,0.5455555555555556,1,5120,4.3,1,4.3,0.0,5120.0,0.0,0.0,0.0,0.0,0
B09YLYB9PB,"R8QBCR9MM1LGY,R3VN8XDH215N7I,R341EQRY87EZP,R3HHTVIHY2U1FO,RNA87JCGRTQJU,RZ12R7OYYP0KX,R2GZZ3WYE0JJYA,RHE3HXKSONROE",87,487,4.367816091954023,10,0.08423913043478261,2,0,0.061601642710472276,0.5172413793103449,0.4827586206896552,0,487,4.0,1,4.0,0.0,487.0,0.0,0.0,0.0,0.0,0
B08CTNJ985,"R1LNA5SHXIW7IM,RGCS38FNYUI9H,R2WOUJZTB4QW94,R3RWH85AAMCDDX,R3GRJEKOICA3B1,RST6G0XZXY8O3,R24V8P9TKOO83N,R1AT2O4Q8I5DEY",260,1395,4.292307692307692,18,0.05510388437217705,0,0,0.02795698924731183,0.49230769230769234,0.5076923076923077,0,1395,4.3,1,4.3,0.0,1395.0,0.0,0.0,0.0,0.0,0
B0BP7XLX48,"R1L2JNO4Y3BHYF,R2346F22YLZ9IG,R3A4GAQTCPE5U7,R2ATN54F3RWETQ,RGINUSORDHO9N",61,354,4.672131147540983,6,0.039285714285714285,0,0,0.03954802259887006,0.5901639344262295,0.4098360655737705,0,354,5.0,1,5.0,0.0,354.0,0.0,0.0,0.0,0.0,0
B09LHXNZLR,"R3U57AW0L6O5C6,R3FCLH5G7XVDU4,R39PNKDT86WK5V,RINNKP59LVQ2F,R2NMOPMWX8DV8,R2ZFSEQ2HU3CY1,RHS9HYJMJGCAN,R1SN2CUL4M8ZMG",114,645,4.43859649122807,12,0.0744466800804829,0,1,0.06046511627906977,0.6491228070175439,0.3508771929824561,0,645,3.7,1,3.7,0.0,645.0,0.0,0.0,0.0,0.0,0
B0B3N8VG24,"R3F4T5TRYPTMIG,R3DQIEC603E7AY,R1O4Z15FD40PV5,RDVX50PD4CTFE,R3H6WKG0TA5CGU,R3Q3L1KP5QWPV3,RU0LU2PAIIME,R20FTANBPFA653",135,685,3.9555555555555557,17,0.09266409266409266,0,0,0.07007299270072993,0.5925925925925926,0.4074074074074074,0,685,4.0,1,4.0,0.0,685.0,0.0,0.0,0.0,0.0,0
B08PSVBB2X,"R1PCC1YKW3I4G8,RCUHBFP4RIAI5,RXEJH230ZKTRM,RNK57EYURB9DH,R1M9VDE36VD2MJ,R3988PMMU5999P,R3W4H9QPAJXJYC,R23GFTM9C7YEJE",222,1199,4.315315315315315,15,0.039832285115303984,2,0,0.030859049207673062,0.5855855855855856,0.4144144144144144,2,1199,4.1,1,4.1,0.0,1199.0,0.0,0.0,0.0,0.0,0
B0B3MQXNFB,"R3F4T5TRYPTMIG,R3DQIEC603E7AY,R1O4Z15FD40PV5,RDVX50PD4CTFE,R3H6WKG0TA5CGU,R3Q3L1KP5QWPV3,RU0LU2PAIIME,R20FTANBPFA653",131,661,3.9236641221374047,17,0.08300395256916997,0,0,0.06505295007564296,0.5877862595419847,0.4122137404580153,0,661,4.0,1,4.0,0.0,661.0,0.0,0.0,0.0,0.0,0
B08XMSKKMM,"R19HSC60H637CV,RAJ9NOUFV1DOY,R3UVDDIPCFBZMK,R1LQLK7CAVMIWT,R122YI86MCVKBA,R2Y4A89LGC1W8,R48118BKXJTKZ,R83MIUSADRAJZ",229,1254,4.384279475982533,15,0.07592407592407592,1,0,0.03508771929824561,0.5414847161572053,0.4585152838427948,0,1254,3.3,1,3.3,0.0,1254.0,0.0,0.0,0.0,0.0,0
B09L8DT7D6,"R2KTG5VU8MVNEC,R3RN7ISB50U4FU,R2X5AXRM450ZG6,R2GQRTFL155XI7,R1EUIL016YP3DX,R10OJHKOU9XFU1,RYLINO7NGDMUI,RINUCCBLHOP73",97,526,4.319587628865979,6,0.05250596658711217,0,0,0.049429657794676805,0.5567010309278351,0.44329896907216493,0,526,3.8,1,3.8,0.0,526.0,0.0,0.0,0.0,0.0,0
B00GE55L22,"R1Y4ORK41SINB2,R1DEEK0SEY9KIW,R775RLGKXA7Q2,R1TH605MW6JF29,R2YDUZ60H7T4FV,R1R5N0IDIGA9IS,R363W0SG39I6Q6,R3B5WOO3V8JJ4F",119,600,3.9327731092436973,7,0.0670995670995671,0,0,0.051666666666666666,0.6134453781512605,0.3865546218487395,2,600,4.1,1,4.1,0.0,600.0,0.0,0.0,0.0,0.0,0
B0162K34H2,"R239FYUEOVD16B,R1LTT7I3WIEJOM,R1RVGK0UX9CXVV,RRKJ8FMQW12HS,R23NICBEXCSAO3,R1UQW9R4RDH3P8,RNWY4IN06HR5S,R7BSCX0SA1OQ9",173,924,4.2485549132947975,12,0.043596730245231606,0,0,0.032467532467532464,0.5895953757225434,0.41040462427745666,0,924,4.1,1,4.1,0.0,924.0,0.0,0.0,0.0,0.0,0
B0B8SRZ5SV,"R213ILI3XNVHQ0,R1LZN1V8UCR9IU,R1EBFTZINSJ0LG,R3BKR3VZ1U81LW,R5OJ20F8H5T8U,R1FKQR9LSBVLH2,R3R8UN7IQY7EIT,R2WBDNEW6HCVSH",217,1227,4.557603686635945,13,0.03242147922998987,1,0,0.02526487367563162,0.5714285714285714,0.42857142857142855,0,1227,4.4,1,4.4,0.0,1227.0,0.0,0.0,0.0,0.0,0
B07CWNJLPC,"R2BUNT9GM6PUP1,R2Q5VBGDJQHT1E,R1CICFI88LJ1JV,RVYACTR72CHW1,R2XM5RGIHDDR05,RJZUZ9HFCXQSD,R16G8AJOJIMF8H,R10M9KZFIDFMAD",194,1010,4.092783505154639,16,0.053231939163498096,0,0,0.03762376237623762,0.5773195876288659,0.422680412371134,0,1010,4.3,1,4.3,0.0,1010.0,0.0,0.0,0.0,0.0,0
B00NH12R1O,"R2155066OFZ3WE,R3W47CO2GVMAVC,R1MZ1L3RMRV8LO,R3NWHW7PI02GUJ,RNYLV1SZDEPLA,RAXNC3YTW25AS,R3UJT1TH1470HU,R10W1YYH1W8HQ1",91,497,4.384615384615385,11,0.08163265306122448,0,0,0.05030181086519115,0.6703296703296703,0.32967032967032966,2,497,4.3,1,4.3,0.0,497.0,0.0,0.0,0.0,0.0,0
B0B8SSC5D9,"R213ILI3XNVHQ0,R1LZN1V8UCR9IU,R1EBFTZINSJ0LG,R3BKR3VZ1U81LW,R5OJ20F8H5T8U,R1FKQR9LSBVLH2,R3R8UN7IQY7EIT,R2WBDNEW6HCVSH",217,1227,4.557603686635945,13,0.03242147922998987,1,0,0.02526487367563162,0.5714285714285714,0.42857142857142855,0,1227,4.4,1,4.4,0.0,1227.0,0.0,0.0,0.0,0.0,0
B08WKG2MWT,"RGNARUOE22V1A,R5KYEFZM5496A,R38R0ACYQPV9HZ,R17M1JPCDUNH21,R1H9QE5M69Z3VS,R249MO4XBSOM0Q,R2BI8BOVC79W95,R1V5XKRZ49DQK3",155,890,4.606451612903226,14,0.03375527426160337,0,0,0.04269662921348315,0.5935483870967742,0.4064516129032258,0,890,4.3,1,4.3,0.0,890.0,0.0,0.0,0.0,0.0,0
B0B466C3G4,"RXZP61J92DA6M,RUXK9STZWSV93,R34PAL55K2YM9U,R1LZ27Y25RX1VL,R2C4N2ZWWBBNEY,RKBS5BN6STD7C,R3FDJRYC776MZR,R1DT640UVVDQCJ",239,1331,4.447698744769874,14,0.05730659025787966,2,0,0.030803906836964687,0.502092050209205,0.497907949790795,0,1331,3.9,1,3.9,0.0,1331.0,0.0,0.0,0.0,0.0,0
B005LJQMZC,"R25CCWBNTJMZVE,R1NKFA299UAXBR,R3FYCFR2T0C040,R21EIT3GVFN61A,R17JA5KOPU083U,RCMJ655HJBITT,RBZWY4WBYKKI1,R29ETP784D2XVE",153,843,4.431372549019608,16,0.15015015015015015,0,0,0.03914590747330961,0.6470588235294118,0.35294117647058826,0,843,4.2,1,4.2,0.0,843.0,0.0,0.0,0.0,0.0,0
B07MDRGHWQ,"RFZ1X95QMXWFZ,R1P8SL54VCWSMQ,RSWY4LT0L7TCL,R2GEJ1MJF28QVM,R2K5NT5XE6LM6T,R26BYG85S4SSVY,R3HB3IY6922TUM,R3A3CEQUX9QMFE",472,2470,4.129237288135593,31,0.051941238195173135,1,1,0.03603238866396761,0.5190677966101694,0.4809322033898305,1,2470,4.2,1,4.2,0.0,2470.0,0.0,0.0,0.0,0.0,0
B07DC4RZPY,"R35VPRJY5B5Z2G,R2YMIH3T7VWAY1,R3UEQM867K8BUH,R239G66Z5L5FC8,R1FP5V2LZY38TZ,REDXMJ8ACPK8Z,R3B40N9BGXNDWH,R37SJ49QGGACBN",77,443,4.701298701298701,5,0.061452513966480445,0,0,0.04288939051918736,0.7792207792207793,0.22077922077922077,1,443,4.1,1,4.1,0.0,443.0,0.0,0.0,0.0,0.0,0
B0B15GSPQW,"R3RUBB6REUGTT,R281851EB9L5G6,R4ATJJVUY9JO6,R18455FQDOCS3H,RLZ80A5MC1F5G,R2DYRNTDPPD8A5,R3IFT4P8VHQGL3,R1DSJOGV3DFZK2",921,4934,4.204125950054289,55,0.06159132963256675,0,0,0.04438589379813539,0.44842562432138977,0.5515743756786102,1,4934,4.3,1,4.3,0.0,4934.0,0.0,0.0,0.0,0.0,1
B08GJNM9N7,"R3C1N7WDNPKXMU,R13QZ3G3Z2NKZW,RYCABKJLDMHG2,R2AMKG0A1IR98W,R1GIHFG8L6RSW2,R3I3FTSTI3YBTA,RJTM1AE1IP9JL,R3G3MJTILP63AK",87,461,4.114942528735632,7,0.08659217877094973,0,0,0.06073752711496746,0.5172413793103449,0.4827586206896552,0,461,3.7,1,3.7,0.0,461.0,0.0,0.0,0.0,0.0,0
B09C6FML9B,"R3H60TG402OZD8,R2CJE6HW5IT8NP,R15OCQTCIZTAM2,R189FSK478PCLU,R3CG5XECVMORBQ,RGT4RR0V5DWT3,R20NRWZ90XNLVG,R28JW2A6JPGERW",139,804,4.633093525179856,10,0.0328125,0,0,0.04228855721393035,0.6187050359712231,0.381294964028777,1,804,4.1,1,4.1,0.0,804.0,0.0,0.0,0.0,0.0,0
B0B65MJ45G,"R2NO4JULWOQQ5N,R1RJ8AHYBK38PD,R3PU1G9HCGIUHP,R15GKRKHWQUWZ2,R39UZTTR3JREOM,R2BQX0C2NBBJEX,R24WP5GTU5ZFG5,R18BPTXYIORQ2D",97,551,4.577319587628866,7,0.04861111111111111,0,0,0.043557168784029036,0.7525773195876289,0.24742268041237114,0,551,3.9,1,3.9,0.0,551.0,0.0,0.0,0.0,0.0,0
B08P9RYPLR,"R3F4T5TRYPTMIG,R3DQIEC603E7AY,R1O4Z15FD40PV5,RDVX50PD4CTFE,R3H6WKG0TA5CGU,R3Q3L1KP5QWPV3,RU0LU2PAIIME,R20FTANBPFA653",131,661,3.9236641221374047,17,0.08300395256916997,0,0,0.06505295007564296,0.5877862595419847,0.4122137404580153,0,661,4.0,1,4.0,0.0,661.0,0.0,0.0,0.0,0.0,0
B0B6F8HHR6,"R13UTIA6KOF6QV,R2UGDZSGFF01K7,RHHIZ45VYU5X6,R14N9HBE5EIUY0,R2WMW096T9Y0OU,R1SHIIE6M72825,R22P6BE9DBME4F,R2TEINENXTIHT2",179,994,4.446927374301676,15,0.08,0,0,0.05030181086519115,0.6089385474860335,0.39106145251396646,0,994,4.2,1,4.2,0.0,994.0,0.0,0.0,0.0,0.0,0
B084MZXJN6,"R1CYG59TJESUGN,R2PIWJZ3LJ0NBY,R17UGMBKG3DWY5,R3QBLT1NI01FGR,RE3G53JY62RU4,R1AOJATXAKRAZG,R20GD0WE2KXSVM,R20VE3E3KEIW0K",169,957,4.579881656804734,12,0.045454545454545456,0,0,0.030303030303030304,0.6272189349112426,0.3727810650887574,1,957,4.4,1,4.4,0.0,957.0,0.0,0.0,0.0,0.0,0
B08XMG618K,"R1XOLM25PDOJSP,R2WR96LDJRZQXL,R371DWJKXPJFFL,R12YIJ3OV5GIBY,R8U2QMRFNCD7Y,R3E7OKC86ZL6QN,R1W0BCUHO313HC,R1F825IH6SWCFF",64,360,4.546875,2,0.05154639175257732,0,0,0.058333333333333334,0.640625,0.359375,0,360,4.1,1,4.1,0.0,360.0,0.0,0.0,0.0,0.0,0
B0BCKWZ884,"RMC18YA95OV3J,R1Q2CQ1NAM4TCN,R82P639AU9R6Z,R2D6A4CJSX81YP,RXZJVNNH9UTO7,R2YQLYQBK2TJXI,R14QI012PHPXKI,R7F0OBTD3SPH3",124,767,4.935483870967742,13,0.03934426229508197,0,0,0.048239895697522815,0.5403225806451613,0.4596774193548387,1,767,4.3,1,4.3,0.0,767.0,0.0,0.0,0.0,0.0,0
B00GGGOYEK,"R7CW64V48YJHE,R185CPLU005RPS,R2R70NKW75DZAS,R35JH5KY58ZD3J,R2FP9LR97EC5QQ,R1O1AW1X4YELU8,R2SQF9ZS59MZZ3,R12CEDLFCKZMHZ",91,486,4.318681318681318,5,0.04834605597964377,0,0,0.03909465020576132,0.6043956043956044,0.3956043956043956,0,486,3.8,1,3.8,0.0,486.0,0.0,0.0,0.0,0.0,0
B07ZR4S1G4,"RN7RYZ9MBIC42,R2N4UBCVLGVVTW,R2E80AM1QM7WZ3,R2R0FUSHO159UF,R1XLVF86V89I0C,RZUSCY8LR0F4K",143,811,4.426573426573427,12,0.05229793977812995,0,0,0.04438964241676942,0.6923076923076923,0.3076923076923077,1,811,4.4,1,4.4,0.0,811.0,0.0,0.0,0.0,0.0,0
B09C635BMM,"R1PO9JZJI1SP0V,RFURJKL6POOC5,RBHSTO6P5WKLZ,R1TAJ9HUYXKRQY,RQ1YIKCGI9IPB,R3CP5PO9W7VMQK,R23KLGKME9RK9T,R29BRGAUN8KQJN",247,1335,4.323886639676114,14,0.03932584269662921,2,0,0.027715355805243445,0.5222672064777328,0.4777327935222672,0,1335,4.0,1,4.0,0.0,1335.0,0.0,0.0,0.0,0.0,0
B00GG59HU2,"RJQS7P8SU8IWQ,R1UGY1AUWR3H1S,REGWIUI7EJ0IS,RIOXEFPBH3GVJ,RUMYIU0ZZG3K,RGCN4QA7Y5QFL,R3KVIR3Y8WBEXP,R3R7EC2HWX3X1Z",86,466,4.313953488372093,1,0.12129380053908356,0,0,0.0407725321888412,0.5581395348837209,0.4418604651162791,0,466,4.4,1,4.4,0.0,466.0,0.0,0.0,0.0,0.0,0
B00RGLI0ZS,"R19ER862292N5Q,R21RA48Q90YTS4,R1XDQKBJ04AVJP,R2IZBKO6011QXE,R1D7K5GBWOXM3R,ROWQXDKTB82ZR,R18XNHDAT5U193,R1QOW7Y2I3X8LQ",269,1413,4.171003717472119,20,0.04308797127468582,0,0,0.03043170559094126,0.5018587360594795,0.49814126394052044,0,1413,4.0,1,4.0,0.0,1413.0,0.0,0.0,0.0,0.0,0
B09ZPJT8B2,"R32DF3HCO27053,R11DLOHUC77VHV,R36X1KA9QU05FD,R2HEFVEAZ8AIWT,RR0KMPBLVAMVA,RPYDN6B28I73B,RK6SO6RSVNLFQ,R3HP7I1OD5DNW4",99,502,4.0,11,0.0873015873015873,0,0,0.08764940239043825,0.5454545454545454,0.45454545454545453,0,502,4.2,1,4.2,0.0,502.0,0.0,0.0,0.0,0.0,0
B07HZ2QCGR,"R3RLXT74FJNH0M,R2DKEWKEV812QE,RV83FJKABN7I9,R907U5NEBJ1YF,R2AYNKOODU7SLG,R7214V7D90EN3,R3CHENLYCMAW08,R2KP7SQ4MX7F48",1277,7126,4.21221613155834,117,0.043420300895067605,1,0,0.07690148751052484,0.21221613155833985,0.7877838684416602,0,7126,3.9,1,3.9,0.0,7126.0,0.0,0.0,0.0,0.0,0
B095244Q22,"RJ4G2WPEDZFK9,R26UEGFQE0CAHX,RS9X8J9FRZLXD,R3LX92PW7T1NM4,RE584E1HHMEB6,RKHB971WSLXO5,R2DQH059GA5LFM,R35JVF8Z4K6TFP",155,845,4.348387096774194,13,0.03571428571428571,0,0,0.0378698224852071,0.6064516129032258,0.3935483870967742,1,845,3.7,1,3.7,0.0,845.0,0.0,0.0,0.0,0.0,0
B08CKW1KH9,"R23VU14H85GINN,RD8Y8FJWLK3XY,RU5K3FZ0CXHM7,R17Q98YONHJWHJ,R3TFFDWEHT3NTP,R2OSACKU5SYG47,RWWWFTZ9CN3TK,R10A14SK3WPO23",128,706,4.3984375,10,0.04129263913824058,0,0,0.042492917847025496,0.6328125,0.3671875,0,706,3.6,1,3.6,0.0,706.0,0.0,0.0,0.0,0.0,0
B0BLV1GNLN,"R37T34KL73SH6C,R3AUYKWLDXI3RJ,R3T0E4YGGLI4VL,R1J0Q9G0ZOG6PA,R2S29MR12K8IO9,R6M5JQDR2XO6E,R3I5Y7XOJAZIPZ,R3PLZEPY4BHWX",160,919,4.48125,18,0.02824858757062147,13,0,0.05767138193688792,0.66875,0.33125,0,919,4.0,1,4.0,0.0,919.0,0.0,0.0,0.0,0.0,0
B08RHPDNVV,"R1NJ3CZKH3NT4T,R2OBDZG9GNKOYX,RHU5ZL65TEJAD,RY1WB55L5EA2V,RQ93EWXEO7QN8,R3CDY2Z4FRV14A,RZ5IVVOT5LORO,R3OMWY6WL6XFF1",176,891,4.0,8,0.05698005698005698,0,0,0.03591470258136925,0.48295454545454547,0.5170454545454546,1,891,3.5,1,3.5,0.0,891.0,0.0,0.0,0.0,0.0,0
B00NH13Q8W,"R1C8MVU3EIX56Y,R10RUXC7JD5S4I,R1AFBZ5PYTHO1Z,R3GQL7YKAFJMEN,R3B6H5JPG134KN,RUG04XHXRXK95,R2Q1OYOIJI5673,RJX2WGB0X99SY",247,1360,4.368421052631579,21,0.06747891283973759,0,2,0.04264705882352941,0.562753036437247,0.43724696356275305,0,1360,4.5,1,4.5,0.0,1360.0,0.0,0.0,0.0,0.0,0
B0B8SSZ76F,"R1HU969QEMB97J,RJ2PP06G0YUWC,RUS257RE8HM73,R1ZY5HA6LYGSK9,R3CP1YVTRBNS5T,R1X5N0V34Q3ZMA,R45K5XEROLCRK,R37BJY9SQYRX82",351,1873,4.247863247863248,25,0.030405405405405407,2,0,0.02829684997330486,0.46153846153846156,0.5384615384615384,0,1873,4.2,1,4.2,0.0,1873.0,0.0,0.0,0.0,0.0,0
B0841KQR1Z,"R1H0YNK5FI6IM9,RRVOLO108F914,R18D45T6ZYK9SS,R9IGOHDBCYFME,R5MA8UQ3PF9SN,RXY4DQWAVYWF6,R3M7PQLBYULEGY,R3PI3E0VLZY2C3",116,592,3.8189655172413794,13,0.047619047619047616,0,0,0.0472972972972973,0.6379310344827587,0.3620689655172414,0,592,3.8,1,3.8,0.0,592.0,0.0,0.0,0.0,0.0,0
B0B467CCB9,"R1CENZ33411CCP,R1GSPMTXEMBLHP,RNICXWCGHEGNR,RXG29ZHDAZJ1Q,RO5SV6PIRUVQH,R2OCF75VV6W3GT,R1LCV30N6RKEEM,R1GQGOJ2RHOS26",48,285,4.895833333333333,1,0.06382978723404255,0,0,0.04912280701754386,0.75,0.25,0,285,3.8,1,3.8,0.0,285.0,0.0,0.0,0.0,0.0,0
B095JQVC7N,"R2PF9QV9JEQO9K,R2NEN86P63G4ES,R302B7X6H0GIC0,R3H9O8F9LUY5N9,R1RGSA8QU78640,R2B3DRF8V2A9QI,R1KF9HPUVJTM0I,R3OCQ19TZWHSN5",629,3341,4.209856915739269,50,0.03380714560122935,3,0,0.030230469919185873,0.465818759936407,0.534181240063593,0,3341,4.1,1,4.1,0.0,3341.0,0.0,0.0,0.0,0.0,0
B08PPHFXG3,"R3H7ECG65NHSIZ,R33XIKQ7ZXFK0M,R14YWOUBGKOP9M,R3QI3EV1PDEDJT,RYRUD4M0M77U6,R32JNJANRO8KLT,RAJ3HLMLW5246,R3AOKWB5DJUZIT",103,544,4.12621359223301,13,0.04245283018867924,0,0,0.0625,0.6310679611650486,0.36893203883495146,2,544,4.3,1,4.3,0.0,544.0,0.0,0.0,0.0,0.0,0
B06XR9PR5X,"R1PU0LE5YRKY3Y,R2L5EHOA77MWQP,R1GOM8MCTLY767,R2DNNWQ9ROEWKT,RCZ2A2MM0MX3N,R33P4PO6NUBWHY,R2NWBZA1YTJSG5,R3HWZSNDCB8EQM",102,562,4.431372549019608,8,0.09534368070953436,0,0,0.04092526690391459,0.5686274509803921,0.43137254901960786,0,562,4.4,1,4.4,0.0,562.0,0.0,0.0,0.0,0.0,0
B09JSW16QD,"R2BSJW1NHF0ZF2,R3CAZGSJ16RU2X,R222GCN4UA2IL5,R29YB9SHNRANAH,R1CLB7L1MCFLZ5,R1JYZM5JZE1ZCZ,R2VODN64HRU6XL,R15PFT9ZSOZ1T5",150,813,4.34,5,0.04489164086687306,1,0,0.02952029520295203,0.6266666666666667,0.37333333333333335,0,813,3.9,1,3.9,0.0,813.0,0.0,0.0,0.0,0.0,0
B07JH1CBGW,"R3HXWT0LRP0NMF,R2AJM3LFTLZHFO,R6AQJGUP6P86,R1KD19VHEDV0OR,R3C02RMYQMK6FC,R39GQRVBUZBWGY,R2K9EDOE15QIRJ,R3OI7YT648TL8I",99,584,4.757575757575758,11,0.06236559139784946,0,0,0.0702054794520548,0.6363636363636364,0.36363636363636365,0,584,4.2,1,4.2,0.0,584.0,0.0,0.0,0.0,0.0,0
B09127FZCK,"R1SGO9WPFCHYNN,R1RRH5FRHDD5BO,RFXQZHQJTAHZ0,R3EVQJSY23T8P1,R22WRBGK72Y12Z,R1BJGSXI1QZJ1E,RY57UJXJ6PFU9,RLGRM2EQJBC20",133,722,4.323308270676692,13,0.05673758865248227,0,1,0.045706371191135735,0.6691729323308271,0.3308270676691729,1,722,3.8,1,3.8,0.0,722.0,0.0,0.0,0.0,0.0,0
B083GQGT3Z,"R2CR72CAK85YA7,R1J7T1CF1601BH,R3IGDXE5UAOW8I,R13C8HGBSHKCE1,R2Y7FN8MCS4PT,R3ERLO7QTMAD3L,R3IEBGTGGSPM9N,R37YEXEGR87GSQ",285,1528,4.277192982456141,19,0.0347682119205298,0,0,0.0274869109947644,0.543859649122807,0.45614035087719296,0,1528,4.1,1,4.1,0.0,1528.0,0.0,0.0,0.0,0.0,0
B09Q8WQ5QJ,"RCXJF5CVRLCI4,R3V788MKGR7BT6,R26TE9PP1AORV7,R3B3S0D5B6B0T9,R2EO7OYSWLOBAW,R3L2IIFA8XR9G3,R3DHIYEVFB2Y64,R2G2OFHFR3409U",472,2555,4.319915254237288,31,0.04825870646766169,0,0,0.026614481409001956,0.510593220338983,0.4894067796610169,0,2555,4.1,1,4.1,0.0,2555.0,0.0,0.0,0.0,0.0,0
B07YZG8PPY,"R1HC3ZLVI3VC2L,RROY3V4G9AN02,R3DVFUQOK3JXZ7,R3H49JV0196DEP,RE4IGG1ZTRBVF,RFTSM34EH66WL,R3TT1JXUXT8ZR1,R5PQ3LYZAIGIZ",298,1681,4.577181208053691,23,0.044676098287416234,0,0,0.030339083878643664,0.5671140939597316,0.43288590604026844,0,1681,4.3,1,4.3,0.0,1681.0,0.0,0.0,0.0,0.0,0
B09H39KTTB,"R344C7U6JUIR8M,R1H13BW2E325NO,R1LB6DCH3CVZ4M,R1CZD6C0CHJ2A9,R1Z01G5G30GIQ3,R1VMGF3IL5KE9D,RT44HXN50X2AN,R3E4TI9911D1M6",103,599,4.504854368932039,11,0.05387931034482758,1,0,0.07679465776293823,0.6407766990291263,0.3592233009708738,0,599,3.7,1,3.7,0.0,599.0,0.0,0.0,0.0,0.0,0
B08DCVRW98,"R2U46UVD4IRLY7,RCZUJPVI3RK1S,R3LXC8533HTPVS,R34H8D7WJ570X3,R71E1FO9JA0SZ,R2EQ2SIE31EKP,R181JO933138UE,R16SAN9HROV4HS",140,804,4.642857142857143,8,0.03869969040247678,2,0,0.03482587064676617,0.6214285714285714,0.37857142857142856,1,804,4.0,1,4.0,0.0,804.0,0.0,0.0,0.0,0.0,0
B0718ZN31Q,"R26Z0O4978YU47,R13WAXAKPL2LIZ,RSOGJ8FAFL4E5,R3NS94CP1XBFL,R2GCTRSIEHHNXA,R2JI8EH2TR7BDR,RC9CBGOS4Y0ZA,R30MFJXWFH5IPS",89,492,4.438202247191011,6,0.04846938775510204,0,0,0.0508130081300813,0.7415730337078652,0.25842696629213485,1,492,4.2,1,4.2,0.0,492.0,0.0,0.0,0.0,0.0,0
B0162LYSFS,"R39DB3OJGB156P,R3SS4A3ZPHNIS3,R35PA44HZ71501,R8FCL3C8MXBOU,R1KKVZ2RMAQXRO,R1RGEWDBRHHG1G,R31DZYVAC4G3AB,R2XB4D0L7GYIJM",66,379,4.651515151515151,4,0.05901639344262295,1,0,0.052770448548812667,0.7121212121212122,0.2878787878787879,1,379,4.1,1,4.1,0.0,379.0,0.0,0.0,0.0,0.0,0
B07PFJ5VQD,"R2UZOF31IYEDYC,RA80Q7ZKXPY2Z,R2WAC57HUYHRL4,R2865Q514C2RZ7,R3CEPSJRDFFOBW,R312ZA2IHXIXXF,R1S0L7740D7M8W,R2D0IWLH03TPH7",126,705,4.404761904761905,18,0.07606679035250463,0,0,0.07659574468085106,0.7222222222222222,0.2777777777777778,0,705,4.3,1,4.3,0.0,705.0,0.0,0.0,0.0,0.0,0
B01J8S6X2I,"R8KWWR9D7Z8ZP,R1K9VOKVDAH1FT,R3VA611ERW9TJ2,RURQQWP8I8XS4,R19O55T880XD8U,R3CHHGYZD5QMGM,RHKJASTLGEF14,R1CD68IZMR4O62",355,1944,4.32112676056338,27,0.0847343644922663,1,0,0.03909465020576132,0.5577464788732395,0.4422535211267606,0,1944,4.4,1,4.4,0.0,1944.0,0.0,0.0,0.0,0.0,0
B09MJ77786,"R19JWR6NN6DMRW,R3NNMZRL819Q5I,R27MVISBFA27B0,R26UM4M5FX7MOX,R3OS23S4DLG4RW,R6CTY16XAGKZ3,R3GTDALXXTDMU4,R1YPRPCDNAPQGM",254,1379,4.346456692913386,11,0.03941338221814849,0,0,0.024655547498187092,0.547244094488189,0.452755905511811,1,1379,4.3,1,4.3,0.0,1379.0,0.0,0.0,0.0,0.0,0
B09NNGHG22,"R2XFHXT7SOGU38,R18IKG6HRO7KHV,RL2GYO9N48DA1,R1GE4SBKIMYD21,R28HO0PSXETDRY,RSOK1DI5JASHZ,R74OCT3MJO4BX,R2Z3IYVCJ69HJ",248,1390,4.459677419354839,24,0.0283363802559415,1,0,0.04316546762589928,0.6370967741935484,0.3629032258064516,0,1390,4.3,1,4.3,0.0,1390.0,0.0,0.0,0.0,0.0,0
B07V5YF4ND,"RDCJBFGUBZWFJ,R3F0Y39XWNLO8Z,R38S8FL4YF9JD0,R1MCQ2MLQ7C4DU,RMVTEJJSA64Y1,R35XHV3UC3PEXZ,R2MQ9H1NKP4BDO,R2HOVLX6WT4I6J",79,452,4.6455696202531644,4,0.05994550408719346,0,0,0.0420353982300885,0.6835443037974683,0.31645569620253167,0,452,3.5,1,3.5,0.0,452.0,0.0,0.0,0.0,0.0,0
B0B65P827P,"R2NO4JULWOQQ5N,R1RJ8AHYBK38PD,R3PU1G9HCGIUHP,R15GKRKHWQUWZ2,R39UZTTR3JREOM,R2BQX0C2NBBJEX,R24WP5GTU5ZFG5,R18BPTXYIORQ2D",97,551,4.577319587628866,7,0.04861111111111111,0,0,0.043557168784029036,0.7525773195876289,0.24742268041237114,0,551,3.9,1,3.9,0.0,551.0,0.0,0.0,0.0,0.0,0
B084MZYBTV,"RJX93LCK9FMRS,R14T5CARLGB2KJ,R31ADVYIHSBKCJ,RJ2RFRYTSYWQ6,R1NT2YXBX91W6Z,R1CN84T7CDAFE,RIZF30TNXEI0C,R3MOOJUBKCJ0VR",163,864,4.177914110429448,15,0.04277286135693215,2,0,0.04050925925925926,0.6196319018404908,0.3803680981595092,1,864,4.5,1,4.5,0.0,864.0,0.0,0.0,0.0,0.0,0
B097ZQTDVZ,"R16NWYD2LYHNFJ,R2Y32IVRENIANJ,R3BBJ9AXA1ZOSC,RD5EMW1UBYKX6,R3NFOY58N9GMK5,RLWBE1NALLDFQ,R3IO7HFD3TGRO1,R4NCD2RDWQWZ0",240,1293,4.229166666666667,16,0.04667328699106256,0,0,0.04331013147718484,0.5208333333333334,0.4791666666666667,1,1293,3.4,1,3.4,0.0,1293.0,0.0,0.0,0.0,0.0,0
B0B5F3YZY4,"RWKQG2WMXYN20,R3S53R4I0ZE364,R2VB4D1AFFZK9Y,R2GUTP55B1ZKUM,R2UNJAOWGLCURY,R2WJ1F3SRK5MZ8,R21F459NA4RRVJ,R3CR68E62EC8M3",330,1919,4.706060606060606,22,0.025806451612903226,3,0,0.0286607608129234,0.5393939393939394,0.46060606060606063,0,1919,4.0,1,4.0,0.0,1919.0,0.0,0.0,0.0,0.0,0
B09G5TSGXV,"R10KIZHSVBEP0U,R1DEOWB5K6A6Z2,R2GD8H370XJ574,R3L2R2YXGR6W4L,R2KKPS8UXC42G,RM2YVJE73LH91,R2IUG2Z4CXK0CC,RC6J6VCOUGA5C",156,832,4.2756410256410255,10,0.045317220543806644,0,0,0.03125,0.6538461538461539,0.34615384615384615,0,832,4.0,1,4.0,0.0,832.0,0.0,0.0,0.0,0.0,0
B006LW0WDQ,"R10L0LUK0SEJPL,R2EGC3B1JJ6BTS,R35W8V6ZATZ2S,RPN411MPADDQD,RE3HSY12L9YBG,R2UXIGD46L4151,R1LJNC0Q9BR7UW,R2Z93X38SWW7IL",399,2188,4.370927318295739,28,0.047619047619047616,2,0,0.03153564899451554,0.49122807017543857,0.5087719298245614,0,2188,4.4,1,4.4,0.0,2188.0,0.0,0.0,0.0,0.0,0
B09YLX91QR,"R8QBCR9MM1LGY,R3VN8XDH215N7I,R341EQRY87EZP,R3HHTVIHY2U1FO,RNA87JCGRTQJU,RZ12R7OYYP0KX,R2GZZ3WYE0JJYA,RHE3HXKSONROE",87,487,4.367816091954023,10,0.08423913043478261,2,0,0.061601642710472276,0.5172413793103449,0.4827586206896552,0,487,4.0,1,4.0,0.0,487.0,0.0,0.0,0.0,0.0,0
B081FJWN52,"R3CGMQSB9H564N,RG5V69YDA5TLP,R18ESJU4TI0EGY,R140SU5IGEW7FF,R1H9W7ECR79TX2,RIAQUZT21P6N1,RFIJDX0AGS6ZR,R2Q20EL3OJ81U2",573,3088,4.301919720767888,39,0.03906581740976645,0,0,0.05310880829015544,0.45898778359511344,0.5410122164048866,0,3088,4.3,1,4.3,0.0,3088.0,0.0,0.0,0.0,0.0,0
B0758F7KK7,"R3FOUBGTV1VUHP,R1O6LVSV52T4PJ,REU3XX3MNVWX9,R11PYCGN6PGQL9,R1XBA7N59GDUL8,R29QNQJHONGFEU,R2N7R1NZIKS9F5,R2J48N34WBDDGZ",227,1135,3.894273127753304,16,0.04838709677419355,0,0,0.03700440528634361,0.5330396475770925,0.4669603524229075,0,1135,4.0,1,4.0,0.0,1135.0,0.0,0.0,0.0,0.0,0
B09L835C3V,"RCI40FPILZN2J,R33GJM990WL2D,R2IZDWTSBD3OJD,R18JSUF6RUDBJK,R3IYD10K0ODOFQ,R1V2IV4QBCAWUG,R92Z4OC4KIRC5,R2HY1V6QTTUTAQ",130,748,4.6923076923076925,9,0.039473684210526314,0,0,0.03208556149732621,0.6307692307692307,0.36923076923076925,0,748,4.2,1,4.2,0.0,748.0,0.0,0.0,0.0,0.0,0
B098TV3L96,"R2LH0W21RI2HB3,R2NTYGKM6R1PXH,R2TR5PF6IUMOXH,R3MX15QTIQ0BXG,ROKY7UXCNAYLZ,R3JWZ3QRTVLQ14,R7MVBDVHW7FGJ,R1BGEUL7PDFQ3",135,714,4.222222222222222,7,0.04448398576512456,0,0,0.036414565826330535,0.5185185185185185,0.48148148148148145,0,714,3.8,1,3.8,0.0,714.0,0.0,0.0,0.0,0.0,0
B08NCKT9FG,"R23CC5VDSVR49B,R1AWZE3731748T,R388KOR9TWPX5H,R2PLH1UHYDQWFA,R1B7Q58I1P83OY,R1C13PY8A3WUC5,RTEAGC48PIYAU,R2E0N8Q0ZQM9N9",127,666,4.102362204724409,8,0.046511627906976744,6,0,0.04504504504504504,0.6377952755905512,0.36220472440944884,0,666,4.4,1,4.4,0.0,666.0,0.0,0.0,0.0,0.0,0
B0B4T6MR8N,"R1Q323BB35OP30,RJ0CSQUUWFF9W,R23OB4XMH3S9QD,R1K5FQR6CYMQAV,R3QMD6JDUGQUCI,R1R5LTMWOXI38M,R241G3F07D3OBH,R1O7BQ61DXRVWW",142,753,4.26056338028169,7,0.043993231810490696,0,0,0.04780876494023904,0.5985915492957746,0.4014084507042254,0,753,3.9,1,3.9,0.0,753.0,0.0,0.0,0.0,0.0,0
B01GGKZ4NU,"R37S13YALMRPGK,R2OU2YTGFEMJHE,R25SDG11W8EAU9,R2W38EQOY97N87,R2U8MOGE4JDKBF,R2CN3CX7SGEWDK,RX74XLMFH35PD,R1B861YJE8YL2B",152,804,4.197368421052632,11,0.050393700787401574,0,0,0.036069651741293535,0.5789473684210527,0.42105263157894735,0,804,4.2,1,4.2,0.0,804.0,0.0,0.0,0.0,0.0,0
B09BW2GP18,"R1TBHUMR0RV7AZ,R2BN9ZX0H3ZQV2,R2PMUD745GQT3E,RR9I6SN1YILLK,R307WJGWC40TMF,RNVPA6MFR64PA,RL9O5LBT420FW,R1JEUHJMZ3O6MW",137,732,4.262773722627737,6,0.05199306759098787,0,0,0.03961748633879782,0.5912408759124088,0.40875912408759124,1,732,3.9,1,3.9,0.0,732.0,0.0,0.0,0.0,0.0,0
B09WN3SRC7,"R16HCZ0W1TRSMM,R12J7UKQ0FX3O9,R8729SR7LQFUU,R1W7FVZ8OGOZN4,R39U6OQOYKSBJS,REJGTU93MWH8Y,R92QJE5NTZ9V7,R3SZH0PVUBQJ80",665,3631,4.348872180451128,43,0.04236111111111111,1,0,0.023684935279537318,0.45714285714285713,0.5428571428571428,0,3631,4.7,1,4.7,0.0,3631.0,0.0,0.0,0.0,0.0,0
B09B125CFJ,"R3FAPESPH3491Y,R1OD5NFQAXPGR0,RJ4G42V45QKKS,R2IZ8HZT8AOA4W,R2WDDYGKMU51DE,R12WIEV98SWMNB,R2WXBH0GEG4H1Q,R3VORTRB8TWN89",199,1060,4.21608040201005,15,0.056831922611850064,0,0,0.040566037735849055,0.6381909547738693,0.36180904522613067,1,1060,3.6,1,3.6,0.0,1060.0,0.0,0.0,0.0,0.0,0
B09RQRZW2X,"RW9LHUMO78TE2,R2OXFV06J64YNH,R1U3JI1Q9O92SE,R2XM48FX5POEKX,RP9JIO6DPGAL,R2F1YTVX9WS0TS,R2TIBHRS9UKUU1,R2P3JI1EJ9IXM3",120,667,4.333333333333333,11,0.06177606177606178,4,0,0.05697151424287856,0.575,0.425,0,667,3.7,1,3.7,0.0,667.0,0.0,0.0,0.0,0.0,0
B07924P3C5,"R2H4GF8D9IBB7W,RVH0I89DG4CBI,R3SRF1NZK2DCS4,R3A79RNQQ3FM9L,R1QQCCPJOZKCPA,R2THU52GBFKHLS,RKL6OE1GWZ2UL,R2RP7NJVKL2D3B",211,1090,4.075829383886256,16,0.0533175355450237,0,0,0.03211009174311927,0.5781990521327014,0.4218009478672986,0,1090,4.2,1,4.2,0.0,1090.0,0.0,0.0,0.0,0.0,0
B08N1WL9XW,"R3F4T5TRYPTMIG,R3DQIEC603E7AY,R1O4Z15FD40PV5,RDVX50PD4CTFE,R3H6WKG0TA5CGU,R3Q3L1KP5QWPV3,RU0LU2PAIIME,R20FTANBPFA653",135,685,3.9555555555555557,17,0.09266409266409266,0,0,0.07007299270072993,0.5925925925925926,0.4074074074074074,0,685,4.0,1,4.0,0.0,685.0,0.0,0.0,0.0,0.0,0
B07VVXJ2P5,"R27SWYIOUU9JGH,R3CV6G8SG8GVG0,R3FH44SD2VCUCM,R24U6J35ZGRJVD,RXSYAGW0AG5GO,RNRX90QGDJCVW,R25VGDOTPHFDDQ,R3AUZEPO4WZLD3",103,598,4.699029126213592,9,0.04132231404958678,0,0,0.046822742474916385,0.6796116504854369,0.32038834951456313,0,598,3.6,1,3.6,0.0,598.0,0.0,0.0,0.0,0.0,0
B0BC8BQ432,"R2G4T57OLXDVPL,R3IQ8PWVTWENBY,RH6UHEBP622FT,R3RHA159FH0SOQ",512,2760,4.28515625,37,0.04395604395604396,3,3,0.02644927536231884,0.521484375,0.478515625,0,2760,4.3,1,4.3,0.0,2760.0,0.0,0.0,0.0,0.0,0
B06XFTHCNY,"RMD97V7ZXPVBW,R334FL43ACWCPH,R1L5CFYAFEBGQY,RM3DGSI1GEJ08,R26V5SMXYSE953,R22PXYQOJSGDO8,RMV4FW2P0WYMA,R2P66UQNR7EV9H",152,850,4.5,11,0.06461086637298091,0,0,0.03176470588235294,0.5789473684210527,0.42105263157894735,0,850,4.2,1,4.2,0.0,850.0,0.0,0.0,0.0,0.0,0
B08CT62BM1,"R1LNA5SHXIW7IM,RGCS38FNYUI9H,R2WOUJZTB4QW94,R3RWH85AAMCDDX,R3GRJEKOICA3B1,RST6G0XZXY8O3,R24V8P9TKOO83N,R1AT2O4Q8I5DEY",260,1395,4.292307692307692,18,0.05510388437217705,0,0,0.02795698924731183,0.49230769230769234,0.5076923076923077,0,1395,4.3,1,4.3,0.0,1395.0,0.0,0.0,0.0,0.0,0
B07CRL2GY6,"R3EEUZKKK9J36I,R3HJVYCLYOY554,REDECAZ7AMPQC,R1CLH2ULIVG5U3,R2DMKIBGFKBD6R,RC89B5IAJUTR5,R3B3DDON5FH8DS,R13WAEJDI5RS36",112,584,4.196428571428571,4,0.038876889848812095,0,0,0.03424657534246575,0.6696428571428571,0.33035714285714285,0,584,4.2,1,4.2,0.0,584.0,0.0,0.0,0.0,0.0,0
B07DWFX9YS,"R27FPYAT4QN865,R1YXRZNZVOXVNK,R22TFM41T4WQ02,R30MBA23XKW10R,R227WPCV784CRR,RKV5WXDU6KA7K,R3EB85UVVA528V,R2W2UXE7BVRBIH",179,997,4.5083798882681565,8,0.02981366459627329,0,2,0.025075225677031094,0.5977653631284916,0.4022346368715084,1,997,4.2,1,4.2,0.0,997.0,0.0,0.0,0.0,0.0,0
B01D5H90L4,"RJP1JLG2KKDYM,RBF9VE36ZHRYW,RK5XMFM6GJ9ZP,R39LNRL9C8WCMD,R13YBJ0OTSIBZ,R3SDFVG2YU1A0K,R2PZVYUJIMAYM5,R2CXLZ0YOR6NZU",299,1682,4.471571906354515,18,0.06636500754147813,0,0,0.034482758620689655,0.5585284280936454,0.4414715719063545,1,1682,4.4,1,4.4,0.0,1682.0,0.0,0.0,0.0,0.0,0
B07F1P8KNV,"R10365HEDURWI9,R5RP542IMC4OI,RX2HFWXTTQDTS,R2636VYPMOZV9,RW2Z2YM3K8UV5,RVNGA0FEAXYHI,R2K7MABWMAQE26,R33YS4PO3JWU23",201,1127,4.477611940298507,13,0.054748603351955305,1,0,0.03371783496007098,0.5771144278606966,0.4228855721393035,0,1127,4.2,1,4.2,0.0,1127.0,0.0,0.0,0.0,0.0,0
B084N1BM9L,"R1CYG59TJESUGN,R2PIWJZ3LJ0NBY,R17UGMBKG3DWY5,R3QBLT1NI01FGR,RE3G53JY62RU4,R1AOJATXAKRAZG,R20GD0WE2KXSVM,R20VE3E3KEIW0K",169,957,4.579881656804734,12,0.045454545454545456,0,0,0.030303030303030304,0.6272189349112426,0.3727810650887574,1,957,4.4,1,4.4,0.0,957.0,0.0,0.0,0.0,0.0,0
B09F6D21BY,"R1S2PH1JD9B9XB,R3UUKCS12Q0B9X,R16YH8SVJU5W61,R32XCAYQRNE0Q3,R1FQD9T17LXHLF,R17H2I7PYTIEIA,RWEPEYF95XCK9,R14CFFXT17UAJI",130,741,4.623076923076923,5,0.04326123128119801,0,0,0.037786774628879895,0.5461538461538461,0.45384615384615384,1,741,3.0,1,3.0,0.0,741.0,0.0,0.0,0.0,0.0,0
B09LQQYNZQ,"R1PBLR66RA2JLZ,R2Q6NGR94WBB6N,R2DIHIFERXYMB,R3C50JNQ3ZC6R9",313,1660,4.226837060702875,14,0.04048892284186402,0,0,0.02108433734939759,0.5335463258785943,0.46645367412140576,0,1660,4.5,1,4.5,0.0,1660.0,0.0,0.0,0.0,0.0,0
B0BC9BW512,"R1EBS3566VCSCG,R24MB66WRPSN2A,R25UU2M1B9BO5X,R1NXW7PGVND2LE,R3OSBPH7X9AQUK,R2I8RVEPDM0IMQ,R5RES2LABIW7Q,R3A3IRV8ZWP1U9",900,5120,4.417777777777777,75,0.04973221117061974,0,0,0.055859375,0.45444444444444443,0.5455555555555556,1,5120,4.3,1,4.3,0.0,5120.0,0.0,0.0,0.0,0.0,0
B0B61HYR92,"R3ELQTJOXZNXTV,R3GJXEPLJKBJL5,R2U3H4FR5RI757,R2XK6I1NM00NTD,R7YRJ5LC06RF1,R39R4HSMGQW4PR,R1W4Z589RU74EY,RUKK2PZV0ZTGD",82,464,4.475609756097561,7,0.06593406593406594,0,0,0.05172413793103448,0.4268292682926829,0.573170731707317,0,464,4.2,1,4.2,0.0,464.0,0.0,0.0,0.0,0.0,0
B075ZTJ9XR,"R3V4QKSGSKWY6Z,R2YVK4E6L5KZUB,R1CFPUFKST9QUV,RE56NENNOHLIG,R11OLU6PWXKCS1,RWTE4VJZ96QEW,R1RYKPXHJHJ9A4,R2SMCMC92K4AMF",116,680,4.689655172413793,11,0.041121495327102804,6,0,0.058823529411764705,0.6120689655172413,0.3879310344827586,2,680,4.4,1,4.4,0.0,680.0,0.0,0.0,0.0,0.0,1
B0978V2CP6,"R1OK31HXJ4T85Y,R3TVRE3301FSM8,R2BU1GS5HQQY33,R201OWMIXG3WK2,R1M5GUL7S1N7EK,R39AGUAG2FMUR1,R3VX2X08SUPGXI,R1HBDBX7X0PPVY",645,3580,4.4186046511627906,44,0.037363412054987666,0,0,0.0335195530726257,0.4790697674418605,0.5209302325581395,1,3580,4.0,1,4.0,0.0,3580.0,0.0,0.0,0.0,0.0,0
B09LRZYBH1,"R1IFSFNW29TL7R,R92FUN7UWEVOW,R3S0IIYYQMXKF,RP412MHJT3TXO,R25XRX2PFVSE01,R2DAUOO2F29H20,R3477DOFU8L9AH,R344OTWVD49JUP",136,774,4.580882352941177,7,0.048154093097913325,0,0,0.03617571059431524,0.6029411764705882,0.39705882352941174,1,774,3.8,1,3.8,0.0,774.0,0.0,0.0,0.0,0.0,0
B0B997FBZT,"R19Q6OQ19PWL5K,RXWY3WK7QVN25,R10S2P5H6YODNY,R2ILGDHXO6XX4K,R2TWCN72P6DU1Y,ROTBOX5J8LVNW,R4PXSKQEZNJGO,R2DDR8ZR4YXV8M",484,2573,4.194214876033058,33,0.03427719821162444,0,0,0.02681694520015546,0.4628099173553719,0.5371900826446281,1,2573,4.3,1,4.3,0.0,2573.0,0.0,0.0,0.0,0.0,0
B098LCVYPW,"R78BFK5PTL1N8,R23GLC7BOL1YAO,R36HIFX1JD7NM3,R33UMDW7NR862,R3UISEQJ70M7M4,R3K4G3XSX4HVZY,R3RYDW0O1D5PYI,R3B100WGK90YXX",137,762,4.445255474452555,15,0.044407894736842105,0,0,0.03937007874015748,0.49635036496350365,0.5036496350364964,0,762,4.2,1,4.2,0.0,762.0,0.0,0.0,0.0,0.0,0
B09HV71RL1,"R3ROJ6AWGN2UFN,R3160KII7MBSDT,R8ZDM5P3NBJ6V,R2XYESNNUWI2DP,R1UHCZ5GEKZFZL,R2LUS6OIA1FUIY,R3TNBYI02BNXDP,R341FNER86M2NB",137,745,4.37956204379562,5,0.03685092127303183,0,0,0.028187919463087248,0.5036496350364964,0.49635036496350365,1,745,4.1,1,4.1,0.0,745.0,0.0,0.0,0.0,0.0,0
B08PZ6HZLT,"R2810JGXE0FCK2,R1IUQMDNCMSXAO,R2GIICLDTZPU3N,R3NKJOJN2NXZVS,R3BZR0ONOMX597,R1HSB3HYXUOWMN,R1X8YG3O4ADXD1,R21613KQKHLS39",74,380,4.081081081081081,1,0.059602649006622516,0,0,0.039473684210526314,0.527027027027027,0.47297297297297297,2,380,4.0,1,4.0,0.0,380.0,0.0,0.0,0.0,0.0,0
B075TJHWVC,"R2Q9OZ24DS780B,R2KHHVT2R38J1E,R17CBHX9U3VWC0,R2D87CR9APLU6W,R1EHAVJCYTK59O,R3JFH4CO9WJOXC,R2W50LBJSCGZ5O,RWXVF96DFZ856",120,651,4.358333333333333,8,0.06756756756756757,0,0,0.05683563748079877,0.5416666666666666,0.4583333333333333,0,651,4.2,1,4.2,0.0,651.0,0.0,0.0,0.0,0.0,0
B09LV13JFB,"R1P2VLNHZAHSCU,R28B2GC0X0RMKW,RQ2S0N0NGDQVY,R19KN24ZE86FRJ,R2R1RIQO9D9HNF",111,584,4.18018018018018,7,0.06040268456375839,0,0,0.053082191780821915,0.6846846846846847,0.3153153153153153,0,584,3.3,1,3.3,0.0,584.0,0.0,0.0,0.0,0.0,0
B092BL5DCX,"R3RUBB6REUGTT,R281851EB9L5G6,R4ATJJVUY9JO6,R18455FQDOCS3H,RLZ80A5MC1F5G,R2DYRNTDPPD8A5,R3IFT4P8VHQGL3,R1DSJOGV3DFZK2",921,4934,4.204125950054289,55,0.06159132963256675,0,0,0.04438589379813539,0.44842562432138977,0.5515743756786102,1,4934,4.3,1,4.3,0.0,4934.0,0.0,0.0,0.0,0.0,1
B09VH568H7,"RR7JLC3VD2TBS,R3PG7SPU02XR6Z,R382LEGRZSS0UN,R1TFXCJ8YR6S8Z,R37IX8UNUF7V26,R188MKEOB6CXNH,R1WY278AMA2M2L,R1B9BGU3D96MM1",106,587,4.481132075471698,7,0.03728070175438596,0,0,0.054514480408858604,0.6886792452830188,0.3113207547169811,1,587,3.8,1,3.8,0.0,587.0,0.0,0.0,0.0,0.0,0
B09HQSV46W,"R13UTIA6KOF6QV,R2UGDZSGFF01K7,RHHIZ45VYU5X6,R14N9HBE5EIUY0,R2WMW096T9Y0OU,R1SHIIE6M72825,R22P6BE9DBME4F,R2TEINENXTIHT2",179,994,4.446927374301676,15,0.08,0,0,0.05030181086519115,0.6089385474860335,0.39106145251396646,0,994,4.2,1,4.2,0.0,994.0,0.0,0.0,0.0,0.0,0
B08TZD7FQN,"R3UKHBPPXQOJ7Q,R1P646TWS98DH3,R2FXWK6LTYKG4J,R3QV31R1SXLLW8,R3FJ8OR7KJB5ZP,R1665NO7B2DXWD,R1WFNBBN36KYRH,R1LTO3BLRTV1QR",138,816,4.7898550724637685,12,0.04711246200607903,0,2,0.04044117647058824,0.6376811594202898,0.36231884057971014,0,816,3.7,1,3.7,0.0,816.0,0.0,0.0,0.0,0.0,0
B0B21XL94T,"R2XGDUS2ZEQO76,R1GYFU7950VBK7,R1XM35GH40FPTQ,R1P555HGXOI7HS,R2P1YCWVUVH14P,R1088Q72E1W0DN,R1DOYU0KALNQNK,ROYTJMQHK8TR",228,1278,4.478070175438597,17,0.14482758620689656,2,0,0.035211267605633804,0.5526315789473685,0.4473684210526316,0,1278,4.3,1,4.3,0.0,1278.0,0.0,0.0,0.0,0.0,0
B09PTT8DZF,"R3OI9NIP86EJMK,R19REKQNB6DHVK,RN8PZREKYVUCU,R7H07OI7LETQC,RFNCQH476BUID,RBRBI3TZWFXW7,R2ZR75W02IPC5C,RPUDZMSMR65WV",102,602,4.754901960784314,9,0.10995850622406639,0,0,0.04817275747508306,0.7745098039215687,0.22549019607843138,0,602,3.9,1,3.9,0.0,602.0,0.0,0.0,0.0,0.0,0
B0B94JPY2N,RUB7U91HVZ30,94,491,4.202127659574468,3,0.02577319587628866,0,0,0.014256619144602852,0.6702127659574468,0.32978723404255317,0,491,3.0,1,3.0,0.0,491.0,0.0,0.0,0.0,0.0,0
B0B3XXSB1K,"RC3ZLDRM8GA9T,RMDN4PSDM8SKK,R1YFAMDJ7P0SY3,R2WX7G1LIQSEBM,R2L4UCJ30902KF,R2MCXM8TACTRFL,R1KFS9LDEOT49N,R29FE7S1YAMO8N",300,1603,4.323333333333333,11,0.030983733539891558,0,0,0.018714909544603867,0.5433333333333333,0.45666666666666667,1,1603,4.3,1,4.3,0.0,1603.0,0.0,0.0,0.0,0.0,0
B08RZ12GKR,"R1T3IMKX5I23BL,R2ACT45S9ER36B,R3JVGT39A4NCLG,R2ZS039FIJFE2X,RUE1VX5KVXKYM,RJUMN5TQXB046,RKB470J0YGFZS,R30Z26FC4CVOIK",124,672,4.274193548387097,12,0.06805293005671077,0,0,0.05505952380952381,0.6774193548387096,0.3225806451612903,1,672,3.5,1,3.5,0.0,672.0,0.0,0.0,0.0,0.0,0
B0B4T8RSJ1,"R1Q323BB35OP30,RJ0CSQUUWFF9W,R23OB4XMH3S9QD,R1K5FQR6CYMQAV,R3QMD6JDUGQUCI,R1R5LTMWOXI38M,R241G3F07D3OBH,R1O7BQ61DXRVWW",146,777,4.280821917808219,7,0.05306799336650083,0,0,0.05276705276705277,0.6027397260273972,0.3972602739726027,0,777,3.9,1,3.9,0.0,777.0,0.0,0.0,0.0,0.0,0
B0B7B9V9QP,"R22OHRDXFQ2O98,RSAB4HSG5ZH9H,R3FC8NLEZ4DJ8N,R1RTOHK5EM9WPX,RFVPFUT2AVH9A,R232XWKJREFG9M,RZAZ7VZRRHLFH,R1CEPOZCGKCSWH",205,1161,4.4975609756097565,9,0.06753812636165578,0,0,0.03359173126614987,0.551219512195122,0.44878048780487806,0,1161,4.0,1,4.0,0.0,1161.0,0.0,0.0,0.0,0.0,0
B08XXVXP3J,"RDLKA670FVMKY,RZZB1IDY3USBP,R30B6VRIVHWOIP,R31A5RDIAY3O0R,R26RJ6WBBMVVXJ,R1PZ0SMCXPJO9C,R3QLX0DTF1C3J7,R23GQW7DPSVOA0",120,679,4.533333333333333,15,0.05719557195571956,0,0,0.044182621502209134,0.5916666666666667,0.4083333333333333,0,679,4.3,1,4.3,0.0,679.0,0.0,0.0,0.0,0.0,0
B06XGWRKYT,"R20Y7L8T8S0B2V,R19O1AZBIG1F5P,R1HA5IN5GZZEKJ,R3BGLBQWLQUBW0,R2GKH9JNW12AKY,RKEC16QEHA2WT,R1A9NXDM3RASAL,R25TUXKCEEATJ0",217,1157,4.193548387096774,12,0.03535911602209945,4,0,0.04148660328435609,0.5852534562211982,0.4147465437788018,0,1157,3.8,1,3.8,0.0,1157.0,0.0,0.0,0.0,0.0,0
B07CWDX49D,"R2BUNT9GM6PUP1,R2Q5VBGDJQHT1E,R1CICFI88LJ1JV,RVYACTR72CHW1,R2XM5RGIHDDR05,RJZUZ9HFCXQSD,R16G8AJOJIMF8H,R10M9KZFIDFMAD",194,1010,4.092783505154639,16,0.053231939163498096,0,0,0.03762376237623762,0.5773195876288659,0.422680412371134,0,1010,4.3,1,4.3,0.0,1010.0,0.0,0.0,0.0,0.0,0
B09TY4MSH3,"R39CZQR3ZPJ0Q7,R1XRT2636AEQEO,R2BSV4B70RKKC8,R2JBI9XCV1RU9E,RC0ZKG91JP10X,RAO17F0JUKD13,R1YWFT51T2HFXX,R2GVGI7SXLDIW9",283,1511,4.261484098939929,23,0.029900332225913623,1,0,0.03044341495698213,0.5159010600706714,0.4840989399293286,1,1511,3.3,1,3.3,0.0,1511.0,0.0,0.0,0.0,0.0,0
B07RY2X9MP,"R3H4IRBX721OIC,R20KZD07FRNQKL,R1PLCFQQFJ5O5X,R15J54ID6Y9FF4,R175ZT8BC8T0GJ,R34ALRVGYAYJDY,RBKV67DDOAO0H,R34RBTS6ZN4MQ0",132,742,4.46969696969697,11,0.051194539249146756,2,0,0.0431266846361186,0.5378787878787878,0.4621212121212121,0,742,4.5,1,4.5,0.0,742.0,0.0,0.0,0.0,0.0,0
B0B2C5MJN6,"R2QJLRRYLEJFIO,RC2JPYCTJRIWP,R2G6GUH2R64F4D,RRKKD7U3BYBEI,R2GMM9FNW2M5Z0,R194PI32Y48S87,R2I2156P73J3YL,R10LLYRO2Z4E2G",194,1103,4.520618556701031,20,0.053117782909930716,3,0,0.04805077062556664,0.654639175257732,0.34536082474226804,0,1103,4.1,1,4.1,0.0,1103.0,0.0,0.0,0.0,0.0,0
B0BBMGLQDW,"R1S57TIOL6E20F,RIL69DS3C4JGC,R2GWGCF8S3OWCN,R1NI7YG9KNMCX2,RIQHKLJ3CV86P,R2SQH0UGZ9II5U,R5UPOXES8HS5T,R24SCGVHQZOYOA",63,381,4.873015873015873,5,0.06514657980456026,0,0,0.05774278215223097,0.7301587301587301,0.2698412698412698,0,381,4.2,1,4.2,0.0,381.0,0.0,0.0,0.0,0.0,0
B01LONQBDG,"RKU0YNFBI9H6U,R1L56U9MGEY65D,R1RTAR9ZHEKJKA,RZ9F1LMTYQSA5,RQ6JZDYGL266A,RU423VYROXUDD,R2SX0KB6M50PZU,RWXV1G9ORG22P",369,1968,4.1924119241192415,27,0.059322033898305086,1,1,0.036077235772357726,0.5338753387533876,0.46612466124661245,3,1968,4.1,1,4.1,0.0,1968.0,0.0,0.0,0.0,0.0,0
B08XXF5V6G,"RITW1G6EL12AP,R28FCAPCXM5BZJ,RQW7J1KQNV90H,R2C6HW90SHJ7B,R162NDM8UBR66B,R2SNQQV2EWNINJ,RVHDQX6TUCHG0,R2NQHRYM47YRYK",99,535,4.3232323232323235,6,0.0630841121495327,0,0,0.04299065420560748,0.6464646464646465,0.35353535353535354,0,535,4.4,1,4.4,0.0,535.0,0.0,0.0,0.0,0.0,0
B09HK9JH4F,"RCI40FPILZN2J,R33GJM990WL2D,R2IZDWTSBD3OJD,R18JSUF6RUDBJK,R3IYD10K0ODOFQ,R1V2IV4QBCAWUG,R92Z4OC4KIRC5,R2HY1V6QTTUTAQ",130,748,4.6923076923076925,9,0.039473684210526314,0,0,0.03208556149732621,0.6307692307692307,0.36923076923076925,0,748,4.2,1,4.2,0.0,748.0,0.0,0.0,0.0,0.0,0
B09MMD1FDN,"R1T3FLH3DTF6HS,R2AHAAVTJIDTY,R1N42PBKDI68TK,RR91VSJ4DDBZ6,R1TPXU0SVYZPZK,R3O12UIKHXRVOG,R2QA83CPNE21C8,RY7XGBVY0116M",160,874,4.40625,10,0.06160458452722063,2,0,0.030892448512585814,0.60625,0.39375,0,874,3.9,1,3.9,0.0,874.0,0.0,0.0,0.0,0.0,0
B09HN7LD5L,"R34S7CW9IYNOUR,RI06LTB0D8TP,R1677YPJIH6H3F,R3MT3F6SGDQJH9,R385ELCSDCDIZF,R3URBXHQ9H8DAF,R27YXZVKCB0BHO,R1925KJ9EPGG39",142,733,4.056338028169014,14,0.05944055944055944,1,0,0.040927694406548434,0.6338028169014085,0.36619718309859156,0,733,4.0,1,4.0,0.0,733.0,0.0,0.0,0.0,0.0,0
B0BNDD9TN6,"R15DQIQZ16IEL9,R3OT3GHKN7033E,R3B1OFFST3XKYU,RBB31LE5QA4LE",67,378,4.492537313432836,8,0.04318936877076412,4,0,0.042328042328042326,0.746268656716418,0.2537313432835821,1,378,4.5,1,4.5,0.0,378.0,0.0,0.0,0.0,0.0,1
B0941392C8,"R1HIYUVKS08YJP,RBC057ZTXOL5Y,R24VKY63J20SM0,R16UAQV9SOCSE,R23HQTXGR1DOIL,RZFMNMJ8EIG87,R2VYVQSV2YFY0T,R2SW6YDVZ9T4O8",122,614,3.9508196721311477,8,0.04246284501061571,1,0,0.04723127035830619,0.5901639344262295,0.4098360655737705,0,614,3.7,1,3.7,0.0,614.0,0.0,0.0,0.0,0.0,0
B01M5967SY,"R2DIHMHOPYEASB,R24RHE9B30YXWQ,R3DYXQZQA6PPHM,R2458DMQ9C2Z4F,R36C67830VNHAA,R2GE3ZI47UVVO,R1XMBPKJ1QP1Q9,R1L6PX82T6UT6P",265,1369,3.9962264150943394,28,0.05338417540514776,4,0,0.04821037253469686,0.5773584905660377,0.4226415094339623,0,1369,4.2,1,4.2,0.0,1369.0,0.0,0.0,0.0,0.0,0
B016MDK4F4,"R2Q04IXOK0RA34,R2GRUN8Y7IDUPT,R1X7VRLKNOLTGJ,R351RRLG83JZDV,R18W7JDXECM6J5,RPU9M945SJ641,RTYY30I8B4PS4",53,315,4.679245283018868,9,0.10256410256410256,0,0,0.11746031746031746,0.7169811320754716,0.2830188679245283,2,315,4.2,1,4.2,0.0,315.0,0.0,0.0,0.0,0.0,0
B08G43CCLC,"R34OST6S1F8457,R6Z0QUUTZU58T,R3QNKPNSUIZP59,R3R9Y258UAOCTI,R2NB1AHZCTD44B,R1IPFAF5DDZQ57,R2WSQL1YCAREKS,RCDYRGDMI1WOA",93,571,5.010752688172043,10,0.058695652173913045,1,0,0.06304728546409807,0.6666666666666666,0.3333333333333333,0,571,4.2,1,4.2,0.0,571.0,0.0,0.0,0.0,0.0,0
B0B61GCHC1,"R111DGF0O8W1N8,R1GA29NLMK5T1,R1RAVFTKKIOGQ6,R12RIAF7LEVYRN,R1TK93TBAVEFG6,R2VED6OCTD3DK8,R3K8JF3L64IV9B,R3T6IUBAYZZ3KO",106,594,4.433962264150943,15,0.05806451612903226,0,0,0.06902356902356903,0.6320754716981132,0.36792452830188677,0,594,4.3,1,4.3,0.0,594.0,0.0,0.0,0.0,0.0,0
B07RX14W1Q,"R2BR9VTFE775OW,R3V8S6MZGP7QAL,R1OQW9NGBM2EHB,R2H6STN8H1XVSE,RZNEIL92FFGTT,R2JLX4OWIAT035,R354OSXK2IT8BE,R15U5TQNV1VY4A",135,718,4.207407407407407,10,0.053003533568904596,0,0,0.03899721448467967,0.5851851851851851,0.4148148148148148,0,718,4.4,1,4.4,0.0,718.0,0.0,0.0,0.0,0.0,0
B09PLD9TCD,"R1UFECRZY2H7ZR,R2L3OQHBC45T2X,R2IX8LIBU6MKPB,R35OUWDVRQF8R5,RHRVKXM6JJBX7,R1O89JBSE4EPL4,R364RHY5PGIWWH,R1EL7KUX3CVDVU",97,573,4.865979381443299,5,0.05543710021321962,0,0,0.038394415357766144,0.6597938144329897,0.3402061855670103,0,573,4.2,1,4.2,0.0,573.0,0.0,0.0,0.0,0.0,0
B0B8ZKWGKD,"R122PZXYO9V78,RUTL2J228W4N,R3CNU5WSZQK21Z,R11LLDBWK3KHUS,R2J3E39AIHUX3U,RZQQP8IHS7A65,R21GEGH10XV0ZL,R2Z5OEPE3ETYSP",118,604,4.0423728813559325,8,0.06100217864923747,0,0,0.06291390728476821,0.6864406779661016,0.3135593220338983,0,604,4.3,1,4.3,0.0,604.0,0.0,0.0,0.0,0.0,0
B09NNJ9WYM,"RBVWNT5DJQ11U,RW13JZ6UTG39E,R3OO98PE8MBQ6M,R2PDGCC6RF4YLC,R1EWNSTI0FM8DP,R12R6OUAVMTUIJ,R34JSLSU3JZOPE,R1JOBS3O6CQO4P",205,1218,4.848780487804878,9,0.04742684157416751,0,0,0.027914614121510674,0.551219512195122,0.44878048780487806,0,1218,3.7,1,3.7,0.0,1218.0,0.0,0.0,0.0,0.0,0
B08H5L8V1L,"R1QF0ET8A7E6WA,R1X9IA818SXS5X,R2L31T82MCWLFF,R2KRBAR470MHG9,RUQMRRT0FY4YJ,R1YUVBDM5U1VP,R3QNDW1DBNUYYV,R3U7MTLZA3L5CH",180,991,4.355555555555555,20,0.03329065300896287,0,0,0.04238143289606458,0.6444444444444445,0.35555555555555557,1,991,4.3,1,4.3,0.0,991.0,0.0,0.0,0.0,0.0,0
B0B8CXTTG3,"R13UTIA6KOF6QV,R2UGDZSGFF01K7,RHHIZ45VYU5X6,R14N9HBE5EIUY0,R2WMW096T9Y0OU,R1SHIIE6M72825,R22P6BE9DBME4F,R2TEINENXTIHT2",175,970,4.434285714285714,15,0.07339449541284404,0,0,0.04639175257731959,0.6057142857142858,0.3942857142857143,0,970,4.2,1,4.2,0.0,970.0,0.0,0.0,0.0,0.0,0
B09HCH3JZG,"R2M315YGOB9RN3,R1NBOC4RGKIP9G,R3QJXYS4TXWZUF,R2JIHF1A7NTH40,R169VPW28GOZKX,R3DKX32F8OC3XE,R2CTTQK8YU774X,R240OADCOPMHWE",332,1686,4.015060240963855,25,0.037209302325581395,1,1,0.033807829181494664,0.5602409638554217,0.4397590361445783,0,1686,4.4,1,4.4,0.0,1686.0,0.0,0.0,0.0,0.0,0
B097JVLW3L,"R2RS5DJTMPR9KH,R3K8N1Z38YX4QZ,R1D0W9ZGHTA55S,R1OPHG3293Q2SZ,R27TICJZP0IJZT,RU7Q1JVSNZAP7,R16Y48G8PM36BL,RB5E6IQ420JLF",237,1301,4.30801687763713,23,0.047666335650446874,0,0,0.0415065334358186,0.5864978902953587,0.41350210970464135,1,1301,3.5,1,3.5,0.0,1301.0,0.0,0.0,0.0,0.0,0
B09SB6SJB4,"R2P1ZOKUIQWNZH,R3FBKF9RCYD42V,R2JPDSDJBPCPVG,RWAZG6R4PYQD8,R1VWPJ2GCK1V4P,R3SM2QDMLBGDIK,RUNP3LOY40PFP,RGLXWU5W86L32",155,893,4.670967741935484,14,0.03905160390516039,3,0,0.03807390817469205,0.6516129032258065,0.34838709677419355,0,893,4.1,1,4.1,0.0,893.0,0.0,0.0,0.0,0.0,0
B08NW8GHCJ,"RYIE3APCBZO0M,RVVUYDXJQ5FWH,R2OD8G07SP3ATQ,RV4T2P1TSYP7C,RTUH4QIEPCZI2,R176EGN5WFKYMF,R2NF8CY7JSGPIJ,R1ZHN7T42QYEMK",127,688,4.330708661417323,9,0.04797047970479705,0,0,0.03924418604651163,0.5748031496062992,0.4251968503937008,1,688,4.3,1,4.3,0.0,688.0,0.0,0.0,0.0,0.0,0
B09YHLPQYT,"R3JYRL1ACWZKKY,R32Q6QP914FG3A,R3IEH4PJW488UX,R37IXVPK58NJQ4,R2Y54968M42AHJ,R2SN886QABQ5AF,R2FF1108INS5GV,R390GAYBGW7786",195,1036,4.194871794871795,12,0.03549571603427173,0,0,0.033783783783783786,0.5948717948717949,0.40512820512820513,2,1036,4.2,1,4.2,0.0,1036.0,0.0,0.0,0.0,0.0,0
B08G1RW2Q3,"RHUH1KUO9N3LB,R2OCEV9PHCLFUS,R50IDO4SB3AFN,R2QJNGU56FGL5G,R355RN0CHT6Z4Z,R1CFZQYTT6QE90,RIN87V1ZT8M2F,R14EGSF85GZV2Q",172,841,3.761627906976744,14,0.0473186119873817,2,0,0.052318668252080855,0.5697674418604651,0.43023255813953487,0,841,4.0,1,4.0,0.0,841.0,0.0,0.0,0.0,0.0,0
B08YXJJW8H,"R2KMA1FW2QZLZX,RCE8NJ5IXR7Y0,R34OI72B1EV5GJ,R1OXPIKY99VS78,R1DOIQMYQSIX2Z,R55NBBAP45T6G,R32QZKQVJYCE4S,R26OBSY88ZCS89",172,936,4.337209302325581,15,0.047106325706594884,2,0,0.03739316239316239,0.5406976744186046,0.45930232558139533,0,936,3.9,1,3.9,0.0,936.0,0.0,0.0,0.0,0.0,0
B09P8M18QM,"R2D1HX7B0ZNR2Y,RC6F71GCW3ITC,R2R5PXQ6I47FLE,R377ECW39RO5EJ,R2HOVN3GT9RJUX,R123XHZAU0Z0E5,R2WKLOLAJF59CQ,R17GETTD9A405E",108,648,4.842592592592593,6,0.05009633911368015,1,0,0.044753086419753084,0.6111111111111112,0.3888888888888889,0,648,3.3,1,3.3,0.0,648.0,0.0,0.0,0.0,0.0,0
B08BG4M4N7,"RSAWD2O7MGQHQ,R2J3NNEKB8K98B,R2JDMID7WPBPGA,RPZQ7HTHUEAQM,RAWY8DHIK1ZUO,RKLEZ22TP2OC,R7CBANEBW241L,RRLSH7AHH6XLU",111,608,4.342342342342342,13,0.05394190871369295,1,0,0.05592105263157895,0.5495495495495496,0.45045045045045046,0,608,3.8,1,3.8,0.0,608.0,0.0,0.0,0.0,0.0,0
B07VJ9ZTXS,"RGV3TPWIES7KM,R3P69DNOICR8GR,RMVYCEXD67P7Y,R1IZL1YZY4XUKJ,R1PZBQBPYS1J63,R3FTVZYWY8ESQF,R3VL4SYCU5AQ1X,R1SHRXW0RRW5A8",327,1824,4.415902140672783,23,0.05678670360110803,1,0,0.03782894736842105,0.4648318042813456,0.5351681957186545,0,1824,4.0,1,4.0,0.0,1824.0,0.0,0.0,0.0,0.0,0
B084872DQY,"R1OHBRJRE6GHDZ,R24I7EFZQG9TE6,R3G0UPCD2KN4F7,R2EH8HEJYFWVY1,R14DHLF5YST1V5,R2ATOKYHEUA0RC,R1LCM6KSBLNTZE,R2MICL6U2IDISJ",979,5389,4.413687436159346,50,0.0439766081871345,1,0,0.026906661718315086,0.4044943820224719,0.5955056179775281,3,5389,4.3,1,4.3,0.0,5389.0,0.0,0.0,0.0,0.0,1
B00GGGOYEU,"R2RT36U5W9GRK6,R35V054572FNTJ,R1INLMM4RCIDYQ,R32UWFLL51XWFR,R2E6JL1IPA492E,R37EXJUBHQPY55,RU09H6AAVSB29,R21KXH46RVA6RM",134,756,4.522388059701493,10,0.048013245033112585,0,0,0.042328042328042326,0.6343283582089553,0.3656716417910448,0,756,3.9,1,3.9,0.0,756.0,0.0,0.0,0.0,0.0,0
B08FD2VSD9,"R369A5WFHNY685,RU7ADO0K3THNI,R2C24XAHB09570,RF6FTZ2BMK3U7,R1BKYQ1GKAGGUM,R2JI0LCLSDDWMB,R2GFGRPUJPI039,R1QBBG7QM57OF7",98,403,2.7755102040816326,7,0.10227272727272728,0,0,0.08188585607940446,0.5714285714285714,0.42857142857142855,0,403,4.2,1,4.2,0.0,403.0,0.0,0.0,0.0,0.0,0
B0BQRJ3C47,RQXD5SAMMPC6L,14,102,6.357142857142857,2,0.0898876404494382,0,0,0.00980392156862745,0.9285714285714286,0.07142857142857142,1,102,5.0,1,5.0,0.0,102.0,0.0,0.0,0.0,0.0,0
B095JPKPH3,"R2PF9QV9JEQO9K,R2NEN86P63G4ES,R302B7X6H0GIC0,R3H9O8F9LUY5N9,R1RGSA8QU78640,R2B3DRF8V2A9QI,R1KF9HPUVJTM0I,R3OCQ19TZWHSN5",629,3341,4.209856915739269,50,0.03380714560122935,3,0,0.030230469919185873,0.465818759936407,0.534181240063593,0,3341,4.1,1,4.1,0.0,3341.0,0.0,0.0,0.0,0.0,0
B087JWLZ2K,"R24M24UKIB5KN3,R9MTYU83EHJ96",491,2734,4.3991853360488795,25,0.11484593837535013,3,1,0.036576444769568395,0.4989816700610998,0.5010183299389002,0,2734,3.9,1,3.9,0.0,2734.0,0.0,0.0,0.0,0.0,0
B09DSXK8JX,"R1UFECRZY2H7ZR,R2L3OQHBC45T2X,R2IX8LIBU6MKPB,R35OUWDVRQF8R5,RHRVKXM6JJBX7,R1O89JBSE4EPL4,R364RHY5PGIWWH,R1EL7KUX3CVDVU",97,573,4.865979381443299,5,0.05543710021321962,0,0,0.038394415357766144,0.6597938144329897,0.3402061855670103,0,573,4.2,1,4.2,0.0,573.0,0.0,0.0,0.0,0.0,0
B08V9C4B1J,"RYIE3APCBZO0M,RVVUYDXJQ5FWH,R2OD8G07SP3ATQ,RV4T2P1TSYP7C,RTUH4QIEPCZI2,R176EGN5WFKYMF,R2NF8CY7JSGPIJ,R1ZHN7T42QYEMK",127,688,4.330708661417323,9,0.04797047970479705,0,0,0.03924418604651163,0.5748031496062992,0.4251968503937008,1,688,4.3,1,4.3,0.0,688.0,0.0,0.0,0.0,0.0,0
B08PKBMJKS,"R2ZBBYSOYN3KBL,R2DMLU5SLI59HR,R2TALY28IA40HU,R3I8OBYQHMK5AG,R2LNUR3W2TOTL,R3W1MUYN039NGZ,RH9I43YOGMCU5,R2T1VOM1S6TMET",238,1053,3.277310924369748,16,0.05269922879177378,0,0,0.03323836657169991,0.4957983193277311,0.5042016806722689,0,1053,3.8,1,3.8,0.0,1053.0,0.0,0.0,0.0,0.0,0
B0B8VQ7KDS,"R1SLOPXHKI14S6,R1OXLNAD6QN3PK,R4RAOBEKJMT1E,R2DJOU9710152I,R3FXVCBQCGNPLW,R12LALSYGQEMTT,R2XY6WL3YCCBBU,R2VRNRRSOHXHYW",77,451,4.636363636363637,5,0.06876790830945559,0,0,0.082039911308204,0.6493506493506493,0.35064935064935066,0,451,4.3,1,4.3,0.0,451.0,0.0,0.0,0.0,0.0,0
B086JTMRYL,"R1NBVCQUPQGZSG,R1AYTJ3HGDXBPB,R1SZXE4S0X94AV,R18V2LFU0A6Z1Z,REEEYL5KDQ81L,R1648XOMK16YKC,R30X514IQ3NWX4,R3UV2ZJIR07U21",95,487,4.010526315789473,7,0.05774278215223097,0,0,0.04106776180698152,0.5684210526315789,0.43157894736842106,1,487,4.4,1,4.4,0.0,487.0,0.0,0.0,0.0,0.0,0
B09RWQ7YR6,"R19JWR6NN6DMRW,R3NNMZRL819Q5I,R27MVISBFA27B0,R26UM4M5FX7MOX,R3OS23S4DLG4RW,R6CTY16XAGKZ3,R3GTDALXXTDMU4,RXYNQRMH2KD0E",237,1303,4.413502109704641,11,0.04057971014492753,0,0,0.02532617037605526,0.569620253164557,0.43037974683544306,1,1303,4.3,1,4.3,0.0,1303.0,0.0,0.0,0.0,0.0,0
B00OFM6PEO,"R1NNND9Z9O7ZFX,RI4YG0LQODJ1Z,R2RJKDVMA6HJAF,R1CK70KKIQTXQY,R1MU7OXDCRE59A,R3OUTRCSE95S7U,R1H2SUFJGR1SC5,R3O0A0XNHT8365",60,328,4.316666666666666,5,0.18146718146718147,0,0,0.0701219512195122,0.5833333333333334,0.4166666666666667,0,328,4.3,1,4.3,0.0,328.0,0.0,0.0,0.0,0.0,0
B0BF57RN3K,"R1PKIMKR1E8X8T,R23UV7ZBIEEZD3,RYRHNVDKS5RFY,RS1V5P4B8NSAO,R1H7L32HFCGUIR,R1Y0X6TPG7EJ3V,R3UZD33WNT4AD,R2MLZRSEQB0C49",602,3276,4.357142857142857,35,0.029185867895545316,0,0,0.025335775335775336,0.45016611295681064,0.5498338870431894,1,3276,4.2,1,4.2,0.0,3276.0,0.0,0.0,0.0,0.0,0
B0B3RRWSF6,"R34816YEM3Y2VJ,R3P1QZDIWJJYVR,R2HXC35HKL6S3E,R2CUWR6SL0MMRR,R3PWLUFNP117X0,R2PK2034NVCPNH,R2YJZKVTCUJAVZ,R27X5G6UFUKCM9",853,4595,4.257913247362251,40,0.01926836079307456,0,0,0.035038084874863984,0.39859320046893315,0.6014067995310668,2,4595,4.3,2,4.3,0.0,4595.0,1.0000000000000004,1.0000000000000004,1.0,0.0,1
B0B5B6PQCT,"R3EKLFGQGV02SG,R23WEMNZK46UV3,R1G2C7XV8CAM7W,R1O1T0NB6M5CU4,RY95PJLUIT03E,R2HMI9LDLJ1S2Y,R216CF66UYJR2A,R1XD0A6A2KGJZ6",540,2939,4.292592592592593,44,0.05734144222415291,2,0,0.035386185777475335,0.44074074074074077,0.5592592592592592,2,2939,3.8,2,3.8,0.0,2939.0,0.9999999999999996,0.9999999999999996,1.0,0.0,1
B08HV83HL3,"R31BXRU0GAOB26,R120Q9PAHZEIEM,R3MSIMI8U7QZXJ,R3MLNPNLSYH11T,R339F0FNSVUUP1,R1X6T4WG7148OB,R1Y9VHIT18ERYP,R32RBHMK1ESFTN",326,1741,4.248466257668712,19,0.046805349182763745,0,0,0.027570361860999426,0.4938650306748466,0.5061349693251533,1,1741,4.3,1,4.3,0.0,1741.0,0.0,0.0,0.0,0.0,0
B0BBN4DZBD,"RKU0JLLNRC05S,RIQJOO5ZR8L0X,R300Z83BCAV2UK,R130ME1NWGGCRX,R2VNU6Q8UC18QX,R287H4PDFLWV5,RITJUD5WP59UI,R3DKMHIJGPJH5H",270,1402,4.025925925925926,24,0.04855275443510738,0,0,0.039229671897289584,0.4925925925925926,0.5074074074074074,1,1402,4.0,1,4.0,0.0,1402.0,0.0,0.0,0.0,0.0,0
B0B3CPQ5PF,"R128LZ0DN2NZBZ,R3LFQ7EDHZ6DKM,RUSJFUV64DPWM,RHNVN7WEES6ZV,R3LHNY1FJU5Z62,RYD25TMDIWVXF,R22G4CIX0JF8CT,R3KZ4E667WBY58",1069,6077,4.408793264733395,97,0.05270063415700853,1,0,0.056771433272996545,0.4321796071094481,0.567820392890552,1,6077,4.3,1,4.3,0.0,6077.0,0.0,0.0,0.0,0.0,1
B0B3CQBRB4,"R128LZ0DN2NZBZ,R3LFQ7EDHZ6DKM,RUSJFUV64DPWM,RHNVN7WEES6ZV,R3LHNY1FJU5Z62,RYD25TMDIWVXF,R22G4CIX0JF8CT,R3KZ4E667WBY58",1069,6077,4.408793264733395,97,0.05270063415700853,1,0,0.056771433272996545,0.4321796071094481,0.567820392890552,1,6077,4.3,1,4.3,0.0,6077.0,0.0,0.0,0.0,0.0,1
B0BBN56J5H,"RKU0JLLNRC05S,RIQJOO5ZR8L0X,R300Z83BCAV2UK,R130ME1NWGGCRX,R2VNU6Q8UC18QX,R287H4PDFLWV5,RITJUD5WP59UI,R3DKMHIJGPJH5H",270,1402,4.025925925925926,24,0.04855275443510738,0,0,0.039229671897289584,0.4925925925925926,0.5074074074074074,1,1402,4.0,1,4.0,0.0,1402.0,0.0,0.0,0.0,0.0,0
B0BBN3WF7V,"RKU0JLLNRC05S,RIQJOO5ZR8L0X,R300Z83BCAV2UK,R130ME1NWGGCRX,R2VNU6Q8UC18QX,R287H4PDFLWV5,RITJUD5WP59UI,R3DKMHIJGPJH5H",270,1402,4.025925925925926,24,0.04855275443510738,0,0,0.039229671897289584,0.4925925925925926,0.5074074074074074,1,1402,4.0,1,4.0,0.0,1402.0,0.0,0.0,0.0,0.0,0
B0BDRVFDKP,"R2A7MIUNOW8DOE,R2FXP703540FR1,R37E7QJET0BYE8,R1NOL0GE16P06G,R48EN3ANVWEX9,R17WYXS17TYDER,R2BMYAH01K8EG8,R23IO3LHHG39H",104,536,4.115384615384615,4,0.07246376811594203,0,2,0.04477611940298507,0.7115384615384616,0.28846153846153844,1,536,4.4,2,4.4,0.0,536.0,0.9999999999999998,0.9999999999999998,1.0,0.0,0
B0B5LVS732,"R10I6UIAQIP9TN,R2XEWWLV1LH7KX,R3J0MEY15WI71Z,R3HJ0GBBBUGEJZ,R3TGTIJ54KHOL0,R21TUQZLYNGC0M,R1JSFOA0TD4S1A,R1KOD8YMT3FJ7I",315,1732,4.393650793650794,24,0.026831036983321246,0,1,0.03233256351039261,0.5587301587301587,0.44126984126984126,0,1732,4.1,2,4.1,0.0,1732.0,0.9999999999999999,0.9999999999999999,1.0,0.0,0
B09V2Q4QVQ,"R1BFOK13WV2QLM,R3H97FN1H50F7F,R1IY2IDRUJX5O5,R1N5UJPJ5YGBU5,R3BZ3W2KH0X1DQ,R3GPO2WYK6ABG,RCMFGYS1T27LL,R1D5OAMYO4526T",213,1196,4.469483568075117,14,0.022269353128313893,0,0,0.039297658862876256,0.6103286384976526,0.38967136150234744,0,1196,4.0,1,4.0,0.0,1196.0,0.0,0.0,0.0,0.0,0
B09V12K8NT,"R2CU03OULJTK2A,R1SHVTKMHHOREL,R16MDWVEULVTGY,R24VBI0XML9AS5,RO1WU1XMSF20C,R17U7AO7GNBOX8,R2HES1EME0OXU4,RWYRMRDBVWYUO",104,549,4.009615384615385,8,0.05275779376498801,0,0,0.061930783242258654,0.6634615384615384,0.33653846153846156,0,549,3.9,2,3.9,0.0,659.0,0.8264466533764367,0.8264466533764367,0.0,0.0,0
B01DEWVZ2C,"R2NB2K5XC70FKP,R3623Q21H3MKP6,R1XVC6NEYU3ZHV,RNFY9ZYM6195O,R3TUSIFSD4QCKJ,R22PD5EXXTFXP,R1LXC8W3AJAQ3I,R3U0OEWBKIO5Z3",217,1212,4.502304147465438,13,0.04253112033195021,0,1,0.03382838283828383,0.663594470046083,0.33640552995391704,2,1212,4.1,2,4.1,0.0,1212.0,1.0000000000000004,1.0000000000000004,1.0,0.0,0
B0BMGB3CH9,"R2RDC6R09NZ0TZ,R16LV4RNJLN09N,R3RKDGFWWFXK6U,R25FVBLAFKIAJU,R34P8ODO8FUBK6,RWO7FXQAVPEXH,R1Y7NG3L23T92Q,R2ESL9C3ALANVE",620,2971,3.5951612903225807,40,0.06063348416289593,0,0,0.02524402558061259,0.47419354838709676,0.5258064516129032,0,2971,4.2,1,4.2,0.0,2971.0,0.0,0.0,0.0,0.0,0
B08D77XZX5,"R2RBF2BGJRO7H2,R1OF0G9O7Z6VSU,R30F23SQTDLJPU,R12OJO04IKVP5R,R1EYIK2EGG3W2H,R2B5VJALJVQ8RD,R10QDJFCO17945,R23VI41K9DE8OJ",204,1077,4.0931372549019605,17,0.03048780487804878,0,0,0.051996285979572884,0.5980392156862745,0.4019607843137255,0,1077,3.9,1,3.9,0.0,1077.0,0.0,0.0,0.0,0.0,0
B09XB8GFBQ,"R98JKKNCSM7B5,R38O9HQOE1G03B,R597Z0G89GU27,RAI7NSHUQO02D,R2W5N0Y7MJX8UC,R1LK91F22JFZ41,R139XIZFXKTMW5,R1X5NW4ANBMMRM",48,252,4.083333333333333,3,0.10714285714285714,0,0,0.06746031746031746,0.5833333333333334,0.4166666666666667,0,252,4.0,1,4.0,0.0,252.0,0.0,0.0,0.0,0.0,0
B07WG8PDCW,"R3HLDGIDF7PO8C,R2FBEQYGE0TH2P,R81L413HRWD8B,R3V903TPDK44R2,R38GLLZ84DSEWS,R1GXNHN7WJM2G7,R3RK45ISPYVM54,R125MD72MJH9VN",107,593,4.457943925233645,6,0.06779661016949153,0,0,0.04215851602023609,0.5700934579439252,0.42990654205607476,0,593,4.0,2,4.0,0.0,593.0,1.0000000000000004,1.0000000000000004,1.0,0.0,0
B07GPXXNNG,"R2DD2M5YARW7R2,R2M9ZYNGGV1ZLN,RNWNTRNLSJWSB,R3BJBPNI2XP8HF,RI1FLXH6TFEAJ,R172WRCQLOW97V,R3721R2I1BFETF,R2DH3Z46FTCXQ8",192,1033,4.25,15,0.07107843137254902,0,0,0.03969022265246854,0.5625,0.4375,0,1033,4.1,1,4.1,0.0,1033.0,0.0,0.0,0.0,0.0,0
B0BDYVC5TD,"R2A7MIUNOW8DOE,R2FXP703540FR1,R37E7QJET0BYE8,R1NOL0GE16P06G,R48EN3ANVWEX9,R17WYXS17TYDER,R2BMYAH01K8EG8,R23IO3LHHG39H",104,536,4.115384615384615,4,0.07246376811594203,0,2,0.04477611940298507,0.7115384615384616,0.28846153846153844,1,536,4.4,1,4.4,0.0,536.0,0.0,0.0,0.0,0.0,0
B0BMGB2TPR,"R2RDC6R09NZ0TZ,R16LV4RNJLN09N,R3RKDGFWWFXK6U,R25FVBLAFKIAJU,R34P8ODO8FUBK6,RWO7FXQAVPEXH,R1Y7NG3L23T92Q,R2ESL9C3ALANVE",620,2971,3.5951612903225807,40,0.06063348416289593,0,0,0.02524402558061259,0.47419354838709676,0.5258064516129032,0,2971,4.2,1,4.2,0.0,2971.0,0.0,0.0,0.0,0.0,0
B08MC57J31,"R31KHU73E9BSU4,R3L907SI2ZHXKE,RL4KVP8C4HB1V,R28U78D29I6WST,R1SWA127EAXE3Z,R2EQHF2D3V0YAL,RA8LHY0YBC8WB,R1VM09M39X39Y",247,1307,4.202429149797571,15,0.03137254901960784,1,0,0.030604437643458302,0.5587044534412956,0.44129554655870445,0,1307,4.3,1,4.3,0.0,1307.0,0.0,0.0,0.0,0.0,0
B08HVL8QN3,"R31BXRU0GAOB26,R120Q9PAHZEIEM,R3MSIMI8U7QZXJ,R3MLNPNLSYH11T,R339F0FNSVUUP1,R1X6T4WG7148OB,R1Y9VHIT18ERYP,R32RBHMK1ESFTN",326,1741,4.248466257668712,19,0.046805349182763745,0,0,0.027570361860999426,0.4938650306748466,0.5061349693251533,1,1741,4.3,1,4.3,0.0,1741.0,0.0,0.0,0.0,0.0,0
B0746JGVDS,"RRCQZ1NUT86W1,R7U9X4A8OGS3I,R26604Y3P1D000,R1KQQ073FBUGOE,R2L5WWOGWCXTX9,R3S4F4U2MF1Y50,R34PV1REW30PDN,R2YMG0H31K4P6J",295,1583,4.233898305084746,24,0.02654867256637168,0,0,0.033480732785849655,0.488135593220339,0.511864406779661,1,1583,3.9,1,3.9,0.0,1583.0,0.0,0.0,0.0,0.0,0
B08VFF6JQ8,"R3GPDNKHUWXBMD,R2UV1Y16L96TQY,RI0NHWUS3HCNY,R2WM2M0Q21KL5U,RNK7Z9UWFZ55N,R1GGNZYCTLDM0X,R3T5NNNE4VO6Z5,R3GNTYXLIFVANT",244,1340,4.352459016393443,16,0.031279620853080566,0,0,0.03880597014925373,0.5327868852459017,0.4672131147540984,0,1340,4.4,1,4.4,0.0,1340.0,0.0,0.0,0.0,0.0,0
B09NVPSCQT,"R3B5HP4PJ8JIOG,R2NS7Z2XUJL73H,R3DLYP0JW3PWDP,R3HWHOM95KCAZV,R2EVYBZOHRZ8NQ,R2U4UV55GHL0AB,R1MXAL2G4J2CB4,R2E6IQWP86JIVZ",129,755,4.6976744186046515,8,0.05324459234608985,3,0,0.04768211920529802,0.5968992248062015,0.40310077519379844,0,755,4.0,2,4.0,0.0,756.0,0.9937671631099867,0.9937671631099867,1.0,0.0,0
B09YV4RG4D,"R2VEHBS4GTI9SH,R560D18O1BJM7,RYPXAOQI77XRF,R2T1AP2XBIAQBK,RU2RYKNTJU52I,R3D6UA9AB1KZ5D,R1YFZYNSZI9FAG,RQU8SHDXBG8NZ",258,1406,4.275193798449612,15,0.05069124423963134,0,0,0.03769559032716927,0.5426356589147286,0.4573643410852713,1,1406,4.2,2,4.2,0.0,1406.0,1.0000000000000004,1.0000000000000004,1.0,0.0,0
B09TWHTBKQ,"R36UIGIQWYOKT,RISUCL5YV9EZN",1801,10303,4.622431982232094,49,0.04027913809990206,2,0,0.01766475783752305,0.410882842865075,0.5891171571349251,0,10303,4.1,1,4.1,0.0,10303.0,0.0,0.0,0.0,0.0,0
B08L5HMJVW,"R2A7MIUNOW8DOE,R2FXP703540FR1,R37E7QJET0BYE8,R1NOL0GE16P06G,R48EN3ANVWEX9,R17WYXS17TYDER,R2BMYAH01K8EG8,R23IO3LHHG39H",104,536,4.115384615384615,4,0.07246376811594203,0,2,0.04477611940298507,0.7115384615384616,0.28846153846153844,1,536,4.4,1,4.4,0.0,536.0,0.0,0.0,0.0,0.0,0
B0B4F2XCK3,"R2K5OD0MEEBTDL,RS1N6TNO33BOK,R6KWBGOKI1N9Y,R30SKUMYLSXXDN,R1EOYHZWCRSV7B,R13JBDK4SAAYFT,RJOU5K9ECNW7Y,R2APPRANV6IERZ",584,3227,4.352739726027397,36,0.048712871287128715,1,0,0.03253796095444685,0.4571917808219178,0.5428082191780822,0,3227,4.1,1,4.1,0.0,3227.0,0.0,0.0,0.0,0.0,0
B0BF54972T,"R1PKIMKR1E8X8T,R23UV7ZBIEEZD3,RYRHNVDKS5RFY,RS1V5P4B8NSAO,R1H7L32HFCGUIR,R1Y0X6TPG7EJ3V,R3UZD33WNT4AD,R2MLZRSEQB0C49",602,3276,4.357142857142857,35,0.029185867895545316,0,0,0.025335775335775336,0.45016611295681064,0.5498338870431894,1,3276,4.2,1,4.2,0.0,3276.0,0.0,0.0,0.0,0.0,0
B09YV4MW2T,"R26YAKWWPQSNL,R30L263BU0PTZP,R1A8G9G8J5Z3V5,RBTZE0Y27F7IZ,R39640821J2S6S,R75IA3ZAEBTFU,RCVN98N40B1C5,R3MDWPL6USKW2T",383,2131,4.456919060052219,29,0.03460410557184751,3,0,0.02674800563115908,0.5117493472584856,0.48825065274151436,0,2131,4.2,2,4.2,0.0,2171.0,0.9561368083935025,0.9561368083935025,1.0,0.0,0
B09TWH8YHM,"R36UIGIQWYOKT,RISUCL5YV9EZN",1801,10303,4.622431982232094,49,0.04027913809990206,2,0,0.01766475783752305,0.410882842865075,0.5891171571349251,0,10303,4.1,1,4.1,0.0,10303.0,0.0,0.0,0.0,0.0,0
B07WGMMQGP,"R2ZQ3KNS6ADZKG,R3OMNNV6IXSOCS,R37Z2W6UYIVLBR,RRI2HSPM9BYXP,R18PVOQF41S4PH,R1WINQHG1SD7FW,R39GPO64XUXZMW,RYLBN0DAJU4SZ",180,966,4.305555555555555,10,0.04811443433029909,0,0,0.033126293995859216,0.5333333333333333,0.4666666666666667,0,966,4.0,1,4.0,0.0,966.0,0.0,0.0,0.0,0.0,0
B0BF563HB4,"R1PKIMKR1E8X8T,R23UV7ZBIEEZD3,RYRHNVDKS5RFY,RS1V5P4B8NSAO,R1H7L32HFCGUIR,R1Y0X6TPG7EJ3V,R3UZD33WNT4AD,R2MLZRSEQB0C49",602,3276,4.357142857142857,35,0.029185867895545316,0,0,0.025335775335775336,0.45016611295681064,0.5498338870431894,1,3276,4.2,1,4.2,0.0,3276.0,0.0,0.0,0.0,0.0,0
B07JW9H4J1,"R3HXWT0LRP0NMF,R2AJM3LFTLZHFO,R6AQJGUP6P86,R1KD19VHEDV0OR,R3C02RMYQMK6FC,R39GQRVBUZBWGY,R2K9EDOE15QIRJ,R3OI7YT648TL8I",99,584,4.757575757575758,11,0.06236559139784946,0,0,0.0702054794520548,0.6363636363636364,0.36363636363636365,0,584,4.2,3,4.2,0.0,600.0,0.9840618182867974,0.9838992087161649,1.0,0.0,0
B09GFPVD9Y,"RCP907FSHW2CI,R2XSNFIDSF8IL4,R2JB9PO5MV9LER,R1WOXRK1I1XUD1,R2R7NPFFHBHV2M,R209MH0VOGQ7EF,R276N47ZR7TWCM,RFYYONBM15HX5",215,1173,4.386046511627907,9,0.026652452025586353,0,0,0.0247229326513214,0.5348837209302325,0.46511627906976744,0,1173,4.1,1,4.1,0.0,1173.0,0.0,0.0,0.0,0.0,0
B09GFLXVH9,"RCP907FSHW2CI,R2XSNFIDSF8IL4,R2JB9PO5MV9LER,R1WOXRK1I1XUD1,R2R7NPFFHBHV2M,R209MH0VOGQ7EF,R276N47ZR7TWCM,RFYYONBM15HX5",215,1173,4.386046511627907,9,0.026652452025586353,0,0,0.0247229326513214,0.5348837209302325,0.46511627906976744,0,1173,4.1,1,4.1,0.0,1173.0,0.0,0.0,0.0,0.0,0
B0BF4YBLPX,"R1PKIMKR1E8X8T,R23UV7ZBIEEZD3,RYRHNVDKS5RFY,RS1V5P4B8NSAO,R1H7L32HFCGUIR,R1Y0X6TPG7EJ3V,R3UZD33WNT4AD,R2MLZRSEQB0C49",602,3276,4.357142857142857,35,0.029185867895545316,0,0,0.025335775335775336,0.45016611295681064,0.5498338870431894,1,3276,4.2,1,4.2,0.0,3276.0,0.0,0.0,0.0,0.0,0
B09XB7DPW1,"R98JKKNCSM7B5,R38O9HQOE1G03B,R597Z0G89GU27,RAI7NSHUQO02D,R2W5N0Y7MJX8UC,R1LK91F22JFZ41,R139XIZFXKTMW5,R1X5NW4ANBMMRM",48,252,4.083333333333333,3,0.10714285714285714,0,0,0.06746031746031746,0.5833333333333334,0.4166666666666667,0,252,4.0,1,4.0,0.0,252.0,0.0,0.0,0.0,0.0,0
B07PFJ5W31,"R2UZOF31IYEDYC,RA80Q7ZKXPY2Z,R2WAC57HUYHRL4,R2865Q514C2RZ7,R3CEPSJRDFFOBW,R312ZA2IHXIXXF,R1S0L7740D7M8W,R2D0IWLH03TPH7",122,681,4.385245901639344,18,0.06641366223908918,0,0,0.07195301027900147,0.7213114754098361,0.2786885245901639,0,681,4.3,1,4.3,0.0,681.0,0.0,0.0,0.0,0.0,0
B0B3N7LR6K,"R2FY1Z66KZXJWD,R2HMU574902EOQ,R33J3X2N75IXU3,R3GGQG1U2KLAE3,R31AMOLX49DVF8",981,5433,4.36901121304791,72,0.027535890797834785,4,0,0.035155531014172646,0.3965341488277268,0.6034658511722731,0,5433,4.3,2,4.3,0.0,5433.0,1.0000000000000007,1.0000000000000007,1.0,0.0,1
B09ZQK9X8G,"R14ALM4LONM07K,RBQ5KLENMT5W,RC8LE1R8ZUXK6,R2DOHSMCOKMG28,R23BQ1TQ435IEO,RQTVJP9U5HCTZ,R19QIA3XET90J7,R30UYREI7BF2FB",195,988,4.005128205128205,12,0.03870967741935484,0,0,0.02834008097165992,0.6307692307692307,0.36923076923076925,0,988,4.1,2,4.1,0.0,1010.5,0.9402966114766225,0.9402966114766225,1.0,0.0,0
B098NS6PVG,"RGIQEG07R9HS2,R1SMWZQ86XIN8U,R2J3Y1WL29GWDE,RYGGS0M09S3KY,R17KQRUTAN5DKS,R3AAQGS6HP2QUK,R1HDNOG6TO2CCA,R3PHKXYA5AFEOU",254,1368,4.322834645669292,13,0.04044117647058824,0,0,0.03070175438596491,0.515748031496063,0.484251968503937,0,1368,4.0,3,4.0,0.0,1368.0,1.0000000000000009,1.0000000000000009,1.0,0.0,0
B07WJV6P1R,"R27MK332LTT5KS,R2TN6LNGD4FLYB,RVZJOLWLG5JZ9,R32Y3RXFGS0N8S,R1WG388SX6A8SS,R3FCO1GKVP9JHZ,REQQ0KOQUU7N5,RB48XNZD8P2Q4",225,1212,4.2844444444444445,24,0.040339702760084924,1,0,0.039603960396039604,0.5733333333333334,0.4266666666666667,0,1212,4.1,1,4.1,0.0,1212.0,0.0,0.0,0.0,0.0,0
B096MSW6CT,"R3J3EQQ9TZI5ZJ,R3E7WBGK7ID0KV,RWU79XKQ6I1QF,R25X4TBMPY91LX,R27OK7G99VK0TR,R207CYDCHJJTCJ,R3PCU8XMU173BT,R1IMONDOWRNU5V",64,361,4.59375,9,0.09929078014184398,0,0,0.11080332409972299,0.53125,0.46875,0,361,3.9,3,3.9,0.0,393.0,0.9999999999999999,0.9635607041565426,1.0,0.0,0
B0BF54LXW6,"R1PKIMKR1E8X8T,R23UV7ZBIEEZD3,RYRHNVDKS5RFY,RS1V5P4B8NSAO,R1H7L32HFCGUIR,R1Y0X6TPG7EJ3V,R3UZD33WNT4AD,R2MLZRSEQB0C49",602,3276,4.357142857142857,35,0.029185867895545316,0,0,0.025335775335775336,0.45016611295681064,0.5498338870431894,1,3276,4.2,1,4.2,0.0,3276.0,0.0,0.0,0.0,0.0,0
B09XB7SRQ5,"R98JKKNCSM7B5,R38O9HQOE1G03B,R597Z0G89GU27,RAI7NSHUQO02D,R2W5N0Y7MJX8UC,R1LK91F22JFZ41,R139XIZFXKTMW5,R1X5NW4ANBMMRM",48,252,4.083333333333333,3,0.10714285714285714,0,0,0.06746031746031746,0.5833333333333334,0.4166666666666667,0,252,4.0,1,4.0,0.0,252.0,0.0,0.0,0.0,0.0,0
B09FFK1PQG,"R30W8FL25XCO0K,R1D8C001FIVRSU,R3925M38KC8V79,RXGOGCFPVKD34,R12RKF2K5CHXWV,R2MZ3DIZ5TNO0W,RUB8S6S3B4G58,R37JZMH1JV7PPA",132,762,4.484848484848484,17,0.04794520547945205,2,0,0.07480314960629922,0.5984848484848485,0.4015151515151515,1,762,4.4,1,4.4,0.0,762.0,0.0,0.0,0.0,0.0,0
B09RMQYHLH,"R225TDOAW3E40Y,R20F4XL6H69YXD,R30J2L74QHTQP9,R2OF67AGC4N6JL,R1SBTL4GCVQYN7,R3LLRND14DDJAB,R33RURRS0SE6WD,R3EQVOLZJUSS1B",844,4926,4.686018957345971,57,0.03231644260599793,0,0,0.037961835160373526,0.5390995260663507,0.4609004739336493,1,4926,4.2,1,4.2,0.0,4926.0,0.0,0.0,0.0,0.0,0
B08ZN4B121,"R2U0MOPP5A6KMF,RPZFZ77ZCT4IM,R2K55RM7YMMECZ,RAOZT6IRRYUCQ,R2G7L7325PDXOX,R2DJYKMFRAQOTE,R6WQGLVY46ZMZ,RT72XDZGEHFR6",389,2031,4.077120822622108,28,0.03063178047223995,1,0,0.03348104382077794,0.493573264781491,0.506426735218509,0,2031,3.8,1,3.8,0.0,2031.0,0.0,0.0,0.0,0.0,0
B0B3RSDSZ3,"R34816YEM3Y2VJ,R3P1QZDIWJJYVR,R2HXC35HKL6S3E,R2CUWR6SL0MMRR,R3PWLUFNP117X0,R2PK2034NVCPNH,R2YJZKVTCUJAVZ,R27X5G6UFUKCM9",853,4595,4.257913247362251,40,0.01926836079307456,0,0,0.035038084874863984,0.39859320046893315,0.6014067995310668,2,4595,4.3,1,4.3,0.0,4595.0,0.0,0.0,0.0,0.0,1
B08VB34KJ1,"R2P0CRDHOMUX,R1JGV8KAD50B2H,R3TYY9FVH4FCHC,R1QB481QG82BJO,R3C5I5PQSUB7L,RPNGVTBER1EP8,RTD8NH880GNXH,R3H70A536HFEGG",105,621,4.723809523809524,11,0.0513347022587269,0,0,0.06924315619967794,0.5714285714285714,0.42857142857142855,0,621,4.2,1,4.2,0.0,621.0,0.0,0.0,0.0,0.0,0
B09T39K9YL,"R1S5FUVJK5BDKV,R10T102N4IHERO,R1QALRWVTEDXMH,R25MVXUNZDKPIY,RJ0CS41K876BR,RX87956266XU,R1HLEVV8WMVM3R,R1UBTZ9MAS7G8V",645,3563,4.415503875968993,55,0.03046594982078853,1,0,0.03564412012349144,0.5100775193798449,0.48992248062015503,0,3563,3.9,1,3.9,0.0,3563.0,0.0,0.0,0.0,0.0,0
B08VF8V79P,"RM040SFEJL7HY,R3E4WLWZRX1XIX,R17867K1Z3HF91,RMIC8UQMGL0U3,R2G3S428HL7HAI,R2EUN4CN98ASSR,RH4LQXPYKNUHQ,R15K7J32T1VXWN",223,1264,4.551569506726457,21,0.036779324055666,1,0,0.03639240506329114,0.5560538116591929,0.4439461883408072,1,1264,4.4,1,4.4,0.0,1264.0,0.0,0.0,0.0,0.0,0
B08G28Z33M,"R2CKMKVZVLVGEN,R31G5IFN5GICYC,R1L0EKJ498BUV8,R1J03LTLYLJTQY,R1K4ZOFHBZVZNA,R76P8S1ZO6BND,R31PGOF9FRDEV4,R1VX9N9I41ZY6F",136,807,4.772058823529412,11,0.06220839813374806,0,0,0.055762081784386616,0.6544117647058824,0.34558823529411764,1,807,4.0,1,4.0,0.0,807.0,0.0,0.0,0.0,0.0,0
B09PNKXSKF,"R3B5HP4PJ8JIOG,R2NS7Z2XUJL73H,R3DLYP0JW3PWDP,R3HWHOM95KCAZV,R2EVYBZOHRZ8NQ,R2U4UV55GHL0AB,R1MXAL2G4J2CB4,R2E6IQWP86JIVZ",129,755,4.6976744186046515,8,0.05324459234608985,3,0,0.04768211920529802,0.5968992248062015,0.40310077519379844,0,755,4.0,1,4.0,0.0,755.0,0.0,0.0,0.0,0.0,0
B0B5DDJNH4,"R3EKLFGQGV02SG,R23WEMNZK46UV3,R1G2C7XV8CAM7W,R1O1T0NB6M5CU4,RY95PJLUIT03E,R2HMI9LDLJ1S2Y,R216CF66UYJR2A,R1XD0A6A2KGJZ6",540,2939,4.292592592592593,44,0.05734144222415291,2,0,0.035386185777475335,0.44074074074074077,0.5592592592592592,2,2939,3.8,1,3.8,0.0,2939.0,0.0,0.0,0.0,0.0,1
B08HDJ86NZ,"R3EEUZKKK9J36I,R3HJVYCLYOY554,REDECAZ7AMPQC,R1CLH2ULIVG5U3,R2DMKIBGFKBD6R,RC89B5IAJUTR5,R3B3DDON5FH8DS,R13WAEJDI5RS36",112,584,4.196428571428571,4,0.038876889848812095,0,0,0.03424657534246575,0.6696428571428571,0.33035714285714285,0,584,4.2,3,4.2,0.0,584.0,0.9999999999999967,0.9999999999999968,1.0,0.0,0
B08CF3B7N1,"R1BP4L2HH9TFUP,R16PVJEXKV6QZS,R2UPDB81N66T4P,R3KK4GT934ST3I,RCFHMWUSBIJO,RDO7DACXMAJ84,R3A6MEZL3LY66Z,R1ESIEKPGAYA29",472,2590,4.364406779661017,15,0.04675196850393701,1,0,0.03552123552123552,0.4745762711864407,0.5254237288135594,1,2590,4.2,3,4.2,0.0,2590.0,1.0000000000000002,1.0000000000000002,1.0,0.0,0
B07WDKLDRX,"R1X7186WUECR3,RIXG2KYOQHKVB",1650,8812,4.1860606060606065,118,0.06293499185547165,3,1,0.03222877893781208,0.39575757575757575,0.6042424242424242,0,8812,4.4,1,4.4,0.0,8812.0,0.0,0.0,0.0,0.0,0
B09MQSCJQ1,"R2LYKHFGZWSYDL,R2LAYGYWWKW3YG,RAG4DPQGRW30H,RY14T5VSHXOVL,R32YZCYBC5ZRV5,R1DMAEV6DQYUOD,RNR9AZJON6EHU,R2NUKH8120XBX1",178,951,4.162921348314606,16,0.06775067750677506,9,1,0.052576235541535225,0.6741573033707865,0.3258426966292135,0,951,4.2,2,4.2,0.0,951.0,0.9999999999999998,0.9999999999999998,1.0,0.0,0
B094YFFSMY,"R3BGA0IR8XWNFF,R1Z9SVTENNC9JG,RE5OA1UZUJM9W,R285X2YEP7XRRW,R1ENCB49VUPLIC,R23RJUU2U87L75,RM2L3W83I8OIA,R6BV56BS9PVP9",218,1169,4.302752293577981,15,0.035331905781584586,0,0,0.028229255774165955,0.5688073394495413,0.43119266055045874,0,1169,4.0,2,4.0,0.0,1169.0,0.9999999999999998,0.9999999999999998,1.0,0.0,0
B09MT84WV5,"R33U0ERE0GVMNJ,R1CQTXZAM4625F,R1YR920UPA7YH0,ROOP0SB30EBY3,R32BCBNUXTRTEL,R11PB4N9WB3VCS,RQ5FP6ADSIS6O,R91WZEICT9YIM",247,1282,4.064777327935222,31,0.053169734151329244,1,0,0.046021840873634944,0.5668016194331984,0.4331983805668016,0,1282,4.3,2,4.3,0.0,1299.5,0.9746530850758066,0.9746530850758066,1.0,0.0,0
B08VS3YLRK,"RLCW4ACH6TGM7,RS7QQ6IPVH0ZK,R1DN62U7XKE8ZR,R2OIY1BC4689L3,R1WK9XGOKLW4ZN,R2K4PQ80K8G5PO,R9R2RIKI1CO8Z,RHAN9P6JJBKA5",97,544,4.525773195876289,8,0.05504587155963303,0,0,0.042279411764705885,0.5876288659793815,0.41237113402061853,0,544,4.1,1,4.1,0.0,544.0,0.0,0.0,0.0,0.0,0
B0B4F3QNDM,"R2K5OD0MEEBTDL,RS1N6TNO33BOK,R6KWBGOKI1N9Y,R30SKUMYLSXXDN,R1EOYHZWCRSV7B,R13JBDK4SAAYFT,RJOU5K9ECNW7Y,R2APPRANV6IERZ",584,3227,4.352739726027397,36,0.048712871287128715,1,0,0.03253796095444685,0.4571917808219178,0.5428082191780822,0,3227,4.1,1,4.1,0.0,3227.0,0.0,0.0,0.0,0.0,0
B07GQD4K6L,"R2DD2M5YARW7R2,R2M9ZYNGGV1ZLN,RNWNTRNLSJWSB,R3BJBPNI2XP8HF,RI1FLXH6TFEAJ,R172WRCQLOW97V,R3721R2I1BFETF,R2DH3Z46FTCXQ8",192,1033,4.25,15,0.07107843137254902,0,0,0.03969022265246854,0.5625,0.4375,0,1033,4.1,1,4.1,0.0,1033.0,0.0,0.0,0.0,0.0,0
B07WDKLRM4,"R27MK332LTT5KS,R2TN6LNGD4FLYB,RVZJOLWLG5JZ9,R32Y3RXFGS0N8S,R1WG388SX6A8SS,R3FCO1GKVP9JHZ,REQQ0KOQUU7N5,RB48XNZD8P2Q4",225,1212,4.2844444444444445,24,0.040339702760084924,1,0,0.039603960396039604,0.5733333333333334,0.4266666666666667,0,1212,4.1,1,4.1,0.0,1212.0,0.0,0.0,0.0,0.0,0
B0BP18W8TM,"R3LPK5GH31P4HW,R3E0GB12MWJZZX,R2CLET51I4B6OT,RHAXM6WBH7UXK,R192P7ADK9SGET,R1F57B71LOMGVR,R1TJUP2ZEUKJZF,R2QWZND34KWAUL",342,1955,4.6345029239766085,15,0.039974210186976146,0,0,0.03273657289002557,0.5847953216374269,0.4152046783625731,2,1955,4.4,1,4.4,0.0,1955.0,0.0,0.0,0.0,0.0,0
B08Y1TFSP6,"R7S8ANNSDPR40,R3CLZFLHVJU26P,RFF7U7MPQFUGR,R1MV1NKC23DWPI,R11D3U0V2XKDKF,R1XN72FU6Q37IH,R18MP1KLUE18PC,RWGJNVEH5ZQME",80,449,4.525,7,0.08022922636103152,0,0,0.07349665924276169,0.575,0.425,0,449,3.9,3,3.9,0.0,449.0,1.0,1.0,1.0,0.0,0
B07GXHC691,"R2KLBZ0I1OK6U2,R38C18O8S9O2LM,R1PAUHTSKMIAIB,REREHUV2GTGYO,R2OJMVW8WOYD0M,R1S9ULEQ5XTNFO,R1Y6IA0PNODPA,RHMI8LH34RDXN",271,1427,4.033210332103321,28,0.046511627906976744,1,0,0.060266292922214436,0.5535055350553506,0.44649446494464945,0,1427,4.3,1,4.3,0.0,1427.0,0.0,0.0,0.0,0.0,0
B08FN6WGDQ,"RU8SZ6NFWFYV6,R1GQJT5423OND1,R2OJEFG3PL2ZVW,R31P2Q316FHLME,R1JH7M7L4615A2,R2851K7A34YYHT,R22I6M8QU55OWI,R2NCEGPNATUEXJ",854,4434,4.098360655737705,56,0.03995400977292325,0,0,0.02435723951285521,0.3957845433255269,0.6042154566744731,1,4434,4.0,1,4.0,0.0,4434.0,0.0,0.0,0.0,0.0,1
B0B3D39RKV,"R128LZ0DN2NZBZ,R3LFQ7EDHZ6DKM,RUSJFUV64DPWM,RHNVN7WEES6ZV,R3LHNY1FJU5Z62,RYD25TMDIWVXF,R22G4CIX0JF8CT,R3KZ4E667WBY58",1069,6077,4.408793264733395,97,0.05270063415700853,1,0,0.056771433272996545,0.4321796071094481,0.567820392890552,1,6077,4.3,1,4.3,0.0,6077.0,0.0,0.0,0.0,0.0,1
B085HY1DGR,"R3TQ32UCRS81WR,R2QPXXMX0YH89H,R2NBUIKICW6ASD,R3KIQZ1W9FWK3P,R1R9QY3F8M6CXP,R2DNZV0AH311P1,R2ZAGKBTL8IEMI,RGMYTIRB3LWEA",172,859,3.9302325581395348,10,0.15709969788519637,1,0,0.027939464493597205,0.5406976744186046,0.45930232558139533,0,859,4.0,2,4.0,0.0,859.0,1.0,1.0,1.0,0.0,0
B08D75R3Z1,"R2MHX3EGIJVMNQ,R1FHCHWONZZ0YJ,R216RLQKYB7TWS,R1LN12XSMIYTOW,R1TG4AO6RXHQNZ,R1FCJNCO47BBLU,REHOKLPMH5R8P,R34LHGI3NRQ0Y2",714,3722,4.140056022408964,45,0.03761214630779848,0,0,0.027673293927995703,0.42016806722689076,0.5798319327731093,0,3722,3.6,1,3.6,0.0,3722.0,0.0,0.0,0.0,0.0,0
B0B4F2TTTS,"R2K5OD0MEEBTDL,RS1N6TNO33BOK,R6KWBGOKI1N9Y,R30SKUMYLSXXDN,R1EOYHZWCRSV7B,R13JBDK4SAAYFT,RJOU5K9ECNW7Y,R2APPRANV6IERZ",584,3227,4.352739726027397,36,0.048712871287128715,1,0,0.03253796095444685,0.4571917808219178,0.5428082191780822,0,3227,4.1,1,4.1,0.0,3227.0,0.0,0.0,0.0,0.0,0
B09WRMNJ9G,"RB90KDMXOCCPZ,R1OARKAJGLAKQ4,R1N33NHFCLHH1Z,R3JL5MHXQ8MCFN,R38ZGFRJN3GTNB,R1VN3PBKU8OEGA,R27ULMSJKIY5YD",1029,5444,4.198250728862973,89,0.0414605418138987,1,0,0.0266348273328435,0.4042759961127308,0.5957240038872692,1,5444,4.2,1,4.2,0.0,5444.0,0.0,0.0,0.0,0.0,1
B0B14MR9L1,"R36UIGIQWYOKT,RISUCL5YV9EZN",1801,10303,4.622431982232094,49,0.04027913809990206,2,0,0.01766475783752305,0.410882842865075,0.5891171571349251,0,10303,4.1,1,4.1,0.0,10303.0,0.0,0.0,0.0,0.0,0
B09ZPL5VYM,"R34U56TMQL8B9J,R2SPWOVTNO9SQP,R1D39QP2DCGN5D,RP84GJ5M88XI,R16V2OB7NBKY0L,R22NOAMYT0PYEE,R1QAI2QLFV2ST1,RMXN9V3YLV8Q9",75,465,5.013333333333334,9,0.05585106382978723,1,0,0.060215053763440864,0.6266666666666667,0.37333333333333335,3,465,4.1,1,4.1,0.0,465.0,0.0,0.0,0.0,0.0,0
B0993BB11X,"R83JPRO9V52P,R3UTU1ETF9YL12,RSOL1K3LF3E2I,R377A8K2HZUIKP,R34U15DVK45JC1,RAI2NHXM94X69,R3IW1BTNA6GQJ4,R1VS6ME7USZQ76",239,1251,4.129707112970712,15,0.040372670807453416,0,0,0.029576338928856916,0.5732217573221757,0.42677824267782427,0,1251,4.0,1,4.0,0.0,1251.0,0.0,0.0,0.0,0.0,0
B09V2PZDX8,"R1BFOK13WV2QLM,R3H97FN1H50F7F,R1IY2IDRUJX5O5,R1N5UJPJ5YGBU5,R3BZ3W2KH0X1DQ,R3GPO2WYK6ABG,RCMFGYS1T27LL,R1D5OAMYO4526T",213,1196,4.469483568075117,14,0.022269353128313893,0,0,0.039297658862876256,0.6103286384976526,0.38967136150234744,0,1196,4.0,1,4.0,0.0,1196.0,0.0,0.0,0.0,0.0,0
B085W8CFLH,"R1Z1YO987IN6WA,RRW1QA494UE5V,R14EM7EM0MGBC5,RLPQ6DDNYDH9F,R1NX8T5TN04CZ1,R135SE2MJDL8AY,R2GLOHTJX5OYOQ,R3TYVHL507XB76",187,1020,4.342245989304812,10,0.030826140567200986,0,0,0.03431372549019608,0.6631016042780749,0.33689839572192515,3,1020,3.5,1,3.5,0.0,1020.0,0.0,0.0,0.0,0.0,0
B09MT6XSFW,"R33U0ERE0GVMNJ,R1CQTXZAM4625F,R1YR920UPA7YH0,ROOP0SB30EBY3,R32BCBNUXTRTEL,R11PB4N9WB3VCS,RQ5FP6ADSIS6O,R91WZEICT9YIM",247,1282,4.064777327935222,31,0.053169734151329244,1,0,0.046021840873634944,0.5668016194331984,0.4331983805668016,0,1282,4.3,1,4.3,0.0,1282.0,0.0,0.0,0.0,0.0,0
B07RD611Z8,"R3C219XKJW9GI2,R7KGIU29C0TLL,R3S0UMZSM6FNWM,R3MODCWX8MEIFI,RGLPAU9M85OBG,RBOERVXC2919N,R1EYK2W81FR1YN,R2QUFMWF2JX8KR",1347,7444,4.12694877505568,75,0.058975304091411725,0,1,0.029285330467490597,0.34669636228656275,0.6533036377134372,1,7444,4.1,2,4.1,0.0,7444.0,1.000000000000001,1.000000000000001,1.0,0.0,1
B08WRWPM22,"R8E73K2KWJRDS,RSD0JTIIWQQL8,R64CRSTE9SLW1,R2FRTNIIUFJE1F,RWGNX3W7UOJ7W,R32TYHHODHTF5D,RQL9ZMQUTY7P2,R280XJ5VZUBOXV",185,734,2.5837837837837836,5,0.03017241379310345,0,0,0.03678474114441417,0.5621621621621622,0.43783783783783786,0,734,4.1,3,4.1,0.0,734.0,1.0,1.0,1.0,0.0,0
B0B4F52B5X,"R2K5OD0MEEBTDL,RS1N6TNO33BOK,R6KWBGOKI1N9Y,R30SKUMYLSXXDN,R1EOYHZWCRSV7B,R13JBDK4SAAYFT,RJOU5K9ECNW7Y,R2APPRANV6IERZ",584,3227,4.352739726027397,36,0.048712871287128715,1,0,0.03253796095444685,0.4571917808219178,0.5428082191780822,0,3227,4.1,1,4.1,0.0,3227.0,0.0,0.0,0.0,0.0,0
B096VF5YYF,"R1ZQQKZCCG4KD2,R1OHAWNCB4K26S,R1A7EDRAMKIXJ6,R2H3UO33625F4U,R3UX0I4P6QYZDT,R2WBZ23WWYQWIS,R2VDCJG8SCEN6I,R1NEXD5T49KYP9",2147,12094,4.498835584536563,181,0.040343707429529495,0,2,0.03018025467173805,0.3223102002794597,0.6776897997205403,1,12094,4.1,2,4.1,0.0,12094.0,1.0000000000000002,1.0000000000000002,1.0,0.0,1
B0B5D39BCD,"R3EKLFGQGV02SG,R23WEMNZK46UV3,R1G2C7XV8CAM7W,R1O1T0NB6M5CU4,RY95PJLUIT03E,R2HMI9LDLJ1S2Y,R216CF66UYJR2A,R1XD0A6A2KGJZ6",540,2939,4.292592592592593,44,0.05734144222415291,2,0,0.035386185777475335,0.44074074074074077,0.5592592592592592,2,2939,3.8,1,3.8,0.0,2939.0,0.0,0.0,0.0,0.0,1
B08DDRGWTJ,"R2X090D1YHACKR,R32ZCIH9AFNJ60,R3N57EVVG0EHAF,R3QWLE8JHROKC1,R2VTSDOOUTSQ5X,R3E6FZ75Q074KH,R1SYBQLTPFCW20,RYQT96J8HPIXE",181,988,4.298342541436464,22,0.05665349143610013,0,0,0.043522267206477734,0.5027624309392266,0.4972375690607735,0,988,4.3,3,4.3,0.0,988.0,1.0000000000000002,1.0000000000000002,1.0,0.0,0
B082LZGK39,"RGIQEG07R9HS2,R1SMWZQ86XIN8U,R2J3Y1WL29GWDE,RYGGS0M09S3KY,R17KQRUTAN5DKS,R3AAQGS6HP2QUK,R1HDNOG6TO2CCA,R3PHKXYA5AFEOU",254,1368,4.322834645669292,13,0.04044117647058824,0,0,0.03070175438596491,0.515748031496063,0.484251968503937,0,1368,4.0,2,4.0,0.0,1368.0,1.0000000000000009,1.0000000000000009,1.0,0.0,0
B09XBJ1CTN,"RWVCDTLWJRC3M,R3MJ0JMWK80XK8,R9ZFKUH0FBRMX,R21NL80UATYBKB,R1CUCX33DRNLV3,R2FI0QR1J4J704,R3RKJLBB11FNIO,R25C9QT8WYDZG9",233,1268,4.364806866952789,12,0.027888446215139442,0,0,0.026025236593059938,0.5450643776824035,0.45493562231759654,0,1268,4.2,1,4.2,0.0,1268.0,0.0,0.0,0.0,0.0,0
B0B4F5L738,"R2K5OD0MEEBTDL,RS1N6TNO33BOK,R6KWBGOKI1N9Y,R30SKUMYLSXXDN,R1EOYHZWCRSV7B,R13JBDK4SAAYFT,RJOU5K9ECNW7Y,R2APPRANV6IERZ",584,3227,4.352739726027397,36,0.048712871287128715,1,0,0.03253796095444685,0.4571917808219178,0.5428082191780822,0,3227,4.1,1,4.1,0.0,3227.0,0.0,0.0,0.0,0.0,0
B08MTCKDYN,"R10KEMT1N336ZD,RL01KZO95GX4F,R1Q721FI3A7XLK,R34MTIAB8IHAI,R1LG1DNA516T7L,RFH8DR3A2O8BG,RFA922H587JFN,R10BFD806POSOX",109,613,4.532110091743119,12,0.06666666666666667,0,0,0.0766721044045677,0.6146788990825688,0.3853211009174312,1,613,4.1,2,4.1,0.0,637.0,0.9463830533623487,0.9463830533623487,1.0,0.0,0
B09QS8V5N8,"R1GQJYYLCFOXJ8,ROASRYCFUFCK0,R1M63KP70YH4TU,RV26OEPPLTVTZ,RAS4252SOW901,R1EQV38U53I993,RD4X602L8KNNS",1797,9794,4.319977740678909,153,0.06008133280860554,1,1,0.03216254849908107,0.3567056204785754,0.6432943795214245,1,9794,4.1,1,4.1,0.0,9794.0,0.0,0.0,0.0,0.0,1
B08CF3D7QR,"R11MQS7WD9C3I0,R2AKH69XQY8BY4,R8GBOLYUN5UP6,R1AYVO4R25KJTA,R1HT6XM787V7FV,R339XJL1GMKHA3,R175VFSB2A32HG,R35T9LXYBSP09G",215,1100,3.9953488372093022,15,0.03051643192488263,0,0,0.03090909090909091,0.6232558139534884,0.3767441860465116,0,1100,4.3,3,4.3,0.0,1100.0,0.9999999999999999,0.9999999999999999,1.0,0.0,0
B09T2WRLJJ,"R1S5FUVJK5BDKV,R10T102N4IHERO,R1QALRWVTEDXMH,R25MVXUNZDKPIY,RJ0CS41K876BR,RX87956266XU,R1HLEVV8WMVM3R,R1UBTZ9MAS7G8V",645,3563,4.415503875968993,55,0.03046594982078853,1,0,0.03564412012349144,0.5100775193798449,0.48992248062015503,0,3563,3.9,1,3.9,0.0,3563.0,0.0,0.0,0.0,0.0,0
B089WB69Y1,"R1DSLJ58BW45MG,RZF2IS7TK6MF4,RLAJSE9228SAA,RHZFWFPW57PEH,R5V3SEBXEYTV9,R3QW79LOKH6EDA,R15LLZLNGUHHTJ,R2NS5ZCYJFF5KE",186,989,4.150537634408602,21,0.077733860342556,0,0,0.0525783619817998,0.5967741935483871,0.4032258064516129,2,989,4.0,1,4.0,0.0,989.0,0.0,0.0,0.0,0.0,0
B0116MIKKC,"R3MQME1SHOPH91,R2NP5Z355ZHRS5,R31UEUZ7SSSMWI,R12LCASDHZOB5X,RLBAK5CT8NA03,R3RU9Y16IO9WEC,RWDHPQP1486KE,R38QX86OPW8QSV",111,619,4.4774774774774775,9,0.038306451612903226,2,0,0.04361873990306947,0.6666666666666666,0.3333333333333333,0,619,4.5,1,4.5,0.0,619.0,0.0,0.0,0.0,0.0,0
B09P858DK8,"R1P673FG5GG9AO,R3ROYQ6BV3RM5T,R3ETCBWLMH5U7J,RL03M79RJEZYY,R38671IDIYF3KV,R20KDGMHU5A66W,R1H428OSIRK1PP,RC0FSCHN4TB9A",190,1067,4.526315789473684,11,0.03297997644287397,1,0,0.029053420805998126,0.6421052631578947,0.35789473684210527,1,1067,4.0,1,4.0,0.0,1067.0,0.0,0.0,0.0,0.0,0
B07DJLFMPS,"RPA8V1051ERUL,R2M7ENP70GK5P4,R3PA1IDUY9QNC8,R1QVT2JWXS2Y8Q,R2D2Z6QVL2FXNO,R2W3Y5HX9WED9J,R2TUAIDPW255N6,RWLGI93AXFKRD",61,366,4.885245901639344,6,0.050335570469798654,0,0,0.0546448087431694,0.7377049180327869,0.26229508196721313,0,366,4.0,2,4.0,0.0,366.0,1.0,1.0,1.0,0.0,0
B07WHQWXL7,"R27MK332LTT5KS,R2TN6LNGD4FLYB,RVZJOLWLG5JZ9,R32Y3RXFGS0N8S,R1WG388SX6A8SS,R3FCO1GKVP9JHZ,REQQ0KOQUU7N5,RB48XNZD8P2Q4",225,1212,4.2844444444444445,24,0.040339702760084924,1,0,0.039603960396039604,0.5733333333333334,0.4266666666666667,0,1212,4.1,1,4.1,0.0,1212.0,0.0,0.0,0.0,0.0,0
B07WDK3ZS6,"R27MK332LTT5KS,R2TN6LNGD4FLYB,RVZJOLWLG5JZ9,R32Y3RXFGS0N8S,R1WG388SX6A8SS,R3FCO1GKVP9JHZ,REQQ0KOQUU7N5,RB48XNZD8P2Q4",225,1212,4.2844444444444445,24,0.040339702760084924,1,0,0.039603960396039604,0.5733333333333334,0.4266666666666667,0,1212,4.1,1,4.1,0.0,1212.0,0.0,0.0,0.0,0.0,0
B09T2S8X9C,"R1S5FUVJK5BDKV,R10T102N4IHERO,R1QALRWVTEDXMH,R25MVXUNZDKPIY,RJ0CS41K876BR,RX87956266XU,R1HLEVV8WMVM3R,R1UBTZ9MAS7G8V",645,3563,4.415503875968993,55,0.03046594982078853,1,0,0.03564412012349144,0.5100775193798449,0.48992248062015503,0,3563,3.9,1,3.9,0.0,3563.0,0.0,0.0,0.0,0.0,0
B07S9S86BF,"R2WQHYFXQ5BCCA,R3BU0MFK2ORFS6,R2A3HU0CB8SUQ4,R28DOVGVW1QZXZ,R26XU8W37JQI55,R2S12HQMGEON44,R2NVYGBTVG3FJR,R3VG49O0264FQ9",197,1075,4.319796954314721,12,0.03506650544135429,0,0,0.04279069767441861,0.5989847715736041,0.4010152284263959,0,1075,4.1,1,4.1,0.0,1075.0,0.0,0.0,0.0,0.0,0
B07N8RQ6W7,"R23YK9FCYDZ8D5,R2FHT8TJPYXUVB,R2775SLGU24T7V,R3M6CEWXVKNB4E,R17T0PBEN71P6E,R4P7D5FJZ86K4,R3V035V0E672U2,R331A15NMMC2WR",83,440,4.0843373493975905,8,0.21621621621621623,0,0,0.06818181818181818,0.6506024096385542,0.3493975903614458,0,440,4.1,1,4.1,0.0,440.0,0.0,0.0,0.0,0.0,0
B09FKDH6FS,"R36T09OX35WPH0,R1SPKNBAZ5I7N1,R2H32V6C3AL47P,R3V0GQV599E046,R1K3DKKD38K4YV,R3GLFGKDB9OSU6,R19K03O5BUU15B,R3LHO7E66T27P9",94,484,4.074468085106383,5,0.047872340425531915,1,0,0.04338842975206612,0.574468085106383,0.425531914893617,1,484,4.0,1,4.0,0.0,484.0,0.0,0.0,0.0,0.0,0
B08HVJCW95,"R31BXRU0GAOB26,R120Q9PAHZEIEM,R3MSIMI8U7QZXJ,R3MLNPNLSYH11T,R339F0FNSVUUP1,R1X6T4WG7148OB,R1Y9VHIT18ERYP,R32RBHMK1ESFTN",326,1741,4.248466257668712,19,0.046805349182763745,0,0,0.027570361860999426,0.4938650306748466,0.5061349693251533,1,1741,4.3,1,4.3,0.0,1741.0,0.0,0.0,0.0,0.0,0
B09YDFDVNS,"R1BFOK13WV2QLM,R3H97FN1H50F7F,R1IY2IDRUJX5O5,R1N5UJPJ5YGBU5,R3BZ3W2KH0X1DQ,R3GPO2WYK6ABG,RCMFGYS1T27LL,R1D5OAMYO4526T",213,1196,4.469483568075117,14,0.022269353128313893,0,0,0.039297658862876256,0.6103286384976526,0.38967136150234744,0,1196,4.0,1,4.0,0.0,1196.0,0.0,0.0,0.0,0.0,0
B07WGPKTS4,"R27MK332LTT5KS,R2TN6LNGD4FLYB,RVZJOLWLG5JZ9,R32Y3RXFGS0N8S,R1WG388SX6A8SS,R3FCO1GKVP9JHZ,REQQ0KOQUU7N5,RB48XNZD8P2Q4",225,1212,4.2844444444444445,24,0.040339702760084924,1,0,0.039603960396039604,0.5733333333333334,0.4266666666666667,0,1212,4.1,1,4.1,0.0,1212.0,0.0,0.0,0.0,0.0,0
B0789LZTCJ,"R3EEUZKKK9J36I,R3HJVYCLYOY554,REDECAZ7AMPQC,R1CLH2ULIVG5U3,R2DMKIBGFKBD6R,RC89B5IAJUTR5,R3B3DDON5FH8DS,R13WAEJDI5RS36",112,584,4.196428571428571,4,0.038876889848812095,0,0,0.03424657534246575,0.6696428571428571,0.33035714285714285,0,584,4.2,2,4.2,0.0,584.0,0.9999999999999967,0.9999999999999967,1.0,0.0,0
B09MZCQYHZ,"R83JPRO9V52P,R3UTU1ETF9YL12,RSOL1K3LF3E2I,R377A8K2HZUIKP,R34U15DVK45JC1,RAI2NHXM94X69,R3IW1BTNA6GQJ4,R1VS6ME7USZQ76",239,1251,4.129707112970712,15,0.040372670807453416,0,0,0.029576338928856916,0.5732217573221757,0.42677824267782427,0,1251,4.0,1,4.0,0.0,1251.0,0.0,0.0,0.0,0.0,0
B0B4F2ZWL3,"R2K5OD0MEEBTDL,RS1N6TNO33BOK,R6KWBGOKI1N9Y,R30SKUMYLSXXDN,R1EOYHZWCRSV7B,R13JBDK4SAAYFT,RJOU5K9ECNW7Y,R2APPRANV6IERZ",584,3227,4.352739726027397,36,0.048712871287128715,1,0,0.03253796095444685,0.4571917808219178,0.5428082191780822,0,3227,4.1,1,4.1,0.0,3227.0,0.0,0.0,0.0,0.0,0
B08VB2CMR3,"R2P0CRDHOMUX,R1JGV8KAD50B2H,R3TYY9FVH4FCHC,R1QB481QG82BJO,R3C5I5PQSUB7L,RPNGVTBER1EP8,RTD8NH880GNXH,R3H70A536HFEGG",105,621,4.723809523809524,11,0.0513347022587269,0,0,0.06924315619967794,0.5714285714285714,0.42857142857142855,0,621,4.2,1,4.2,0.0,621.0,0.0,0.0,0.0,0.0,0
B095RTJH1M,"RE1RVB3YIBPKD,R41RLIIPI7UUH,R232FT7DXDWX1C,R1V3MB7YGA2UND,R2TELVLYX3JH8E,RKUQAQZUBEG5P,R14GNLBYKUA03S,R3KGBGD8RQ7BH7",450,2434,4.337777777777778,29,0.03257497414684592,2,0,0.021774856203779787,0.4577777777777778,0.5422222222222223,2,2434,4.6,1,4.6,0.0,2434.0,0.0,0.0,0.0,0.0,0
B097R25DP7,"R1NARG7VJ59AD3,R6BEKBJDZAEX5,R36J5LRZNMMZXL,R2AHCTVOGP0T6P,R3HDBTGLJJ34YO,R2Q8HE3RM7HW5L,R1K6IPHKQQ03AJ,ROANI9ZPECRM0",141,788,4.439716312056738,14,0.052884615384615384,0,0,0.046954314720812185,0.7021276595744681,0.2978723404255319,0,788,4.0,2,4.0,0.0,798.0,0.9623948637153721,0.9623948637153721,1.0,0.0,0
B09YDFKJF8,"R1BFOK13WV2QLM,R3H97FN1H50F7F,R1IY2IDRUJX5O5,R1N5UJPJ5YGBU5,R3BZ3W2KH0X1DQ,R3GPO2WYK6ABG,RCMFGYS1T27LL,R1D5OAMYO4526T",213,1196,4.469483568075117,14,0.022269353128313893,0,0,0.039297658862876256,0.6103286384976526,0.38967136150234744,0,1196,4.0,1,4.0,0.0,1196.0,0.0,0.0,0.0,0.0,0
B07WDK3ZS2,"RJYLPPJ0FGP7W,R2FID5PFZZFEMW,R358SS960NFBLL,R3V2BSMUA81YBR,R11VQG0J80EBFL,R3ULSAT0BPNPG4,R2XXGJP0K25QJZ,R2PQ51W8C26K8S",290,1681,4.710344827586207,16,0.03099630996309963,0,0,0.026174895895300417,0.5758620689655173,0.4241379310344828,1,1681,4.3,1,4.3,0.0,1681.0,0.0,0.0,0.0,0.0,0
B08RZ5K9YH,"RM0S8X7RALDXR,R2118P20L5XNMT,RRO90ETYUURUA,R323P80OW5K9CY,RXQMN1M04TM6F,RZFKWWARTVKAF,R8H5BG1FDKRSA,R3J9SJCJGPDO4E",93,508,4.333333333333333,9,0.07196029776674938,2,0,0.0531496062992126,0.6344086021505376,0.3655913978494624,0,508,4.3,1,4.3,0.0,508.0,0.0,0.0,0.0,0.0,0
B08444S68L,"RFPSJKWNCQAO2,R14L1ELN40CL68,R26SGRT511UO9Y,R2RPCNJXQJS739,R15CXRO9889JGL,RYUKIJ43LG4RC,RUHO80MJ5NV8O,R20IACRIZKZAQF",208,1090,4.1923076923076925,13,0.046349942062572425,0,0,0.029357798165137616,0.5336538461538461,0.46634615384615385,1,1090,4.2,1,4.2,0.0,1090.0,0.0,0.0,0.0,0.0,0
B07WHQBZLS,"R2ZQ3KNS6ADZKG,R3OMNNV6IXSOCS,R37Z2W6UYIVLBR,RRI2HSPM9BYXP,R18PVOQF41S4PH,R1WINQHG1SD7FW,R39GPO64XUXZMW,RYLBN0DAJU4SZ",180,966,4.305555555555555,10,0.04811443433029909,0,0,0.033126293995859216,0.5333333333333333,0.4666666666666667,0,966,4.0,1,4.0,0.0,966.0,0.0,0.0,0.0,0.0,0
B085DTN6R2,"R1QETDIPRCX4S0,RARQYQ8POOFA9,R952F931MCOR5,R3LLDHV3WXED9C,R282YHZ5A4GMY4,R34W3B1C7RP98Q,R1467F9VL3DLSY,R3KLQRR1UM44JG",158,890,4.550632911392405,11,0.05750350631136045,0,0,0.03146067415730337,0.620253164556962,0.379746835443038,0,890,4.2,3,4.2,0.0,890.0,0.9999999999999999,0.9999999999999999,1.0,0.0,0
B09JS562TP,"R27C4TPKHXYBRU,R1WGISGIIXAU1B,R2WFSJJW04UWJ8,R2QYC49E7WPALL,R1URJDO4NTW2ML,R3D6T949ZTO02J,RL8X7H598LEE4,RB0LBG619UMSN",116,683,4.7844827586206895,14,0.049723756906077346,0,0,0.060029282576866766,0.6896551724137931,0.3103448275862069,0,683,4.0,1,4.0,0.0,683.0,0.0,0.0,0.0,0.0,0
B09KLVMZ3B,"R20XIOU25HEX80,R2X55FA2EEUEYM,R393Z224NBTDLN,R3Q4ZCHWSAQD5B,R1AE3A4NSVM9SC,R2U1YAAZE07I1V,R36NVL58WQ7D64,R1E7GPZ569TBIZ",177,969,4.372881355932203,16,0.04450261780104712,0,0,0.03508771929824561,0.519774011299435,0.480225988700565,3,969,4.1,3,4.1,0.0,969.0,1.0000000000000002,1.0000000000000002,1.0,0.0,0
B09V17S2BG,"R2CU03OULJTK2A,R1SHVTKMHHOREL,R16MDWVEULVTGY,R24VBI0XML9AS5,RO1WU1XMSF20C,R17U7AO7GNBOX8,R2HES1EME0OXU4,RWYRMRDBVWYUO",104,549,4.009615384615385,8,0.05275779376498801,0,0,0.061930783242258654,0.6634615384615384,0.33653846153846156,0,549,3.9,1,3.9,0.0,549.0,0.0,0.0,0.0,0.0,0
B0B5CGTBKV,"R3EKLFGQGV02SG,R23WEMNZK46UV3,R1G2C7XV8CAM7W,R1O1T0NB6M5CU4,RY95PJLUIT03E,R2HMI9LDLJ1S2Y,R216CF66UYJR2A,R1XD0A6A2KGJZ6",540,2939,4.292592592592593,44,0.05734144222415291,2,0,0.035386185777475335,0.44074074074074077,0.5592592592592592,2,2939,3.8,1,3.8,0.0,2939.0,0.0,0.0,0.0,0.0,1
B0B23LW7NV,"R13CIOIUD1D8UM,R17AIJTSM1FUNS,R3AJ1T3JVA8O9V,R2LC5ETGN1KHH8,RXGY54C9GN1LV,RNCM6E4OW05E,RT2KK4EHU66TM,R2O3QIKNY5DF3X",345,1869,4.315942028985507,26,0.02489905787348587,1,0,0.028892455858747994,0.48695652173913045,0.5130434782608696,1,1869,4.7,1,4.7,0.0,1869.0,0.0,0.0,0.0,0.0,0
B09KGV7WSV,"R1DVF8WQYO780,R2B57KUCWYWDKX,R387VL6JFWOGER,R1OI6WSW06GR1S,R35O9XKPNRSYBT,R18TBS4UYVK90T,R2Y87EUNNJCKL7,R3KEMD6RG0SKOI",383,2064,4.274151436031332,29,0.07476635514018691,0,0,0.03197674418604651,0.5326370757180157,0.46736292428198434,0,2064,4.3,2,4.3,0.0,2064.0,0.9999999999999994,0.9999999999999994,1.0,0.0,0
B0971DWFDT,"R17AITIJSUGQPX,R2HIE7XFOYE3GL,R3E5Z7FQ1S0QX4,R285YUOW07EVMO,R3V4MXWG0YPF9R,R34N3UV1B4LL6W,R16JFD8JNYYTIE,R3G5PHC3VUAXU8",245,1317,4.257142857142857,19,0.052884615384615384,0,0,0.0387243735763098,0.5265306122448979,0.47346938775510206,1,1317,4.2,1,4.2,0.0,1317.0,0.0,0.0,0.0,0.0,0
B0BNV7JM5Y,"R2IIY08QX4SR46,R267DLLCKGD15M,R31P4MQH7YLP4I,R42A5QTEMPPGQ,RHE6HF6ZA5R2W,R1YAD59EAWIPJS,RYH2UHSWNFEWJ,R23524DWSS2QQ3",290,1627,4.506896551724138,29,0.0514018691588785,0,0,0.03995082974800246,0.5758620689655173,0.4241379310344828,0,1627,4.1,1,4.1,0.0,1627.0,0.0,0.0,0.0,0.0,0
B0B53QFZPY,"RZ7HZPPMZP6NJ,R3UU1TR7386E57,R3IX0H9MIZUJNR,R14GI2JBIZGJ61,R1U84J3FQUIM6L,R2ENIZDLLQ21KM,R2XNZ6AHVRFG25,R1JHP7LI8PMNM",116,662,4.5344827586206895,8,0.024761904761904763,0,0,0.04078549848942598,0.5344827586206896,0.46551724137931033,0,662,3.3,1,3.3,0.0,662.0,0.0,0.0,0.0,0.0,0
B083342NKJ,"R2JPQNKCOE10UK,RQI80JG2WZXNF,R2LYZ4CUWPMUJN,R1ZBD2ZB2ZYEWX,R2ITEDC9KOCY3N,R1115HIQP3BKKJ,R31OMS6DNMI7M,R2DCFXQMUNO93L",119,673,4.487394957983193,12,0.0497131931166348,0,0,0.05646359583952452,0.6134453781512605,0.3865546218487395,0,673,4.4,3,4.4,0.0,681.0,0.9999999999999999,0.988899133680409,1.0,0.0,0
B07WJWRNVK,"R2ZQ3KNS6ADZKG,R3OMNNV6IXSOCS,R37Z2W6UYIVLBR,RRI2HSPM9BYXP,R18PVOQF41S4PH,R1WINQHG1SD7FW,R39GPO64XUXZMW,RYLBN0DAJU4SZ",180,966,4.305555555555555,10,0.04811443433029909,0,0,0.033126293995859216,0.5333333333333333,0.4666666666666667,0,966,4.0,1,4.0,0.0,966.0,0.0,0.0,0.0,0.0,0
B01F25X6RQ,"R10FUJSCR3VYHY,R2Y8B5LQ5HLACQ,R3BC8GS9GGMBTI,R2BO0XUUDY4ZA3,RN23FCU4EP3F3,RDGNXFM923PG4,R26PGAI8JKY8XB,R381CGOL80J2QM",140,773,4.321428571428571,17,0.052100840336134456,0,1,0.06727037516170763,0.6,0.4,1,773,4.2,1,4.2,0.0,773.0,0.0,0.0,0.0,0.0,0
B09C6HXFC1,"R12D1BZF9MU8TN,R32MNCWO5LGFCG,RZU3UK8OZKD6X,R3BSTKR3JUW6GY,R1ARVYPXS4XPB7,R1V6GDYE2IBX8O,R28EG2PXZTJL90,R2SQNU7OIOOLHT",144,807,4.4375,6,0.03610675039246468,6,0,0.040892193308550186,0.6180555555555556,0.3819444444444444,0,807,4.5,3,4.5,0.0,807.0,1.0000000000000009,1.0000000000000009,1.0,0.0,0
B0B244R4KB,"R3C2WT83DOSL8U,R1GKC3NL9J667A,R2EQZSSQHG60ET,R1AA3R2AQC9MOM,R3IF70MWH0IS69,RQRALTGTHS809,R3128T0PG1V9CH,R1MUW41R427BHI",421,2194,4.116389548693586,31,0.0477021524141943,8,1,0.029626253418413857,0.5106888361045131,0.48931116389548696,2,2194,4.6,1,4.6,0.0,2194.0,0.0,0.0,0.0,0.0,1
B0BMGG6NKT,"R2RDC6R09NZ0TZ,R16LV4RNJLN09N,R3RKDGFWWFXK6U,R25FVBLAFKIAJU,R34P8ODO8FUBK6,RWO7FXQAVPEXH,R1Y7NG3L23T92Q,R2ESL9C3ALANVE",620,2971,3.5951612903225807,40,0.06063348416289593,0,0,0.02524402558061259,0.47419354838709676,0.5258064516129032,0,2971,4.2,1,4.2,0.0,2971.0,0.0,0.0,0.0,0.0,0
B082LSVT4B,"RGIQEG07R9HS2,R1SMWZQ86XIN8U,R2J3Y1WL29GWDE,RYGGS0M09S3KY,R17KQRUTAN5DKS,R3AAQGS6HP2QUK,R1HDNOG6TO2CCA,R3PHKXYA5AFEOU",254,1368,4.322834645669292,13,0.04044117647058824,0,0,0.03070175438596491,0.515748031496063,0.484251968503937,0,1368,4.0,2,4.0,0.0,1368.0,1.0000000000000009,1.0000000000000009,1.0,0.0,0
B092JHPL72,"R2U10LYYC10P7G,R247ATLN4EWIZW,R1MPFKYPRMO5YT,R1XY9CHD5RF3GK,RN7COQSQK4VHG,R77IUN9DGACP3,R1UEW20K7UFQ57,R1R38EQG1H6453",170,954,4.423529411764706,14,0.0398936170212766,0,0,0.04821802935010482,0.5647058823529412,0.43529411764705883,0,954,3.7,1,3.7,0.0,954.0,0.0,0.0,0.0,0.0,0
B08WRBG3XW,"R2BP8Y5OJXKJLF,R218813TNRHNSY,R3VIKEVJ5DBF5G,R2PQNCTR8TQCT4,R3FI11UEJC9ZOJ,R3ULCCZZHBNLA4,RELIQ4H7CYX2Q,R34K4FWTB5W7AY",190,1025,4.294736842105263,12,0.035758323057953144,2,0,0.03219512195121951,0.6157894736842106,0.38421052631578945,0,1025,4.1,2,4.1,0.0,1018.0,0.9011709190277899,0.9011709190277899,1.0,0.0,0
B09GFM8CGS,"RCP907FSHW2CI,R2XSNFIDSF8IL4,R2JB9PO5MV9LER,R1WOXRK1I1XUD1,R2R7NPFFHBHV2M,R209MH0VOGQ7EF,R276N47ZR7TWCM,RFYYONBM15HX5",215,1173,4.386046511627907,9,0.026652452025586353,0,0,0.0247229326513214,0.5348837209302325,0.46511627906976744,0,1173,4.1,1,4.1,0.0,1173.0,0.0,0.0,0.0,0.0,0
B0B3MWYCHQ,"R1AIQQLE21YDXS,R26ABOIUJ8UXJ7,R93L2MCBC4Y90,R2GDAM50Z413JN,R16TI1N60Q41BB,R1UEYEMD03OA5C,R16D88E4TNGL3M,R1WSNRYZ7VK0KB",376,2046,4.3537234042553195,25,0.033783783783783786,0,0,0.02541544477028348,0.4867021276595745,0.5132978723404256,0,2046,4.2,2,4.2,0.0,2046.0,1.0000000000000007,1.0000000000000007,1.0,0.0,0
B09J2MM5C6,"R3UEORHQEZE02I,R2UPOYZPNU8349,R3C3HZYNE1WHDQ,R1N8R67WYJGKMJ,R3UZ1PKYHGKLV6,R2KA8O97VAZJBJ,R3OL0GIELMWSPG,R1KWGTMTWTIMQ9",189,1021,4.296296296296297,6,0.03007518796992481,4,0,0.031341821743388835,0.5873015873015873,0.4126984126984127,0,1021,4.2,1,4.2,0.0,1021.0,0.0,0.0,0.0,0.0,0
B07Q4QV1DL,"R35G82LMN1P1V4,R2R9TCZMPRU2,R2IJXSRMFCQGXD,R3AZ1FCTLW335M,RQR59DAFHW3WV,R1Z1QLVITW84J4,R2YQHZ0LLWV1HI,RSC0FWSR0TQTI",105,589,4.495238095238095,6,0.046908315565031986,0,0,0.04074702886247878,0.5619047619047619,0.4380952380952381,1,589,4.5,1,4.5,0.0,589.0,0.0,0.0,0.0,0.0,0
B0B56YRBNT,"RBBUCW5C77081,R3OZNN0REGYW37,RPWJM0MSSSPKQ,RDOS8J6F5UUFR,R2FLPV0UUUZ7N9,R1V7G94DCYII33,R2JHT8YA8MKY6D,R2WB933QP966J7",85,481,4.588235294117647,3,0.07948717948717948,1,0,0.037422037422037424,0.6705882352941176,0.32941176470588235,0,481,3.8,1,3.8,0.0,481.0,0.0,0.0,0.0,0.0,0
B09NHVCHS9,"R3F4T5TRYPTMIG,R3DQIEC603E7AY,R1O4Z15FD40PV5,RDVX50PD4CTFE,R3H6WKG0TA5CGU,R3Q3L1KP5QWPV3,RU0LU2PAIIME,R20FTANBPFA653",131,661,3.9236641221374047,17,0.08300395256916997,0,0,0.06505295007564296,0.5877862595419847,0.4122137404580153,0,661,4.0,3,4.0,0.0,661.0,1.0000000000000004,1.0000000000000004,1.0,0.0,0
B01DF26V7A,"R2NB2K5XC70FKP,R3623Q21H3MKP6,R1XVC6NEYU3ZHV,RNFY9ZYM6195O,R3TUSIFSD4QCKJ,R22PD5EXXTFXP,R1LXC8W3AJAQ3I,R3U0OEWBKIO5Z3",217,1212,4.502304147465438,13,0.04253112033195021,0,1,0.03382838283828383,0.663594470046083,0.33640552995391704,2,1212,4.1,1,4.1,0.0,1212.0,0.0,0.0,0.0,0.0,0
B08K4PSZ3V,"R2FRXL54AFATWQ,ROBDUAJXECNYM,R6GD9MATBBC0,RGKPT6A78DSX2,R7UCUG9Q2AOY9,RWC4G90JFDFX5,RCDQUPWVIM6NN,R25MFNHA3G4KVK",240,1254,4.133333333333334,17,0.03662258392675483,0,0,0.03269537480063796,0.5791666666666667,0.42083333333333334,1,1254,3.8,2,3.8,0.0,1254.0,1.0000000000000004,1.0000000000000004,1.0,0.0,0
B0B4F1YC3J,"R2K5OD0MEEBTDL,RS1N6TNO33BOK,R6KWBGOKI1N9Y,R30SKUMYLSXXDN,R1EOYHZWCRSV7B,R13JBDK4SAAYFT,RJOU5K9ECNW7Y,R2APPRANV6IERZ",584,3227,4.352739726027397,36,0.048712871287128715,1,0,0.03253796095444685,0.4571917808219178,0.5428082191780822,0,3227,4.1,1,4.1,0.0,3227.0,0.0,0.0,0.0,0.0,0
B08K4RDQ71,"R2FRXL54AFATWQ,ROBDUAJXECNYM,R6GD9MATBBC0,RGKPT6A78DSX2,R7UCUG9Q2AOY9,RWC4G90JFDFX5,RCDQUPWVIM6NN,R25MFNHA3G4KVK",240,1254,4.133333333333334,17,0.03662258392675483,0,0,0.03269537480063796,0.5791666666666667,0.42083333333333334,1,1254,3.8,1,3.8,0.0,1254.0,0.0,0.0,0.0,0.0,0
B085CZ3SR1,"R28SHHTDCYFLEK,RV4W2N7V5XWQ2,RVXZKH1V12BGV,R2I4E5T7EM6I5F,R103G2OV6OFA3Q,R2RO9SXDGM8J5C,RRMMF8UU19VAL,R1ISB08X01VDS3",140,758,4.292857142857143,12,0.05843071786310518,2,0,0.040897097625329816,0.5642857142857143,0.4357142857142857,0,758,4.2,1,4.2,0.0,758.0,0.0,0.0,0.0,0.0,0
B09YV3K34W,"R26YAKWWPQSNL,R30L263BU0PTZP,R1A8G9G8J5Z3V5,RBTZE0Y27F7IZ,R39640821J2S6S,R75IA3ZAEBTFU,RCVN98N40B1C5,R3MDWPL6USKW2T",383,2131,4.456919060052219,29,0.03460410557184751,3,0,0.02674800563115908,0.5117493472584856,0.48825065274151436,0,2131,4.2,1,4.2,0.0,2131.0,0.0,0.0,0.0,0.0,0
B09Z6WH2N1,"R1EZC4VZXSJG4L,R1R39X4XI4GF5N,R2NR5VY4ULMZGZ,R1FGNEOQQOF3QC,R7BTN0BZCR0JG,R1IGYOAGJ9FW5U,R3B1Y0WDM2QS0U,R2KNU5Q3FUL54C",210,1119,4.261904761904762,15,0.029180695847362513,0,0,0.029490616621983913,0.5333333333333333,0.4666666666666667,0,1119,4.2,2,4.2,0.0,1119.0,1.0000000000000004,1.0000000000000004,1.0,0.0,0
B09NL4DJ2Z,"R3F4T5TRYPTMIG,R3DQIEC603E7AY,R1O4Z15FD40PV5,RDVX50PD4CTFE,R3H6WKG0TA5CGU,R3Q3L1KP5QWPV3,RU0LU2PAIIME,R20FTANBPFA653",131,661,3.9236641221374047,17,0.08300395256916997,0,0,0.06505295007564296,0.5877862595419847,0.4122137404580153,0,661,4.0,1,4.0,0.0,661.0,0.0,0.0,0.0,0.0,0
B0BGSV43WY,"RVRVEXC4LY123,R1T78WUQICUVWR,R1DOXKQXS4PKV4,RVUE4MKJEQRHT,R19TF5TUY71HKH,R37SY71K0T1BJN,R2S5BGMA1NFQKX,R1YLUKFUNEFOS8",159,940,4.710691823899371,29,0.07005494505494506,0,0,0.07021276595744681,0.7484276729559748,0.25157232704402516,1,940,3.5,1,3.5,0.0,940.0,0.0,0.0,0.0,0.0,0
B0926V9CTV,"R18WAOEKUC44AI,R1BGNNW7TQ5MPS,R2L7845B2RVR6N,RMOKL16V5DQIB,R3FXQ9F63UCILJ,R2L6CGYUBY0JJI,R7KWJGO2GW0F1,R1H7NLDDU8PSE6",181,934,4.0497237569060776,21,0.045205479452054796,1,0,0.044967880085653104,0.5248618784530387,0.47513812154696133,2,934,4.3,1,4.3,0.0,934.0,0.0,0.0,0.0,0.0,0
B07WGPKMP5,"R27MK332LTT5KS,R2TN6LNGD4FLYB,RVZJOLWLG5JZ9,R32Y3RXFGS0N8S,R1WG388SX6A8SS,R3FCO1GKVP9JHZ,REQQ0KOQUU7N5,RB48XNZD8P2Q4",225,1212,4.2844444444444445,24,0.040339702760084924,1,0,0.039603960396039604,0.5733333333333334,0.4266666666666667,0,1212,4.1,1,4.1,0.0,1212.0,0.0,0.0,0.0,0.0,0
B0BBFJ9M3X,"R3KJZVGMCEDPKA,R1EU6W1X8DZQN1,R3L27Z1PJ76EKV,R1834GGPCPMNI7,R1UMU1N5S0KAZR,R1WXD21WPVTX5W,RKAXT22G5HS62,R30RLRRT0OJMVO",172,882,4.046511627906977,15,0.047337278106508875,0,0,0.05215419501133787,0.627906976744186,0.37209302325581395,0,882,3.9,1,3.9,0.0,882.0,0.0,0.0,0.0,0.0,0
B09PLFJ7ZW,"R1VSKOXXZVR2QQ,RTHHAHQ848PU8,R1RNS2YZ7FXVD1,RMYPWXFB5Y3MQ,R2ZCXVKC7DFULV,R1MBN704BJGOUR,R357MDXJPLIJ9E,R38J3H1JQN20BI",182,932,4.010989010989011,14,0.042582417582417584,0,0,0.045064377682403435,0.5769230769230769,0.4230769230769231,0,932,3.9,1,3.9,0.0,932.0,0.0,0.0,0.0,0.0,0
B0B53NXFFR,"RZ7HZPPMZP6NJ,R3UU1TR7386E57,R3IX0H9MIZUJNR,R14GI2JBIZGJ61,R1U84J3FQUIM6L,R2ENIZDLLQ21KM,R2XNZ6AHVRFG25,R1JHP7LI8PMNM",116,662,4.5344827586206895,8,0.024761904761904763,0,0,0.04078549848942598,0.5344827586206896,0.46551724137931033,0,662,3.3,1,3.3,0.0,662.0,0.0,0.0,0.0,0.0,0
B07GNC2592,"R2RSNVMKFP7F3P,RH5W7R1Y9BY84,R249DXGFQ2JBLD,R2VNKWOJBOWTDG,R2YUL0HEHC0ZN2,R2I46FOK401C78,RSAI7CGWIHYS0,R3OJNER98OIMQL",238,1261,4.19327731092437,25,0.04417670682730924,4,0,0.034892942109436956,0.5840336134453782,0.41596638655462187,0,1261,4.0,1,4.0,0.0,1261.0,0.0,0.0,0.0,0.0,0
B09TP5KBN7,"RCYM7OUD8PKWH,RRK0TIGHV700F,RRAGI9YCKE2H9,R2R51I1D2W2K9X,RRI0B00NV10SB,R261OFDIUG1971,R2I7WIQ18HOAJR,R1MB58FBZOQYHE",94,545,4.659574468085107,14,0.05568445475638051,1,0,0.07155963302752294,0.7127659574468085,0.2872340425531915,0,545,4.0,1,4.0,0.0,545.0,0.0,0.0,0.0,0.0,0
B0949SBKMP,"R2HRFJXDH2U2QF,RBF3D3XXWV6MG,R35UVFYMTLRZXN,RAYDUICJELIOP,R37BU4XVJNNTLH,R8Q0FKDLJ9B8L,R38C74PL5UIY1Y,R211TH789OFH2F",255,1294,3.9098039215686273,20,0.04591836734693878,3,0,0.05255023183925812,0.5372549019607843,0.4627450980392157,1,1294,4.0,2,4.0,0.0,1306.0,0.9891392189580905,0.9891392189580905,1.0,0.0,0
B09V175NP7,"R2CU03OULJTK2A,R1SHVTKMHHOREL,R16MDWVEULVTGY,R24VBI0XML9AS5,RO1WU1XMSF20C,R17U7AO7GNBOX8,R2HES1EME0OXU4,RWYRMRDBVWYUO",104,549,4.009615384615385,8,0.05275779376498801,0,0,0.061930783242258654,0.6634615384615384,0.33653846153846156,0,549,3.9,1,3.9,0.0,549.0,0.0,0.0,0.0,0.0,0
B07WHSJXLF,"RJYLPPJ0FGP7W,R2FID5PFZZFEMW,R358SS960NFBLL,R3V2BSMUA81YBR,R11VQG0J80EBFL,R3ULSAT0BPNPG4,R2XXGJP0K25QJZ,R2PQ51W8C26K8S",290,1681,4.710344827586207,16,0.03099630996309963,0,0,0.026174895895300417,0.5758620689655173,0.4241379310344828,1,1681,4.3,1,4.3,0.0,1681.0,0.0,0.0,0.0,0.0,0
B0BD3T6Z1D,"R2DFHKY9SQTXGF,R52EDT5ZD6ZQF,R41500Y3DT8IX,R12TCJ1XMAA5LP,R1RWY2VHKKRTGR,R3EQX6JS3PVMLK,R1J6XAH9EKY79T,R7ZHZFO8L3X2W",1034,5672,4.3056092843326885,121,0.0730796170908242,1,1,0.04478138222849083,0.4148936170212766,0.5851063829787234,0,5672,4.1,1,4.1,0.0,5672.0,0.0,0.0,0.0,0.0,0
B09LHYZ3GJ,"R1A2H4LNTTSZKN,R29RZ6S6SY3H4F,R2MZ7BZ4991B7O,R125UHW97PT3OH,R1GNNZDXKP43DG,R1ZDKQ5659C68H,R36FYJ9DGL1QL1,R1IZDBZW18XJPH",433,2341,4.353348729792148,11,0.023180592991913745,0,0,0.022639897479709525,0.5150115473441108,0.48498845265588914,2,2341,4.1,1,4.1,0.0,2341.0,0.0,0.0,0.0,0.0,0
B07WFPMGQQ,"RJYLPPJ0FGP7W,R2FID5PFZZFEMW,R358SS960NFBLL,R3V2BSMUA81YBR,R11VQG0J80EBFL,R3ULSAT0BPNPG4,R2XXGJP0K25QJZ,R2PQ51W8C26K8S",290,1681,4.710344827586207,16,0.03099630996309963,0,0,0.026174895895300417,0.5758620689655173,0.4241379310344828,1,1681,4.3,1,4.3,0.0,1681.0,0.0,0.0,0.0,0.0,0
B09QS9X9L8,"R1GQJYYLCFOXJ8,ROASRYCFUFCK0,R1M63KP70YH4TU,RV26OEPPLTVTZ,RAS4252SOW901,R1EQV38U53I993,RD4X602L8KNNS",1797,9794,4.319977740678909,153,0.06008133280860554,1,1,0.03216254849908107,0.3567056204785754,0.6432943795214245,1,9794,4.1,1,4.1,0.0,9794.0,0.0,0.0,0.0,0.0,1
B0B6BLTGTT,"R2G9RHDQN3S511,R3GFHK3HJ4FRRZ,R3QKL6QNRFS6T,R1JGF7WFAYR6SA,R3QMM0HI96HW0Z,R3OW5MN95Z8BDO,R1NBO3NP1WH1V8,R9DM4KZATOPQE",304,1693,4.503289473684211,16,0.030325443786982247,2,0,0.026580035440047254,0.5361842105263158,0.46381578947368424,0,1693,4.1,1,4.1,0.0,1693.0,0.0,0.0,0.0,0.0,0
B077Z65HSD,"R1DXRMVWV2OVE8,R1G4I5FLAHM16P,R2BJFG3I9TAZ2P,R2WKO9Y6VGUOOP,R35RERUQG5AERU,RQVMA35UH4D2P,R1NECHJ8DC9INS,RDDDU5N0JHZS7",184,1033,4.521739130434782,16,0.06674907292954264,1,0,0.031945788964181994,0.6902173913043478,0.30978260869565216,0,1033,4.3,3,4.3,0.0,1033.0,0.9999999999999996,0.9999999999999996,1.0,0.0,0
B09W5XR9RT,"R1Y30KU04V3QF4,RK3DSUGKIZT8Z,R3BIG7J6V2JZTU,R1QI1HTJPGLS5O,R3SETXTOZ47CM4,R10SL1Q7F6CHBK,R1CBYX6RCGU739,R3PGNXSPA35NB3",147,765,4.068027210884353,15,0.04697986577181208,4,0,0.0457516339869281,0.5510204081632653,0.4489795918367347,0,765,4.4,3,4.4,0.0,765.0,1.0000000000000002,1.0000000000000002,1.0,0.0,0
B084DTMYWK,"R3JPYH668MK3JJ,R2PR9B2W94FLT2,R1P08EMGTQXLEZ,R2RS93VMF3PSHS,R3TJKDUB3GKBQ8,R1PKZ6WASMYMSG,RZV7UUDKB6JRH,R2Y3US2UNMI3UR",156,854,4.326923076923077,17,0.05319148936170213,0,0,0.04332552693208431,0.5833333333333334,0.4166666666666667,0,854,4.2,1,4.2,0.0,854.0,0.0,0.0,0.0,0.0,0
B0B53QLB9H,"RZ7HZPPMZP6NJ,R3UU1TR7386E57,R3IX0H9MIZUJNR,R14GI2JBIZGJ61,R1U84J3FQUIM6L,R2ENIZDLLQ21KM,R2XNZ6AHVRFG25,R1JHP7LI8PMNM",116,662,4.5344827586206895,8,0.024761904761904763,0,0,0.04078549848942598,0.5344827586206896,0.46551724137931033,0,662,3.3,1,3.3,0.0,662.0,0.0,0.0,0.0,0.0,0
B0BDYW3RN3,"R2A7MIUNOW8DOE,R2FXP703540FR1,R37E7QJET0BYE8,R1NOL0GE16P06G,R48EN3ANVWEX9,R17WYXS17TYDER,R2BMYAH01K8EG8,R23IO3LHHG39H",104,536,4.115384615384615,4,0.07246376811594203,0,2,0.04477611940298507,0.7115384615384616,0.28846153846153844,1,536,4.4,1,4.4,0.0,536.0,0.0,0.0,0.0,0.0,0
B0B3RS9DNF,"R34816YEM3Y2VJ,R3P1QZDIWJJYVR,R2HXC35HKL6S3E,R2CUWR6SL0MMRR,R3PWLUFNP117X0,R2PK2034NVCPNH,R2YJZKVTCUJAVZ,R27X5G6UFUKCM9",853,4595,4.257913247362251,40,0.01926836079307456,0,0,0.035038084874863984,0.39859320046893315,0.6014067995310668,2,4595,4.3,1,4.3,0.0,4595.0,0.0,0.0,0.0,0.0,1
B09QS9X16F,"R1GQJYYLCFOXJ8,ROASRYCFUFCK0,R1M63KP70YH4TU,RV26OEPPLTVTZ,RAS4252SOW901,R1EQV38U53I993,RD4X602L8KNNS",1797,9794,4.319977740678909,153,0.06008133280860554,1,1,0.03216254849908107,0.3567056204785754,0.6432943795214245,1,9794,4.1,1,4.1,0.0,9794.0,0.0,0.0,0.0,0.0,1
B08HV25BBQ,"R2IUZKZ2BFCQPB,RS3FCMS4SCQ6V,R1DKS4CX2ELE9L,R2O8KBZUC4EB8A,RNT0QZ6SRDN5V,R3H9YQ6S3H3GLL,R3W56W4AW11KW1,RPJ5DDRIN3STD",53,280,4.09433962264151,3,0.07834101382488479,0,0,0.075,0.6981132075471698,0.3018867924528302,0,280,4.0,1,4.0,0.0,280.0,0.0,0.0,0.0,0.0,0
B09LJ116B5,"R1A2H4LNTTSZKN,R29RZ6S6SY3H4F,R2MZ7BZ4991B7O,R125UHW97PT3OH,R1GNNZDXKP43DG,R1ZDKQ5659C68H,R36FYJ9DGL1QL1,R1IZDBZW18XJPH",433,2341,4.353348729792148,11,0.023180592991913745,0,0,0.022639897479709525,0.5150115473441108,0.48498845265588914,2,2341,4.1,1,4.1,0.0,2341.0,0.0,0.0,0.0,0.0,0
B0BMVWKZ8G,"R3673WOUZQ8VY4,R3129KHZHX9V13,RDPHA1Q2BUYT2,R1Z655ELTMOH4N,R1J3D9HLJQKZTS,R2B7BEQ6YQOWVO,R2SF8G03AVZDBK,R9UEQQ3FCV3UD",102,564,4.372549019607843,4,0.056179775280898875,0,0,0.047872340425531915,0.6274509803921569,0.37254901960784315,0,564,4.3,1,4.3,0.0,564.0,0.0,0.0,0.0,0.0,0
B0BD92GDQH,"R2E39V9PQNSKB2,R3UPIMMS24KIKB,RM0KONA0D7IDQ,R72MOQ4D28G1E,R1X07P7FPU0WD8,R7VI24QL64CL,RE10WZDEARA78,R5P9JRFHZZ909",321,1792,4.526479750778816,16,0.03268428372739916,0,2,0.026785714285714284,0.573208722741433,0.42679127725856697,0,1792,3.8,1,3.8,0.0,1792.0,0.0,0.0,0.0,0.0,0
B08Y1SJVV5,"R7S8ANNSDPR40,R3CLZFLHVJU26P,RFF7U7MPQFUGR,R1MV1NKC23DWPI,R11D3U0V2XKDKF,R1XN72FU6Q37IH,R18MP1KLUE18PC,RWGJNVEH5ZQME",80,449,4.525,7,0.08022922636103152,0,0,0.07349665924276169,0.575,0.425,0,449,3.9,2,3.9,0.0,461.0,0.9848059647333228,0.9848059647333228,1.0,0.0,0
B0B5GF6DQD,"RPGI8FD8L5XJ6,R36XGTWLTTWPKY,R11S82IA4CCOBF,R2N5BCWW3L6N61,R368GSXQQ4XZOQ,R2IX7Y214VQ393,R3E53UMP67OLFQ,R1A09WDPBYAYY5",61,341,4.39344262295082,7,0.07835820895522388,0,0,0.07917888563049853,0.6885245901639344,0.3114754098360656,0,341,3.7,1,3.7,0.0,341.0,0.0,0.0,0.0,0.0,0
B09JS94MBV,"R27C4TPKHXYBRU,R1WGISGIIXAU1B,R2WFSJJW04UWJ8,R2QYC49E7WPALL,R1URJDO4NTW2ML,R3D6T949ZTO02J,RL8X7H598LEE4,RB0LBG619UMSN",116,683,4.7844827586206895,14,0.049723756906077346,0,0,0.060029282576866766,0.6896551724137931,0.3103448275862069,0,683,4.0,1,4.0,0.0,683.0,0.0,0.0,0.0,0.0,0
B09YV463SW,"R2VEHBS4GTI9SH,R560D18O1BJM7,RYPXAOQI77XRF,R2T1AP2XBIAQBK,RU2RYKNTJU52I,R3D6UA9AB1KZ5D,R1YFZYNSZI9FAG,RQU8SHDXBG8NZ",258,1406,4.275193798449612,15,0.05069124423963134,0,0,0.03769559032716927,0.5426356589147286,0.4573643410852713,1,1406,4.2,1,4.2,0.0,1406.0,0.0,0.0,0.0,0.0,0
B07XLCFSSN,"R213ILI3XNVHQ0,R1LZN1V8UCR9IU,R1EBFTZINSJ0LG,R3BKR3VZ1U81LW,R5OJ20F8H5T8U,R1FKQR9LSBVLH2,R3R8UN7IQY7EIT,R2WBDNEW6HCVSH",217,1227,4.557603686635945,13,0.03242147922998987,1,0,0.02526487367563162,0.5714285714285714,0.42857142857142855,0,1227,4.4,3,4.4,0.0,1227.0,1.0,1.0,1.0,0.0,0
B09NL4DCXK,"R2XF84DPH68G5Y,R272LVPQ9OGM0S,RBQF76FUWS8PH,RUV6A5DB7ROJU,R25Z9XP6UQKEBZ,R33QHW049WSWGB,R3QAWS03V5OYSG,R3407AFPL16VUS",104,558,4.288461538461538,8,0.059770114942528735,0,0,0.04838709677419355,0.7019230769230769,0.2980769230769231,0,558,3.9,1,3.9,0.0,558.0,0.0,0.0,0.0,0.0,0
B0B8CHJLWJ,"R3SMBF0YI93Z13,R32MW4CZK929NC,R1SHQ7Y1O213S7,RFCIU1144956F,R29OJILEK4V1FH,R1MEGOIYHS8OLM,R1WY4BGMPQ0EYI,R2XGJ9GML1PUJO",252,1394,4.444444444444445,15,0.03222918531781558,0,0,0.027259684361549498,0.5476190476190477,0.4523809523809524,0,1394,4.5,1,4.5,0.0,1394.0,0.0,0.0,0.0,0.0,0
B0B8ZWNR5T,"R1EZC4VZXSJG4L,R1R39X4XI4GF5N,R2NR5VY4ULMZGZ,R1FGNEOQQOF3QC,R7BTN0BZCR0JG,R1IGYOAGJ9FW5U,R3B1Y0WDM2QS0U,R2KNU5Q3FUL54C",210,1119,4.261904761904762,15,0.029180695847362513,0,0,0.029490616621983913,0.5333333333333333,0.4666666666666667,0,1119,4.2,1,4.2,0.0,1119.0,0.0,0.0,0.0,0.0,0
B0BBFJLP21,"R3KJZVGMCEDPKA,R1EU6W1X8DZQN1,RE8OSDUM47BMX,R3L27Z1PJ76EKV,R1834GGPCPMNI7,R1UMU1N5S0KAZR,R1WXD21WPVTX5W,RKAXT22G5HS62",167,860,4.065868263473054,15,0.05,0,0,0.053488372093023255,0.6287425149700598,0.3712574850299401,0,860,3.9,1,3.9,0.0,860.0,0.0,0.0,0.0,0.0,0
B01F262EUU,"R10FUJSCR3VYHY,R2Y8B5LQ5HLACQ,R3BC8GS9GGMBTI,R2BO0XUUDY4ZA3,RN23FCU4EP3F3,RDGNXFM923PG4,R26PGAI8JKY8XB,R381CGOL80J2QM",140,773,4.321428571428571,17,0.052100840336134456,0,1,0.06727037516170763,0.6,0.4,1,773,4.2,1,4.2,0.0,773.0,0.0,0.0,0.0,0.0,0
B09VZBGL1N,"R1SWNKZP36AU1J,R2T4RPK1O46TBX,R1WBRQ50IN70OF,RE0HLO48TPM4O,R2V8WPXZSTAKKE,RMQ0XU5QGL5LV,R2URDJTQLPFEYH,R2P9AVX3K59AMP",61,384,5.081967213114754,5,0.058823529411764705,0,0,0.0625,0.6885245901639344,0.3114754098360656,1,384,4.1,1,4.1,0.0,384.0,0.0,0.0,0.0,0.0,0
B0BNVBJW2S,"R2IIY08QX4SR46,R267DLLCKGD15M,R31P4MQH7YLP4I,R42A5QTEMPPGQ,RHE6HF6ZA5R2W,R1YAD59EAWIPJS,RYH2UHSWNFEWJ,R23524DWSS2QQ3",290,1627,4.506896551724138,29,0.0514018691588785,0,0,0.03995082974800246,0.5758620689655173,0.4241379310344828,0,1627,4.1,1,4.1,0.0,1627.0,0.0,0.0,0.0,0.0,0
B0B2DJ5RVQ,"RMN6DAWRN6MNN,R1GQKFSLO6JQPG,R2D1O37R5BY6XH,R1WVLTHBMN7N0E,R8WN9F9D8U570,RPW50TOB01UYA,R11TIPQDVW2QS6,R3R2G8NOZZEM2R",148,797,4.3108108108108105,11,0.032915360501567396,0,0,0.03136762860727729,0.6621621621621622,0.33783783783783783,1,797,4.3,1,4.3,0.0,797.0,0.0,0.0,0.0,0.0,0
B096TWZRJC,"R3IBC8ULMDZUKM,R347N3QN1A9C,RUY22A4DUCUEL,R11AIQ47T2I3TL,R3LJ607WFYPUQ4,R3COKVLLD9MI38,R295JPL1432HLX,RCIVIPD80E5T8",376,2041,4.329787234042553,24,0.029556650246305417,0,0,0.028907398334149927,0.5345744680851063,0.4654255319148936,0,2041,4.1,1,4.1,0.0,2041.0,0.0,0.0,0.0,0.0,0
B09GP6FBZT,"RRF41F2P7DFYP,R2SE5XVJ5LORTD,R2N5ZJZILGOY2N,R1SQ6MJK0SVC2A,RMDL90RMZO5Y,R1QERTKSSSD95F,R3FN5C259GVPPY,R2FT933TABEB7O",415,2323,4.4795180722891565,24,0.023796646836127637,0,0,0.025398191993112353,0.472289156626506,0.5277108433734939,2,2323,4.3,1,4.3,0.0,2323.0,0.0,0.0,0.0,0.0,0
B0B3DV7S9B,"R3M6TF2LH1H23Q,RT3G3MB3U8LC1,R3GU8IR94309OK,R2LWF5MF37BRFN,R16HGOYD8RITO8,RS7K2VARSRPPH,R29RY4BYVG8N55,R1WPHPSV5DKHQJ",74,372,4.027027027027027,1,0.050335570469798654,0,0,0.04032258064516129,0.581081081081081,0.4189189189189189,0,372,3.6,1,3.6,0.0,372.0,0.0,0.0,0.0,0.0,0
B09MKP344P,"RMGE5B6FD1FS5,R1FN1REHXYLMZ,R1BL6NYV6D8W1M,RJHBMPZRSI8AJ,R144IGLWP70M8K,RHSVGQWZTK60L,R2M5S0A5M8DPEJ,RWJG2SH0FCSIY",117,588,3.982905982905983,4,0.0391304347826087,0,0,0.034013605442176874,0.6495726495726496,0.3504273504273504,0,588,4.1,1,4.1,0.0,588.0,0.0,0.0,0.0,0.0,0
B08JW1GVS7,"R1PRZD3XZDNYN9,R2ZE4LMVZ6V163,RKC553AXS535M,R333JM0032BELJ,R5S6E55NYGJUK,R2ZE9NQLM0OD5B,RNZNVONK9XAL7,RIZOHKWA7NHO4",595,3164,4.205042016806723,50,0.0416156670746634,0,0,0.02970922882427307,0.453781512605042,0.5462184873949579,1,3164,4.0,1,4.0,0.0,3164.0,0.0,0.0,0.0,0.0,0
B09LHZSMRR,"R1A2H4LNTTSZKN,R29RZ6S6SY3H4F,R2MZ7BZ4991B7O,R125UHW97PT3OH,R1GNNZDXKP43DG,R1ZDKQ5659C68H,R36FYJ9DGL1QL1,R1IZDBZW18XJPH",433,2341,4.353348729792148,11,0.023180592991913745,0,0,0.022639897479709525,0.5150115473441108,0.48498845265588914,2,2341,4.1,1,4.1,0.0,2341.0,0.0,0.0,0.0,0.0,0
B0B5V47VK4,"R28G51B8I2WH0N,R1PAALMCY8OGOR,R2S1GDT2RANQ20,R3F1K3SM97DG5P",1235,6569,4.177327935222672,80,0.028919929175683652,5,3,0.031054955092099254,0.3781376518218624,0.6218623481781377,1,6569,4.3,1,4.3,0.0,6569.0,0.0,0.0,0.0,0.0,1
B08H21B6V7,"RGIN9AS9WAQNP,R2TI5S1VH0Z88G,R3K4W8ED08OFWZ,RHSML7W05JVC0,R1CFTT0Q5RRC8C,R3SMLK8O4PUTW5,R3BHJRLDSTVS7W,RO0KLBJXV6XCR",179,1001,4.418994413407821,16,0.03426395939086294,0,0,0.05094905094905095,0.6703910614525139,0.329608938547486,0,1001,3.9,1,3.9,0.0,1001.0,0.0,0.0,0.0,0.0,0
B09BNXQ6BR,"R1JO87DOGUEQHC,R1UQ0AYNB30CZS,R34O4E591I5RJN,R2X9U1VWHBNIAX,RPRRWM1J2QDNP,R32LTUGL01I85B,R1HKJTBFVLO3DB,R3S7HEACPHR8D5",346,1774,4.043352601156069,20,0.03256150506512301,0,0,0.032130777903043965,0.5144508670520231,0.48554913294797686,1,1774,4.1,1,4.1,0.0,1774.0,0.0,0.0,0.0,0.0,0
B01FSYQ2A4,"R2E3GV1LFGQNFD,R3IM6TBVGY4SYQ,R236B8Q3BSGZJ7,RO9KNXZ2RH2TI,RT2VNM024LSCP,R3PRBLGHPRCZ6A,R1AYA1JIHAVM50,RR81G0GIJQKT9",1682,9942,3.984542211652794,100,0.044417401886218434,2,1,0.1648561657614162,0.3376932223543401,0.6623067776456599,2,9942,4.1,2,4.1,0.0,9942.0,1.0000000000000002,1.0000000000000002,1.0,0.0,1
B08L5FM4JC,"R2A7MIUNOW8DOE,R2FXP703540FR1,R37E7QJET0BYE8,R1NOL0GE16P06G,R48EN3ANVWEX9,R17WYXS17TYDER,R2BMYAH01K8EG8,R23IO3LHHG39H",104,536,4.115384615384615,4,0.07246376811594203,0,2,0.04477611940298507,0.7115384615384616,0.28846153846153844,1,536,4.4,1,4.4,0.0,536.0,0.0,0.0,0.0,0.0,0
B0B54Y2SNX,"R3VBC6VU8OT0QP,RNFZF13HB44YR,R2UQNJFA27MAKM,R1EURXJL39I8LN,R33PGOF5ODIFCJ,R3MN2XSFL7T48O,RDVFTWAGEQNT,R2GHXYM6OGD6TQ",110,648,4.736363636363636,11,0.046242774566473986,6,0,0.04938271604938271,0.6,0.4,2,648,3.8,1,3.8,0.0,648.0,0.0,0.0,0.0,0.0,1
B08BQ947H3,"R18D9LZAYX9JSY,R2TD56H4WD69RD,R3022ERQVPT7PV,R3T0CWF358RZNJ",1394,7564,4.296269727403156,78,0.05073318725771111,9,1,0.03146483342147012,0.34433285509325684,0.6556671449067432,0,7564,4.3,2,4.3,0.0,7564.0,1.0000000000000004,1.0000000000000004,1.0,0.0,1
B082T6V3DT,"R1Q0PEVL6X8WZJ,RW0MMI9AUXK5J,R2F3ACPBFRCFSK,R2SB3XYC8XHNUQ,R5L8G10EKZ9ZR,R3W2X53D3BLIBR,R29J3JSPZYQYCM,R35I0ZZH2J58P7",265,1378,4.09811320754717,15,0.03515263644773358,0,0,0.02539912917271408,0.5207547169811321,0.47924528301886793,0,1378,4.3,3,4.3,0.0,1378.0,1.0000000000000004,1.0000000000000004,1.0,0.0,0
B0B7DHSKS7,"R3T70N2JGTAPV2,R1LWQEOFIRU2NO,R1YDTGG09KKA7E,R2I90G9MLZ2RUP,RBQKKFWRS8SOH,R223TL7W5MX14P,R3S3ER956A091,RHWFJRSKL5O8R",673,3721,4.383358098068351,45,0.030116358658453114,0,3,0.035474334856221444,0.46953937592867756,0.5304606240713224,0,3721,3.5,1,3.5,0.0,3721.0,0.0,0.0,0.0,0.0,0
B09SJ1FTYV,"R1E6PBJHMY4C1G,R3JHVSY69JG16Z,R2YVWM2WLBVV3S,R1QB2R2UJ7S2TI,RQXMAOZFDCUDY,R1G1M7XDU4T4HP,R3SHXIE18BG29W,R18I768SMTQA1X",126,738,4.650793650793651,22,0.06076388888888889,0,0,0.08130081300813008,0.5714285714285714,0.42857142857142855,1,738,4.0,1,4.0,0.0,738.0,0.0,0.0,0.0,0.0,0
B09XJ5LD6L,"RRKAMPIXSKUW,R3SXQQ9NVG7HOY,R3UW73PKX5XAOA,R3U8JXSUPY8MSJ,R3B9EB3AG57TR9,R2QNWBZRD42XTY,R2E243OBZNQZ4Q,R11DCSCBEFMX5F",1193,6534,4.365465213746857,97,0.02396726422447389,0,0,0.026323844505662688,0.3788767812238055,0.6211232187761945,0,6534,3.9,1,3.9,0.0,6534.0,0.0,0.0,0.0,0.0,0
B07WHS7MZ1,"RJOCZ7VETYOPA,R3UXDJEW3BYXBD,RMTUS17UNIUS9,R2FBEMK4172QZP,R3PG1FBD4TX2RF,R2IG7GBJ9W9AIJ,RXUP19LST693F,R2OOPASHLKF3SX",1095,5922,4.275799086757991,53,0.038594969644405897,0,0,0.02971968929415738,0.4063926940639269,0.593607305936073,0,5922,4.3,1,4.3,0.0,5922.0,0.0,0.0,0.0,0.0,0
B0BBVKRP7B,"RQOWF9MFTN6CQ,R23B5JORWWE85P,R3SB0VOD36AXI0,R21GGYJ4354Q5J,R2L4513I3EHE9T,R1PKO3C46KVSKW,R2MGVNOXZZ1BWP,R2IYFCFPLPOX6C",162,694,3.1296296296296298,10,0.041501976284584984,0,1,0.03602305475504323,0.654320987654321,0.345679012345679,0,694,2.8,1,2.8,0.0,694.0,0.0,0.0,0.0,0.0,0
B09NY7W8YD,"RQRTXJPYHHSFL,R18MNNVQYGQHHE,R1KJ85AGYAQR4S,R1T49OPXXOLBI5,R1UUEAIVGFS3CT,R3UJT4TR76E3A,R2U1YEB0JD1J6F,R16JEBARKXZ8BX",185,813,3.2,5,0.04,0,0,0.041820418204182044,0.6108108108108108,0.3891891891891892,1,813,3.8,1,3.8,0.0,813.0,0.0,0.0,0.0,0.0,0
B0BMM7R92G,"R1WVE2XLG4MKR0,R1V82XUZ6QXB7R,R3DYS5BGGSYC15,R3CC60ZW27R468,R1COHLUY0DPGX5,R2B1KPMU711L9C,R3PTZIPG57O5A6,R3FD50GUF74ZCS",111,604,4.387387387387387,8,0.06570841889117043,0,0,0.03642384105960265,0.5135135135135135,0.4864864864864865,1,604,4.5,1,4.5,0.0,604.0,0.0,0.0,0.0,0.0,0
B08M66K48D,"R2K2YNHJ952H5J,R1I8HU4RYFCVYW,R2DH2MLDOFTD73,R35L5ENDJ4MHKH,R3GBYEZ0GVZWLC,R1774TGNOXHCP3,R3RHTIGZI3S51Q,R2378C6LJXZXO1",247,1395,4.534412955465587,25,0.04504504504504504,0,0,0.03727598566308244,0.6032388663967612,0.3967611336032389,0,1395,4.3,1,4.3,0.0,1395.0,0.0,0.0,0.0,0.0,0
B09RFB2SJQ,"R31BGTIUFLQNT5,R1OQRF5LZIEHR4,R29Q5SDNP9JWZB,R1AZR3AI0IHB30,R13H3ADGD1MXRT,RBWFP5OHEVKRS,R1M1HGIX59ETCA,R1IVSKQW9YSH7V",149,733,3.8456375838926173,9,0.04013961605584642,0,0,0.03956343792633015,0.5100671140939598,0.4899328859060403,1,733,4.1,1,4.1,0.0,733.0,0.0,0.0,0.0,0.0,0
B0B82YGCF6,"RGEDIZCX7LB34,R19GGFEAAXAUKK,R3L3EFRRM8X2IY,REN3MEL7IYDKT,R2H176Z5380NWJ,R1AFCXRUZ8KCCK,R16381PP969JBP,RFDKRGYGQB7U6",162,891,4.3580246913580245,13,0.030042918454935622,0,0,0.04377104377104377,0.5987654320987654,0.4012345679012346,0,891,3.0,1,3.0,0.0,891.0,0.0,0.0,0.0,0.0,0
B08HF4W2CT,"R3FQMPLCZV75E,R3CXYW32DE2XCE,R3VMIAJI5S2S9M,R33BXR8IIASQCO,R31X014WG1MEMQ,RNZ3UOYY7B2N0,R28IU0P7UBCRG6,R34GOU1HWA68GA",102,553,4.333333333333333,6,0.11337868480725624,0,0,0.045207956600361664,0.7647058823529411,0.23529411764705882,0,553,4.0,1,4.0,0.0,553.0,0.0,0.0,0.0,0.0,0
B08BCKN299,"RO163Q6WRVSZZ,R28DMP1E79OWIH,R2FJI6OH7CFVRL,R1CHL5MG2PHSFJ,R2T11MDTCMZ8IQ,RV544Y0ARIS17,ROHRC9ZCY3ZKI,R28O9QSWHZF2KK",322,1758,4.3478260869565215,24,0.046242774566473986,1,0,0.03640500568828214,0.5062111801242236,0.4937888198757764,1,1758,3.9,2,3.9,0.0,1770.0,0.9939906698192639,0.9939906698192639,1.0,0.0,0
B0B2X35B1K,"R3PAFFUU229VTJ,R1FZWI2NPCR3IO,R3BENPL8J8RWGA,R1L15IJRIO4PAL,R3GC9CY0SL1XKW,R2ONYYWA0QB6FS,RP7C5V4J1BO3B,R2WXTI182FAGGR",211,1162,4.4454976303317535,12,0.027807486631016044,0,0,0.024096385542168676,0.6445497630331753,0.35545023696682465,0,1162,4.1,1,4.1,0.0,1162.0,0.0,0.0,0.0,0.0,0
B09QS9CWLV,"R1GQJYYLCFOXJ8,ROASRYCFUFCK0,R1M63KP70YH4TU,RV26OEPPLTVTZ,RAS4252SOW901,R1EQV38U53I993,RD4X602L8KNNS",1797,9794,4.319977740678909,153,0.06008133280860554,1,1,0.03216254849908107,0.3567056204785754,0.6432943795214245,1,9794,4.1,1,4.1,0.0,9794.0,0.0,0.0,0.0,0.0,1
B0B1NX6JTN,"R6LNTBPRGQ5SH,R8XCX03RG32U,RNP9KG0AKI8QG,R3LP9C2W2RTAQH,R2FX53CQOLKI7A,R2FAY534DIE3GK,R3BS9HLFNF3IKI,R35GQXCRXTDQ4Y",208,1170,4.543269230769231,13,0.02771855010660981,0,0,0.02735042735042735,0.625,0.375,2,1170,4.3,1,4.3,0.0,1170.0,0.0,0.0,0.0,0.0,0
B078G6ZF5Z,"R1DSLJ58BW45MG,RZF2IS7TK6MF4,RLAJSE9228SAA,RHZFWFPW57PEH,R5V3SEBXEYTV9,R3QW79LOKH6EDA,R15LLZLNGUHHTJ,R2NS5ZCYJFF5KE",186,989,4.150537634408602,21,0.077733860342556,0,0,0.0525783619817998,0.5967741935483871,0.4032258064516129,2,989,4.0,2,4.0,0.0,989.0,1.0000000000000056,1.0000000000000056,1.0,0.0,0
B0BBW521YC,"R173QPQASTIM5E,R2RU5623DZ9ZWI,R16QI7DHVXJVCI,R3JNLJTK4WJSKY,RLJ5VUW87FE0G,R3VFYJ2WAD73ZC,R37T2ABX4GMGHX,RAR3D2XLJPVF7",165,927,4.490909090909091,13,0.04206241519674356,1,0,0.042071197411003236,0.6545454545454545,0.34545454545454546,1,927,4.4,1,4.4,0.0,927.0,0.0,0.0,0.0,0.0,0
B09HSKYMB3,"R1GS92IDBGXYCS,R8H8QTOWYMITR,RCSP9RH3A0VAE,R2S4F8S012C7RT,RVRXFESU2TRZK,RSKOVH69IL8VG,R2OUN5B9KJNAPN,R2EBVOLHYZ8SFR",95,506,4.2,10,0.07672634271099744,4,0,0.05731225296442688,0.631578947368421,0.3684210526315789,0,506,4.3,1,4.3,0.0,506.0,0.0,0.0,0.0,0.0,0
B09YV42QHZ,"R2VEHBS4GTI9SH,R560D18O1BJM7,RYPXAOQI77XRF,R2T1AP2XBIAQBK,RU2RYKNTJU52I,R3D6UA9AB1KZ5D,R1YFZYNSZI9FAG,RQU8SHDXBG8NZ",258,1406,4.275193798449612,15,0.05069124423963134,0,0,0.03769559032716927,0.5426356589147286,0.4573643410852713,1,1406,4.2,1,4.2,0.0,1406.0,0.0,0.0,0.0,0.0,0
B09BF8JBWX,"R2FRXUVIUPO3JD,R2S7JVQ4Z9GYLB,R2U2GZZ9ZUDTE1,R33GW8VLIA7TOI,R35DGD2XREWO5P,R17TQA9TZKL5LH,R15HVUSH6RX8V2,R3UME3PEOKCQ5B",60,316,4.166666666666667,7,0.09836065573770492,0,0,0.10126582278481013,0.65,0.35,0,316,3.8,1,3.8,0.0,316.0,0.0,0.0,0.0,0.0,0
B0B5YBGCKD,"RM88OEEDBGL7E,RA49OAQBPGOY1,R1P18CRYE9Z987,R1NE7OSB0O86A5,R2CN1JTT7L1C7H,R20OTH46ZTVPQN,RDXU0X5IQVEFY,R1F0IEQUUDWM18",414,2189,4.200483091787439,32,0.03356481481481482,6,0,0.025582457743261764,0.5314009661835749,0.46859903381642515,0,2189,4.3,1,4.3,0.0,2189.0,0.0,0.0,0.0,0.0,0
B01GGKYKQM,"R1BC08IFG4REKS,R1FJKIHIO54SOW,R3JR48W2CI480,R3JH7SHSXDT1GT,R35QWAY83WL8H6,R25N2U90N2A5AS,R19AK3DT3JOE82,R210WJI15JCSRE",147,790,4.2517006802721085,13,0.05608974358974359,4,0,0.04430379746835443,0.6666666666666666,0.3333333333333333,0,790,4.3,3,4.3,0.0,790.0,0.9999999999999999,0.9999999999999999,1.0,0.0,0
B09MY4W73Q,"R1B4DF1E33G2SC,R1EUC6Y0ZY18QE,R3BW81NGN6FTO4,R1LUISQ85F9MSU,R1J90WSEGDNEMJ,RI68W30TV8E76,R3BBHIDI76JIAY,R1V51JJ6JQXQU6",188,1088,4.670212765957447,18,0.04228571428571429,2,0,0.03676470588235294,0.5638297872340425,0.43617021276595747,0,1088,4.3,1,4.3,0.0,1088.0,0.0,0.0,0.0,0.0,0
B08R69VDHT,"R2VUNGNI96EEJ7,R2JGNI2T5LVFRQ,R9ISXRV6DA0OY,RZFW11UFTCBVH,R1WGHB13Q2OLYA,R11ETJ640KDIRW,R2IA54QBAYAGND,R23Y3AD6E6GE9N",173,935,4.294797687861272,19,0.028688524590163935,2,0,0.038502673796791446,0.6647398843930635,0.3352601156069364,0,935,4.0,3,4.0,0.0,935.0,0.9999999999999997,0.9999999999999997,1.0,0.0,0
B09T37CKQ5,"R2XF84DPH68G5Y,R272LVPQ9OGM0S,RBQF76FUWS8PH,RUV6A5DB7ROJU,R25Z9XP6UQKEBZ,R33QHW049WSWGB,R3QAWS03V5OYSG,R3407AFPL16VUS",104,558,4.288461538461538,8,0.059770114942528735,0,0,0.04838709677419355,0.7019230769230769,0.2980769230769231,0,558,3.9,1,3.9,0.0,558.0,0.0,0.0,0.0,0.0,0
B09GFPN6TP,"RCP907FSHW2CI,R2XSNFIDSF8IL4,R2JB9PO5MV9LER,R1WOXRK1I1XUD1,R2R7NPFFHBHV2M,R209MH0VOGQ7EF,R276N47ZR7TWCM,RFYYONBM15HX5",215,1173,4.386046511627907,9,0.026652452025586353,0,0,0.0247229326513214,0.5348837209302325,0.46511627906976744,0,1173,4.1,1,4.1,0.0,1173.0,0.0,0.0,0.0,0.0,0
B0B298D54H,"R1A8VRVLZEPPCO,R1G1WGHDY6EN6V,RDPRCGL4SELOQ,R14VFIZGF8DVCC,R3L5E72O2NPWAX,R1H6XVMAKGROHM,RL8QQ5LOOTC1B,R2USFYNMVOB95A",242,1334,4.400826446280992,24,0.055449330783938815,0,0,0.04272863568215892,0.5413223140495868,0.45867768595041325,2,1334,3.7,1,3.7,0.0,1334.0,0.0,0.0,0.0,0.0,0
B08VB57558,"R3R5DS04EXELTJ,R3JBXYOBYRX0A8",1951,10114,4.023577652485905,154,0.057489245209229566,1,0,0.03223254894206051,0.3157355202460277,0.6842644797539723,0,10114,4.2,1,4.2,0.0,10114.0,0.0,0.0,0.0,0.0,0
B09CMP1SC8,"R37D7HJR4MR520,RPXR67LNCQALE,R1K9WE1GDB2PP0,R34PZ2AX727RPD,R2HALNEM14EW7P,R3D6EV6X38WU4Q,R2NCR8UX28VRH4,R3PTXRLR7MPN25",294,1562,4.122448979591836,22,0.043153526970954356,0,0,0.0441741357234315,0.4965986394557823,0.5034013605442177,0,1562,4.1,3,4.1,0.0,1562.0,0.9999999999999999,0.9999999999999999,1.0,0.0,0
B09YLXYP7Y,"R8QBCR9MM1LGY,R3VN8XDH215N7I,R341EQRY87EZP,R3HHTVIHY2U1FO,RNA87JCGRTQJU,RZ12R7OYYP0KX,R2GZZ3WYE0JJYA,RHE3HXKSONROE",87,487,4.367816091954023,10,0.08423913043478261,2,0,0.061601642710472276,0.5172413793103449,0.4827586206896552,0,487,4.0,3,4.0,0.0,487.0,1.0000000000000002,1.0000000000000002,1.0,0.0,0
B0B9BXKBC7,"R2MI4KSWYUEMDR,R2MNYKDL2UII1M,R2C6TUBM6IVLB0,R3VJF3LZ7XK3WV,R351DYT9RZYVC0,R2127U989S6ZZU,R29GQ8L9MVSU6H,R2H35ITTKGQLBH",242,1320,4.330578512396694,19,0.10707456978967496,3,1,0.035606060606060606,0.6239669421487604,0.3760330578512397,2,1320,4.6,2,4.6,0.0,1320.0,1.0000000000000002,1.0000000000000002,1.0,0.0,0
B09NY6TRXG,"R2FHGVLNMCEDS3,R1AHSDM5M325MM,R3E7Z6ZZCWNVTP,R2ARI9ILETH6A0,R1KRTG4TU6MUCU,R3SBJYLLR84FNM,R10IL98NTGTQH1,R2MS0CPATDN53O",111,597,4.288288288288288,6,0.05919661733615222,0,0,0.04187604690117253,0.6666666666666666,0.3333333333333333,1,597,3.9,1,3.9,0.0,597.0,0.0,0.0,0.0,0.0,0
B09NVPJ3P4,"R3B5HP4PJ8JIOG,R2NS7Z2XUJL73H,R3DLYP0JW3PWDP,R3HWHOM95KCAZV,R2EVYBZOHRZ8NQ,R2U4UV55GHL0AB,R2E6IQWP86JIVZ,R225NQB3ASPXBV",129,757,4.713178294573644,8,0.05306799336650083,3,0,0.047556142668428,0.5891472868217055,0.4108527131782946,0,757,4.0,1,4.0,0.0,757.0,0.0,0.0,0.0,0.0,0
B0B3NDPCS9,"R2FY1Z66KZXJWD,R2HMU574902EOQ,R33J3X2N75IXU3,R3GGQG1U2KLAE3,R31AMOLX49DVF8",981,5433,4.36901121304791,72,0.027535890797834785,4,0,0.035155531014172646,0.3965341488277268,0.6034658511722731,0,5433,4.3,1,4.3,0.0,5433.0,0.0,0.0,0.0,0.0,1
B09VGKFM7Y,"R33M2Q7OES3GBK,R125QF7WMZW3NW,RMDVRDSEK73L8",34,198,4.676470588235294,2,0.04516129032258064,0,0,0.03535353535353535,0.7941176470588235,0.20588235294117646,0,198,4.4,1,4.4,0.0,198.0,0.0,0.0,0.0,0.0,0
B07QCWY5XV,"R3EUHZXX3UEYSH,R1UYMUD8SY2H9V,R1BQTJ4030NWYZ,R3MBTEU82OA7X1,R1R6MZFWPE1DN6,R295X0FTRQEG0P,R2XX9ZLGMLMN5L,R2ONSIR9B3OM3B",248,1355,4.407258064516129,11,0.026703499079189688,0,0,0.022878228782287822,0.5967741935483871,0.4032258064516129,0,1355,4.1,1,4.1,0.0,1355.0,0.0,0.0,0.0,0.0,0
B098QXR9X2,"RF8105HZQ4I7N,R1OVFYKWEJAVU4,R1U3VNQN5M4IED,R1YHYHQQN3NVED,RS5SSFIL1MWFD,RAMY81VZCIB2D,RDUL770GDRUAB,R1J7N8RPXX1S3X",317,1662,4.078864353312303,16,0.09501187648456057,0,0,0.03730445246690734,0.5078864353312302,0.4921135646687697,0,1662,4.1,1,4.1,0.0,1662.0,0.0,0.0,0.0,0.0,0
B07H1S7XW8,"RVNP5UR9UECQW,R10UNYZS2VXZ3G,R346UHG3CHA35Z,RDMK41H97ZT8M,RCRNFX4VMUPFM,R22C8ONFTU20FF,R1R7KPNEQCF7IS,R1JL2OE1X4IQ6V",162,850,4.185185185185185,14,0.14053254437869822,0,0,0.03176470588235294,0.5802469135802469,0.41975308641975306,1,850,4.1,1,4.1,0.0,850.0,0.0,0.0,0.0,0.0,0
B0BNXFDTZ2,"R1TK3BJ0V4TTCW,R3CM92MP896BSQ,R1T1NCJKM7VXA6,RAYIW8N256R4Z,R17618VX40XGBR,R2UJBOPZHRAM66,R183JTRIE1NM6Z,R13S4RGKBN47XW",514,2718,4.159533073929961,51,0.026647286821705425,1,0,0.04231052244297277,0.546692607003891,0.45330739299610895,0,2718,4.4,1,4.4,0.0,2718.0,0.0,0.0,0.0,0.0,0
B088ZFJY82,"R35G82LMN1P1V4,R2R9TCZMPRU2,R2IJXSRMFCQGXD,R3AZ1FCTLW335M,RQR59DAFHW3WV,R1Z1QLVITW84J4,R2YQHZ0LLWV1HI,RSC0FWSR0TQTI",105,589,4.495238095238095,6,0.046908315565031986,0,0,0.04074702886247878,0.5619047619047619,0.4380952380952381,1,589,4.5,1,4.5,0.0,589.0,0.0,0.0,0.0,0.0,0
B0B4F4QZ1H,"R2K5OD0MEEBTDL,RS1N6TNO33BOK,R6KWBGOKI1N9Y,R30SKUMYLSXXDN,R1EOYHZWCRSV7B,R13JBDK4SAAYFT,RJOU5K9ECNW7Y,R2APPRANV6IERZ",584,3227,4.352739726027397,36,0.048712871287128715,1,0,0.03253796095444685,0.4571917808219178,0.5428082191780822,0,3227,4.1,1,4.1,0.0,3227.0,0.0,0.0,0.0,0.0,0
B09BCNQ9R2,"RZN676INI7CXB,R3R7UHOVSK5HK6,RK4TT1MUA9PPK,R3SW1UZKGBAI70,R1QKN9JPJ1FWMZ,R208QSDKUOWNF6,R2426HG2VA66ZC,R1433K3KOBJMRY",118,629,4.254237288135593,13,0.06896551724137931,0,0,0.05405405405405406,0.6610169491525424,0.3389830508474576,1,629,4.2,1,4.2,0.0,629.0,0.0,0.0,0.0,0.0,0
B0B9BD2YL4,"R1HOV97NOJFX4W,R3BIRU7WH404ND,RAU26U2KP1OQH,R15BZZ2VBVMJ4V,R29G5QZ1EZB3KF,R3UFXXP9B7DVUJ,R1RVSNGA4SCXX4,R2HT0UTCAOMW1J",344,1875,4.305232558139535,16,0.03192934782608696,0,0,0.025066666666666668,0.5406976744186046,0.45930232558139533,2,1875,4.5,2,4.5,0.0,1875.0,1.0000000000000089,1.0000000000000089,1.0,0.0,0
B071Z8M4KX,"R2DD2M5YARW7R2,R2M9ZYNGGV1ZLN,RNWNTRNLSJWSB,R3BJBPNI2XP8HF,RI1FLXH6TFEAJ,R172WRCQLOW97V,R3721R2I1BFETF,R2DH3Z46FTCXQ8",192,1033,4.25,15,0.07107843137254902,0,0,0.03969022265246854,0.5625,0.4375,0,1033,4.1,1,4.1,0.0,1033.0,0.0,0.0,0.0,0.0,0
B09N3ZNHTY,"R3LJ3MMSH7Z1BT,RPYZX0CFFJI72,R358NYWUQLR163",1065,5506,4.07887323943662,66,0.025677267373380448,5,0,0.03214674900108972,0.40751173708920185,0.5924882629107981,1,5506,3.9,1,3.9,0.0,5506.0,0.0,0.0,0.0,0.0,1
B0B3RRWSF6,"R34816YEM3Y2VJ,R3P1QZDIWJJYVR,R2HXC35HKL6S3E,R2CUWR6SL0MMRR,R3PWLUFNP117X0,R2PK2034NVCPNH,R2YJZKVTCUJAVZ,R27X5G6UFUKCM9",853,4595,4.257913247362251,40,0.01926836079307456,0,0,0.035038084874863984,0.39859320046893315,0.6014067995310668,2,4595,4.3,2,4.3,0.0,4595.0,1.0000000000000004,1.0000000000000004,1.0,0.0,1
B0B5B6PQCT,"R3EKLFGQGV02SG,R23WEMNZK46UV3,R1G2C7XV8CAM7W,R1O1T0NB6M5CU4,RY95PJLUIT03E,R2HMI9LDLJ1S2Y,R216CF66UYJR2A,R1XD0A6A2KGJZ6",540,2939,4.292592592592593,44,0.05734144222415291,2,0,0.035386185777475335,0.44074074074074077,0.5592592592592592,2,2939,3.8,2,3.8,0.0,2939.0,0.9999999999999996,0.9999999999999996,1.0,0.0,1
B005FYNT3G,"R2XCI5KR2H8QEI,R3BNQCB05PYZMV,RVXXO15AGASNX,R1VU19BJMXT73J,R2LYRK8OS10K2Z,R1NOP9O1UWSJJC,RE6XTKYH9FSA,R1J5H4FDTO6GBX",68,364,4.279411764705882,2,0.04844290657439446,0,0,0.0521978021978022,0.5735294117647058,0.4264705882352941,1,364,4.3,1,4.3,0.0,364.0,0.0,0.0,0.0,0.0,0
B01J0XWYKQ,"R2Z4GQU0ZVOH1G,R3JRYRMKRD0BW0,R2C5DX0ZNNX7Y5,R25A5KZD14HHJC,R2TA6MY8NIL1ZP,RX492E2N9MM6W,R2PZJ7871P6D8D,R1I8UMWC4FQ0AX",955,4970,4.0795811518324605,53,0.027513499614296735,3,0,0.03380281690140845,0.362303664921466,0.6376963350785341,1,4970,4.4,1,4.4,0.0,4970.0,0.0,0.0,0.0,0.0,1
B09CTRPSJR,"R32QHTM45T5S7N,R1PWLZEPRIUF0B,R2ZPR72HXJDDTX,R1ERI9BP1ALOX3,R1BY1F45H961AX,R19ZEB8HMP8MQS,RO9GYYPV0QDRB,R1P6WSNKIOGFEN",187,992,4.1550802139037435,15,0.032175032175032175,2,0,0.04233870967741935,0.5828877005347594,0.41711229946524064,1,992,3.8,1,3.8,0.0,992.0,0.0,0.0,0.0,0.0,0
B08JQN8DGZ,"R2SIAIJ2R8203U,R2SLNJ664LBZS6,R2PJGCDX444YME,R39XDUIGQYNX0A,R25G45DJ52J2HV,R2WZN2M9J9EQUM,R1PTY9JK5PT866,R2KD1JU029JTLX",597,3135,4.107202680067002,61,0.03945693678404752,1,0,0.04370015948963318,0.4338358458961474,0.5661641541038526,0,3135,3.8,1,3.8,0.0,3135.0,0.0,0.0,0.0,0.0,0
B0B72BSW7K,"R2TD3N245ZRZKA,R2I93780O12B86,R3VTLQFO4KMHHC,R1T0W8Y2RD3FQP,RUL4CK8TAFSM6,R10TVE5WRTUL6T,R1CT7PUFT9SH87,R119BACSU1D5W0",276,1480,4.188405797101449,28,0.05944055944055944,0,0,0.0445945945945946,0.5797101449275363,0.42028985507246375,0,1480,3.5,1,3.5,0.0,1480.0,0.0,0.0,0.0,0.0,0
B0BDRVFDKP,"R2A7MIUNOW8DOE,R2FXP703540FR1,R37E7QJET0BYE8,R1NOL0GE16P06G,R48EN3ANVWEX9,R17WYXS17TYDER,R2BMYAH01K8EG8,R23IO3LHHG39H",104,536,4.115384615384615,4,0.07246376811594203,0,2,0.04477611940298507,0.7115384615384616,0.28846153846153844,1,536,4.4,2,4.4,0.0,536.0,0.9999999999999998,0.9999999999999998,1.0,0.0,0
B0B5LVS732,"R10I6UIAQIP9TN,R2XEWWLV1LH7KX,R3J0MEY15WI71Z,R3HJ0GBBBUGEJZ,R3TGTIJ54KHOL0,R21TUQZLYNGC0M,R1JSFOA0TD4S1A,R1KOD8YMT3FJ7I",315,1732,4.393650793650794,24,0.026831036983321246,0,1,0.03233256351039261,0.5587301587301587,0.44126984126984126,0,1732,4.1,2,4.1,0.0,1732.0,0.9999999999999999,0.9999999999999999,1.0,0.0,0
B08TV2P1N8,"R1O3A2CX9YG69H,R1OPAHCYQF1OK4,R1N6RV1W0LKGWB,R1MXGMA3JKL1YI,RAHUCIL8N8IK5,RCYPHGHZYUAAE,R37WU40YNTLIYU,R2JHL897G4Y4LF",664,3712,4.433734939759036,48,0.02477632484514797,0,2,0.028286637931034482,0.4759036144578313,0.5240963855421686,0,3712,4.1,1,4.1,0.0,3712.0,0.0,0.0,0.0,0.0,0
B07XCM6T4N,"R1JKJ6JRX7SGEL,R25BSG945DF5FO,R4BFNUNWNX1R0,R2NPEFE8O89X67,R194PSSW507V7K,R1DT0RIGH4S3FB,R38ZWKA3FZLLH,R14TFXF7AOFJ1P",116,637,4.353448275862069,13,0.04365079365079365,0,0,0.04709576138147567,0.5775862068965517,0.4224137931034483,1,637,4.3,1,4.3,0.0,637.0,0.0,0.0,0.0,0.0,0
B07T5DKR5D,"R27GRSZF2YL5ZO,R1KXPKQ4SPO0PI,R1O4LXS46WUDK6,R1LDIIH0E88Q70,RGAH8BAUKGJ2N,R3MCAC061E19PA,R3B880ZLBUIBVP,R13XVC901RKGZP",231,1200,4.082251082251083,11,0.024838012958963283,0,0,0.030833333333333334,0.5714285714285714,0.42857142857142855,0,1200,3.5,1,3.5,0.0,1200.0,0.0,0.0,0.0,0.0,0
B01DEWVZ2C,"R2NB2K5XC70FKP,R3623Q21H3MKP6,R1XVC6NEYU3ZHV,RNFY9ZYM6195O,R3TUSIFSD4QCKJ,R22PD5EXXTFXP,R1LXC8W3AJAQ3I,R3U0OEWBKIO5Z3",217,1212,4.502304147465438,13,0.04253112033195021,0,1,0.03382838283828383,0.663594470046083,0.33640552995391704,2,1212,4.1,2,4.1,0.0,1212.0,1.0000000000000004,1.0000000000000004,1.0,0.0,0
B07PR1CL3S,"RIRMEEQUWCCJK,R1E187080D8HAU,R1RPZJJNQM76M1,R1NM9CFXWMQWWF,R2E3PSSWPOJU6N,RTA5F8RZUBJ2D,R1SZB32SSCJBY5,R199WTHV00BUR4",212,1117,4.19811320754717,16,0.04513888888888889,0,0,0.048343777976723366,0.6132075471698113,0.3867924528301887,1,1117,4.1,1,4.1,0.0,1117.0,0.0,0.0,0.0,0.0,0
B09V12K8NT,"R19QUEKHANF087,R2CU03OULJTK2A,R1SHVTKMHHOREL,R16MDWVEULVTGY,R24VBI0XML9AS5,RO1WU1XMSF20C,R17U7AO7GNBOX8,R2HES1EME0OXU4",141,769,4.219858156028369,13,0.043697478991596636,0,0,0.05071521456436931,0.6453900709219859,0.3546099290780142,0,769,3.9,2,3.9,0.0,659.0,0.8264466533764367,0.8264466533764367,0.0,0.0,0
B07JQKQ91F,"RW3YCZCKGOBH,R3099XAIXYVYOG,R355B0JH9K3ZSR,RJS13UCRXJ0V3,RVHF9P5OW46KR,R19S4YL4JL81R9,R1OUTZ9YCQLAMM,RGN1P0TZA7RF0",422,2234,4.253554502369668,24,0.037800687285223365,0,0,0.022381378692927483,0.4928909952606635,0.5071090047393365,0,2234,3.9,1,3.9,0.0,2234.0,0.0,0.0,0.0,0.0,0
B08W56G1K9,"R8UDGYG74HT52,R1ZKTL2UFMHHOQ,R2XQ7ANJA4VF12,RNHDS9HCAZYPP,R2GML0ZIF4G3XG,R25B9RAM7E6ERE,R1A8S1062HZ64L,R3K1WGUC05G378",158,817,4.113924050632911,8,0.027820710973724884,0,0,0.033047735618115054,0.5632911392405063,0.43670886075949367,1,817,4.1,1,4.1,0.0,817.0,0.0,0.0,0.0,0.0,0
B07WG8PDCW,"R3HLDGIDF7PO8C,R2FBEQYGE0TH2P,R81L413HRWD8B,R3V903TPDK44R2,R38GLLZ84DSEWS,R1GXNHN7WJM2G7,R3RK45ISPYVM54,R125MD72MJH9VN",107,593,4.457943925233645,6,0.06779661016949153,0,0,0.04215851602023609,0.5700934579439252,0.42990654205607476,0,593,4.0,2,4.0,0.0,593.0,1.0000000000000004,1.0000000000000004,1.0,0.0,0
B01L8ZNWN2,"R3SSOBQITYNPKB,R3A4C1P3IDXTAD,R3W0T7AI69710R,R33EXPRT4EBMKP,R36CM7BFMNFGKB,RV1VPXNF6R439,RK6F5JOI2TI2P,R1URGIVAZHUKNJ",960,5057,4.136458333333334,72,0.04699738903394256,0,0,0.039549139806209214,0.40729166666666666,0.5927083333333333,0,5057,4.2,1,4.2,0.0,5057.0,0.0,0.0,0.0,0.0,0
B009VCGPSY,"RZK0M87UXFG2,R3AZ8CAEQNP5IQ,R129CVNZPQBGK3,R1ENQGYVMS224D,RFZOVKT1IXFRY,R1SI1FFO31ZKVB,R2AMJ2PSF5B54Y,R5IR2JMR7OMZK",164,831,3.981707317073171,9,0.06191950464396285,0,0,0.039711191335740074,0.6036585365853658,0.39634146341463417,0,831,4.3,1,4.3,0.0,831.0,0.0,0.0,0.0,0.0,0
B0B296NTFV,"R1Y9N553TGL8LN,R28ZACVW980ACH,R2SPQPMXFCB67B,R2L2KO1KH9FLRI,R37SFSAVVH051A,R15PGRIFZVLZLP,R3O0LVO6BNKANJ,R11LCNI4PZLK5B",250,1429,4.56,31,0.05726872246696035,0,0,0.042687193841847444,0.556,0.444,0,1429,4.1,1,4.1,0.0,1429.0,0.0,0.0,0.0,0.0,0
B09NVPSCQT,"R3B5HP4PJ8JIOG,R2NS7Z2XUJL73H,R3DLYP0JW3PWDP,R3HWHOM95KCAZV,R2EVYBZOHRZ8NQ,R2U4UV55GHL0AB,R2E6IQWP86JIVZ,R225NQB3ASPXBV",129,757,4.713178294573644,8,0.05306799336650083,3,0,0.047556142668428,0.5891472868217055,0.4108527131782946,0,757,4.0,2,4.0,0.0,756.0,0.9937671631099867,0.9937671631099867,1.0,0.0,0
B09YV4RG4D,"R2VEHBS4GTI9SH,R560D18O1BJM7,RYPXAOQI77XRF,R2T1AP2XBIAQBK,RU2RYKNTJU52I,R3D6UA9AB1KZ5D,R1YFZYNSZI9FAG,RQU8SHDXBG8NZ",258,1406,4.275193798449612,15,0.05069124423963134,0,0,0.03769559032716927,0.5426356589147286,0.4573643410852713,1,1406,4.2,2,4.2,0.0,1406.0,1.0000000000000004,1.0000000000000004,1.0,0.0,0
B07TCN5VR9,"R2GVOJLXANNFG2,R3CY1HGOV9WMQT,R7U8B1E7W8E54,RYB8ZW396HQB,R3790HUAN7KW93,R1IN06KIK8ENHU,R1UXT7KA6M4R0Z,RNTYVAAWTJ5CE",528,2840,4.21969696969697,39,0.04330175913396482,0,0,0.03450704225352113,0.509469696969697,0.49053030303030304,1,2840,3.9,1,3.9,0.0,2840.0,0.0,0.0,0.0,0.0,0
B00ZYLMQH0,"R1REJSSQVMNGVO,R33WYRQ1J4RZHO,R3ECO7HPNMHBTT,R1GORSR46QQ6SN,R1O350T6VW5RR3,R2BXJ480ZVSUMH,R28KMQ1TUV7E2Z,R3KCC7HPRPOF0C",139,758,4.338129496402877,13,0.04931972789115646,1,0,0.06200527704485488,0.6690647482014388,0.33093525179856115,0,758,4.3,1,4.3,0.0,758.0,0.0,0.0,0.0,0.0,0
B09YV4MW2T,"R26YAKWWPQSNL,R30L263BU0PTZP,R1A8G9G8J5Z3V5,RBTZE0Y27F7IZ,R2HS8RN6NBKP6Z,R39640821J2S6S,R75IA3ZAEBTFU,RCVN98N40B1C5",400,2211,4.4225,27,0.03338992642897567,3,0,0.027137042062415198,0.5075,0.4925,1,2211,4.2,2,4.2,0.0,2171.0,0.9561368083935025,0.9561368083935025,1.0,0.0,0
B01HJI0FS2,"R2K3IBMM9I3HQH,RL1H11C1J4W4U,R26GYIVCHR44IY,R2X4UKYY57A9JX,R3J71TYH2ISEUY,R3EX53W4D2TLR9,REY9RHIDKB28T,R2IYAMOBWJY5JC",232,1147,3.8448275862068964,16,0.031746031746031744,0,0,0.03923278116826504,0.5301724137931034,0.4698275862068966,0,1147,4.5,1,4.5,0.0,1147.0,0.0,0.0,0.0,0.0,0
B076B8G5D8,"R1ZSCBBOGJ8VB,R2JXWEENFMSBAQ,R1TOMRGD2ASPF,R1PFE2ODTMG96C,R1C5A0KYEKBKJJ,R1IYLE1NMK9R12,R3IS14LK5OVU68,R2727E10ZHH72K",1267,6978,4.306235201262826,90,0.04636128555596601,6,0,0.04284895385497277,0.345698500394633,0.654301499605367,1,6978,4.0,1,4.0,0.0,6978.0,0.0,0.0,0.0,0.0,1
B07JW9H4J1,"R3HXWT0LRP0NMF,R2AJM3LFTLZHFO,R6AQJGUP6P86,R1KD19VHEDV0OR,R3C02RMYQMK6FC,R39GQRVBUZBWGY,R2K9EDOE15QIRJ,R3OI7YT648TL8I",103,608,4.766990291262136,11,0.07337526205450734,0,0,0.0756578947368421,0.6407766990291263,0.3592233009708738,0,608,4.2,3,4.2,0.0,600.0,0.9840618182867974,0.9838992087161649,1.0,0.0,0
B014SZO90Y,"R31X4I2TGYDUN8,R27PTCIK04AE46,R23U630I51IZTI,R3TLR3XSHP0UH9,R2RP5UV7LX3QTF,R3W3H7WY3GXGHM,R158W5SZQQ5YSS,R1OT133BOUEYND",88,476,4.318181818181818,7,0.060526315789473685,0,0,0.05042016806722689,0.6704545454545454,0.32954545454545453,0,476,4.5,1,4.5,0.0,476.0,0.0,0.0,0.0,0.0,0
B07KCMR8D6,"RZAAQFY7BDSWC,R3604ZO2AA4PK5,R3C8K6Z6W9MDTQ,R38163YROZHHFG,RDXE4NC3K02IY,R2BG3LFIR1DRUP,R1AA1L9EH743MV,R1Q23Z4DE0QT8Q",81,429,4.111111111111111,5,0.05405405405405406,0,0,0.07692307692307693,0.6049382716049383,0.3950617283950617,0,429,4.3,1,4.3,0.0,429.0,0.0,0.0,0.0,0.0,0
B00N1U9AJS,"R2U4L5Y1EI2L9P,R17YBU9W32A30N,R29OI40B53G6UK,R3LHAFK1QLQHX,RQXZDM0PKSCMS,RKN5ISCXXFA4B,R2V6JCQJ8NFGYI,RAH387U1B1AFN",79,419,4.139240506329114,9,0.052307692307692305,0,0,0.06443914081145585,0.5443037974683544,0.45569620253164556,0,419,3.9,1,3.9,0.0,419.0,0.0,0.0,0.0,0.0,0
B07KY3FNQP,"RZ7BLWVBP91F3,R3VUE0FS0NDIRK,RWESRERAFOYEW,R1YONSMZERBPET,R3JFQJ4ZJ5RY0T,R1KBRXW0AL249U,R22L0SQFC67YKF,RWK29DZUWGFWM",1102,5805,4.196914700544465,51,0.025272331154684097,3,1,0.01946597760551249,0.3938294010889292,0.6061705989110708,1,5805,4.1,1,4.1,0.0,5805.0,0.0,0.0,0.0,0.0,1
B0B3N7LR6K,"R2FY1Z66KZXJWD,R2HMU574902EOQ,R33J3X2N75IXU3,R3GGQG1U2KLAE3,R31AMOLX49DVF8",981,5433,4.36901121304791,72,0.027535890797834785,4,0,0.035155531014172646,0.3965341488277268,0.6034658511722731,0,5433,4.3,2,4.3,0.0,5433.0,1.0000000000000007,1.0000000000000007,1.0,0.0,1
B07QZ3CZ48,"RUVNSVGR3C0ZK,R3IZIBJ48U0KDN,REZOPKFLKI7YE,R3G7FE8ICIL8K5,R1G7WNTY9MC6H4,RV51Y63DBOCWS,RSYBU38UVWSP6,RADZV5UTZTYWO",134,726,4.268656716417911,9,0.033216783216783216,0,0,0.045454545454545456,0.5895522388059702,0.41044776119402987,2,726,4.2,1,4.2,0.0,726.0,0.0,0.0,0.0,0.0,0
B09T3H12GV,"R1SNDKJ3F47REI,R2TKI3QCYTIHEU,R3LOHD95Y9I8Q3,R3L674Y2TEWO4K,RCNO312K340D9,R21QJQYXKVPKBW,R11VGKTVQCTPW1,RIME7JQPW8QM8",262,1461,4.435114503816794,29,0.043706293706293704,0,0,0.03969883641341547,0.6030534351145038,0.3969465648854962,0,1461,4.2,1,4.2,0.0,1461.0,0.0,0.0,0.0,0.0,0
B098NS6PVG,"RGIQEG07R9HS2,R1SMWZQ86XIN8U,R2J3Y1WL29GWDE,RYGGS0M09S3KY,R17KQRUTAN5DKS,R3AAQGS6HP2QUK,R1HDNOG6TO2CCA,R3PHKXYA5AFEOU",254,1368,4.322834645669292,13,0.04044117647058824,0,0,0.03070175438596491,0.515748031496063,0.484251968503937,0,1368,4.0,3,4.0,0.0,1368.0,1.0000000000000009,1.0000000000000009,1.0,0.0,0
B096MSW6CT,"R3J3EQQ9TZI5ZJ,R3E7WBGK7ID0KV,RWU79XKQ6I1QF,R25X4TBMPY91LX,R27OK7G99VK0TR,R207CYDCHJJTCJ,R3PCU8XMU173BT,R1IMONDOWRNU5V",72,409,4.638888888888889,9,0.13071895424836602,0,0,0.12224938875305623,0.5138888888888888,0.4861111111111111,0,409,3.9,3,3.9,0.0,393.0,0.9999999999999999,0.9635607041565426,1.0,0.0,0
B09ZQK9X8G,"R14ALM4LONM07K,RBQ5KLENMT5W,RC8LE1R8ZUXK6,R2DOHSMCOKMG28,R23BQ1TQ435IEO,RX6XRNRWHWUBM,RQTVJP9U5HCTZ,R19QIA3XET90J7",203,1033,4.029556650246305,12,0.03940886699507389,0,0,0.027105517909002903,0.6206896551724138,0.3793103448275862,0,1033,4.1,2,4.1,0.0,1010.5,0.9402966114766225,0.9402966114766225,1.0,0.0,0
B08ZJDWTJ1,"R2BYIBOB1SJCU5,R27XI4KBBS4CO0,RNDLXV8UJZSO,R1HOQAPL2PXKNX,R3DZGHPLQSWOLO,R37YZ6CK8TNTM4,R3KPNR16XZW0ZH,R28BCVQ1MKZP7S",54,292,4.333333333333333,5,0.08583690987124463,0,0,0.06506849315068493,0.6851851851851852,0.3148148148148148,0,292,4.5,1,4.5,0.0,292.0,0.0,0.0,0.0,0.0,0
B08FTFXNNB,"RXPIU94G6Y8XR,RG8WXHVO3Q5BN,R2VKT81SI4UN3S,R1TH2LQCYPBXMS,R1XO0RGL2VW166,R2WSQJGLL679MI,R1CEANV7C25XJ6,R2SFO5ZGKFMA3A",212,1141,4.259433962264151,11,0.22333333333333333,5,0,0.035056967572304996,0.5943396226415094,0.4056603773584906,0,1141,3.7,1,3.7,0.0,1141.0,0.0,0.0,0.0,0.0,1
B08YDFX7Y1,"RLR4ETD7RIB3P,R2TLZ8IYTYAIJR,R3C4LR2YHIRZ95,R3M7POECW3UFL3,R31RTO2FZW8SEN,RV2OCYSB602OB,R31GOALBI9UPLK,R1CTAKZMHTLVVO",186,975,4.139784946236559,19,0.03780964797913951,0,0,0.04,0.5698924731182796,0.43010752688172044,0,975,3.5,1,3.5,0.0,975.0,0.0,0.0,0.0,0.0,0
B08HDJ86NZ,"R3EEUZKKK9J36I,R3HJVYCLYOY554,REDECAZ7AMPQC,R1CLH2ULIVG5U3,R2DMKIBGFKBD6R,RC89B5IAJUTR5,R3B3DDON5FH8DS,R13WAEJDI5RS36",112,584,4.196428571428571,4,0.038876889848812095,0,0,0.03424657534246575,0.6696428571428571,0.33035714285714285,0,584,4.2,3,4.2,0.0,584.0,0.9999999999999967,0.9999999999999968,1.0,0.0,0
B087FXHB6J,"R1ZFP957X6NEUB,R1V5NJVJMX27HK,R37W2Z08BFVMN2,R23NRC2SDTFP1R,R2IDKTNLPSRRXA,R3TRXLCPJ7CXLS,R2RQD6H9YMSUK6,RS9ZB4H3Y5CQZ",229,1265,4.3406113537117905,24,0.038539553752535496,1,0,0.05138339920948617,0.5807860262008734,0.4192139737991266,0,1265,3.5,1,3.5,0.0,1265.0,0.0,0.0,0.0,0.0,0
B07N42JB4S,"R2BUP3AXKYUHYP,R3B772KI95MWNX,R7R351CJN43NM,R84AXG1XCM1R3,RYCTR2UZGN6GU,R1VNKAJ163SXLP,R310TJNPM9I9ZO,R231H2ZVU5558I",193,1129,4.7357512953367875,11,0.03172866520787746,1,0,0.03100088573959256,0.5440414507772021,0.45595854922279794,1,1129,4.3,1,4.3,0.0,1129.0,0.0,0.0,0.0,0.0,0
B0B31BYXQQ,"R3Q0EFB6CKAL4W,R3SBR1YRGFORQV,RHK2VI4OFC8UW,R1QPBRC7ZDKAB6,R2QKG9AO1MMHNQ,RLC1RHGMCZS55,R4RMB9P1YZJV3,R3L44D00WINPGV",157,832,4.197452229299363,7,0.0684931506849315,0,0,0.042067307692307696,0.5923566878980892,0.40764331210191085,0,832,3.9,1,3.9,0.0,832.0,0.0,0.0,0.0,0.0,0
B08CF3B7N1,"R1BP4L2HH9TFUP,R16PVJEXKV6QZS,R2UPDB81N66T4P,R3KK4GT934ST3I,RCFHMWUSBIJO,RDO7DACXMAJ84,R3A6MEZL3LY66Z,R1ESIEKPGAYA29",472,2590,4.364406779661017,15,0.04675196850393701,1,0,0.03552123552123552,0.4745762711864407,0.5254237288135594,1,2590,4.2,3,4.2,0.0,2590.0,1.0000000000000002,1.0000000000000002,1.0,0.0,0
B07SLMR1K6,"R1HP1ZGFB28GM7,R3JCTIK67UAT4K,R2S9JBF2ECD6C6,R2M4VC26VFSJ5K,R2I3JCCVO4U03G,R3NOWQBXUGHRI9,R3ULD6B7PBI3FQ,R2UQOW05XNOHS5",242,1349,4.508264462809917,12,0.025758969641214352,0,0,0.025203854707190512,0.5330578512396694,0.4669421487603306,0,1349,4.3,1,4.3,0.0,1349.0,0.0,0.0,0.0,0.0,0
B09MQSCJQ1,"R2LYKHFGZWSYDL,R2LAYGYWWKW3YG,RAG4DPQGRW30H,RY14T5VSHXOVL,R32YZCYBC5ZRV5,R1DMAEV6DQYUOD,RNR9AZJON6EHU,R2NUKH8120XBX1",178,951,4.162921348314606,16,0.06775067750677506,9,1,0.052576235541535225,0.6741573033707865,0.3258426966292135,0,951,4.2,2,4.2,0.0,951.0,0.9999999999999998,0.9999999999999998,1.0,0.0,0
B094YFFSMY,"R3BGA0IR8XWNFF,R1Z9SVTENNC9JG,RE5OA1UZUJM9W,R285X2YEP7XRRW,R1ENCB49VUPLIC,R23RJUU2U87L75,RM2L3W83I8OIA,R6BV56BS9PVP9",218,1169,4.302752293577981,15,0.035331905781584586,0,0,0.028229255774165955,0.5688073394495413,0.43119266055045874,0,1169,4.0,2,4.0,0.0,1169.0,0.9999999999999998,0.9999999999999998,1.0,0.0,0
B092X94QNQ,"R1E0E2U9FSYVCE,R1XW3BIC0SBBJY,R1WOPI53IJ9804,R29PDCDRZOK9OT,RP5AN5NRHB0TT",1567,8320,4.165922144224633,128,0.04460275669815704,15,0,0.038341346153846156,0.34779834077855776,0.6522016592214422,0,8320,4.1,1,4.1,0.0,8320.0,0.0,0.0,0.0,0.0,1
B0846D5CBP,"R2MYHLYRBQ49CU,R1ZYG8KT7IKN0F,R1CPM2M1SFJD0Q,R1MT0UWLT7MBYN,RH2E56CG2VRB0,R3O8V8MGL6A3AQ,R2IY9SO9GDZ9ZU,RC16I7A47XY5Z",106,596,4.518867924528302,9,0.052854122621564484,0,0,0.04697986577181208,0.6886792452830188,0.3113207547169811,0,596,4.5,1,4.5,0.0,596.0,0.0,0.0,0.0,0.0,0
B00KXULGJQ,"R3QXJLS2BDGPZU,R2ZQ7IF3YXTAYB,RB59C2UES2IGE,RCRYJ6I1OC3S4,R3CJKWJKEQBO76,R2EYE183J6PMG0,R22S9G5EXHE6L5,RXTN6L62R1AU0",290,1616,4.479310344827586,19,0.0643910007757952,1,0,0.025371287128712873,0.5724137931034483,0.42758620689655175,2,1616,4.2,1,4.2,0.0,1616.0,0.0,0.0,0.0,0.0,0
B08H9Z3XQW,"R2WQHYFXQ5BCCA,R3BU0MFK2ORFS6,R28DOVGVW1QZXZ,R26XU8W37JQI55,R2S12HQMGEON44,R2NVYGBTVG3FJR,R3VG49O0264FQ9,R2A3HU0CB8SUQ4",197,1075,4.319796954314721,12,0.03506650544135429,0,0,0.04279069767441861,0.5989847715736041,0.4010152284263959,0,1075,4.1,1,4.1,0.0,1075.0,0.0,0.0,0.0,0.0,0
B08LPJZSSW,"R1I66H8DGGS985,R1ZQIZ7XIUXVKP,R97VJ0SV72PH6,R387X09HTG3RFI,R129BK806X9B1Q,R3A3JLSFF2WST,R2DLBUT9R8P3K4,R2YZHYSB1WOZ5T",359,1984,4.348189415041783,29,0.07692307692307693,2,0,0.03276209677419355,0.5264623955431755,0.4735376044568245,0,1984,3.9,1,3.9,0.0,1984.0,0.0,0.0,0.0,0.0,0
B09MT84WV5,"R2ZYS8OJWNY7VY,R33U0ERE0GVMNJ,R1CQTXZAM4625F,R1YR920UPA7YH0,ROOP0SB30EBY3,R32BCBNUXTRTEL,R11PB4N9WB3VCS,RQ5FP6ADSIS6O",253,1317,4.075098814229249,33,0.056056056056056056,1,0,0.0463173880030372,0.5573122529644269,0.4426877470355731,0,1317,4.3,2,4.3,0.0,1299.5,0.9746530850758066,0.9746530850758066,1.0,0.0,0
B08Y1TFSP6,"R7S8ANNSDPR40,R3CLZFLHVJU26P,RFF7U7MPQFUGR,R1MV1NKC23DWPI,R11D3U0V2XKDKF,R18MP1KLUE18PC,RWGJNVEH5ZQME,R1XN72FU6Q37IH",80,449,4.525,7,0.08022922636103152,0,0,0.07349665924276169,0.575,0.425,0,449,3.9,3,3.9,0.0,449.0,1.0,1.0,1.0,0.0,0
B08CYPB15D,"R1LAI2YEEUW0E0,RR8Y3CSNEHCK6,R1MXV3ILO9VTIP,RJDGO8A1H214O,R39LPM6JEQVLZV,R34GXFIAQ89K4W,R168AR72LPYI6V,RM1F5QKM6SSLE",105,604,4.685714285714286,10,0.3699186991869919,0,0,0.04470198675496689,0.5428571428571428,0.45714285714285713,0,604,4.0,1,4.0,0.0,604.0,0.0,0.0,0.0,0.0,0
B085HY1DGR,"R3TQ32UCRS81WR,R2QPXXMX0YH89H,R2NBUIKICW6ASD,R3KIQZ1W9FWK3P,R1R9QY3F8M6CXP,R2DNZV0AH311P1,R2ZAGKBTL8IEMI,RGMYTIRB3LWEA",172,859,3.9302325581395348,10,0.15709969788519637,1,0,0.027939464493597205,0.5406976744186046,0.45930232558139533,0,859,4.0,2,4.0,0.0,859.0,1.0,1.0,1.0,0.0,0
B00MFPCY5C,"R3NB1CQXEVVQIT,R2I6VLGIXFKKU,R1G8SZJG03IY67,R2A1KUYD1M88Q4,R6TRKFTKS65XK,R1QNTQB56PMUJL,RMRNID3H5V0O4,R18D5AL11YJ9ON",148,730,3.824324324324324,9,0.03783783783783784,1,0,0.049315068493150684,0.5945945945945946,0.40540540540540543,0,730,3.5,1,3.5,0.0,730.0,0.0,0.0,0.0,0.0,0
B07JJFSG2B,"R1MOAI12S1FJV1,R1HS4KCJJK9X3U,R248HCB4KB42LJ,R153L369EOHI65,RGTTBAUNEDZSX,R22ICK5OX9INOG,R3ODU59WZ94MGN,R2BGICLNKXFAZH",158,680,3.088607594936709,14,0.06823027718550106,0,0,0.06470588235294118,0.5443037974683544,0.45569620253164556,0,680,4.3,1,4.3,0.0,680.0,0.0,0.0,0.0,0.0,0
B09NR6G588,"R274KY6VMEYJ66,R28WM6HPG5V7YO,R3TAACQ304V0Q5,R1R498JDWJDUOK,R1891ACMV6D38V,RVGO6MWYIVZIU,RIR1M6FLP836E,R1K17D4QNJXNP6",370,2068,4.4837837837837835,23,0.04303030303030303,0,0,0.029497098646034815,0.4972972972972973,0.5027027027027027,0,2068,3.8,1,3.8,0.0,2068.0,0.0,0.0,0.0,0.0,0
B07JPX9CR7,"R27S4UNXONW7O4,R3KK8G1AC7URCR,R23LAM247GXXJT,R2IO3IQHTV9ISU,R2IF9WKFZNCZOQ,RXMRCXZ0C6AO1,RUP9QA599PULX,RE3SVGKZFVW84",193,1041,4.22279792746114,18,0.03190184049079755,1,0,0.04226705091258405,0.5492227979274611,0.45077720207253885,0,1041,4.4,1,4.4,0.0,1041.0,0.0,0.0,0.0,0.0,0
B08D11DZ2W,"R2TM1SQ2JK9S7K,R12CJ7K0V22F2T,R3PZ9OABVKGYOQ,R1RTA2FATK1OYI,R1ALJXQ6Z6WJSQ,R3LQ7TCDIBG7QE,R3NF49K5GAY77U,R3HR0LBECGBXXA",1139,6266,4.2783143107989465,76,0.02194162699234113,5,1,0.04867539099904245,0.40825285338015804,0.591747146619842,0,6266,3.7,1,3.7,0.0,6266.0,0.0,0.0,0.0,0.0,1
B07Q7561HD,"R25BZYL3L6NDM3,R390YP32C9VB5V,REO2V9YOS1V6L,R11V9HX6ULC67,R2EY9BADLVG0NC,RTC6ZQC3MKS61,R3W19RHKGXE1OV,R2G6M5QQR22IYA",55,308,4.418181818181818,5,0.10126582278481013,0,0,0.08441558441558442,0.7272727272727273,0.2727272727272727,0,308,4.4,1,4.4,0.0,308.0,0.0,0.0,0.0,0.0,0
B0819HZPXL,"R3IPDT2UXX2O63,R2U6GKRX21HLG9,R2AK0419W9GNNL,RBFTHSBIUQTM1,R2SNW6BCRZK0AW,R3HVYAAF9REYEZ,R17Z4RNBHFK18Q,R20B3Q5JIZ96QC",289,1566,4.314878892733564,28,0.041530944625407164,0,0,0.0421455938697318,0.5743944636678201,0.42560553633217996,0,1566,4.4,1,4.4,0.0,1566.0,0.0,0.0,0.0,0.0,0
B00LXTFMRS,"R3FQZ41R2YXT87,R2G63AMNXO48U6,RD1855R8RRSKW,R22BXITISJ2V98,R1ZGPABQCCVHXY,R216MY341QMRQE,R1OKN1Z9UGIGNG,R1E6XVW96KXGKP",199,1060,4.1708542713567835,13,0.031476997578692496,0,0,0.038679245283018866,0.5477386934673367,0.45226130653266333,0,1060,4.4,1,4.4,0.0,1060.0,0.0,0.0,0.0,0.0,0
B0B9LDCX89,"R3ET8JTEIDTNU0,R1FAH4M3BSL55F,R3I8GGSZJCEUGV,R2GKER5LJ744AO,R3OF9WES5OOK6,R2QSNY4PHB2LDU,R24EFZ4RGA54HI,R2XNIDW8U1KWC1",159,834,4.169811320754717,14,0.05238828967642527,0,0,0.05275779376498801,0.6540880503144654,0.34591194968553457,0,834,4.2,1,4.2,0.0,834.0,0.0,0.0,0.0,0.0,0
B0765B3TH7,"RZZWEYTD4NC3T,R1MMO2YNT4C36L,R10NGDU2C04L0B,RXIDPVAI088YL,R22KTF9KDGLEK5,R12PC58VMY3MZY,R2HYUYSA0VS4ZY,RIWQ3QB0V2RCQ",101,548,4.326732673267327,10,0.038901601830663615,0,0,0.04562043795620438,0.5742574257425742,0.42574257425742573,0,548,4.5,1,4.5,0.0,548.0,0.0,0.0,0.0,0.0,0
B0B1F6GQPS,"R2888CE3TDHQMW,R5OOQZ5ILIG7E,R3CCDJLE61ON18,R1YKND3U30I2MF,R25NCFO26L4LDR,R25Y3SKCCN76RT,R1IVPB2D1II1QZ,R2VTSB2I55FIV8",194,1149,4.768041237113402,8,0.04405286343612335,0,0,0.058311575282854654,0.6391752577319587,0.36082474226804123,0,1149,3.8,1,3.8,0.0,1149.0,0.0,0.0,0.0,0.0,0
B07LG59NPV,"R25T0UEZY5MCOJ,RGH8GEFOI9GPP,RDZQYOXIANHNQ,R3VWD0BGB1RXGB,R1PZZYC3LAWBDJ,RDBIPNQ4FXGZR,RMSTOC1WCLL3X,RD7IUGN9EM77P",2609,14918,4.548102721349176,181,0.06373452725836186,16,3,0.04095723287303928,0.3108470678420851,0.689152932157915,2,14918,3.8,1,3.8,0.0,14918.0,0.0,0.0,0.0,0.0,1
B07RD611Z8,"R3C219XKJW9GI2,R7KGIU29C0TLL,R3S0UMZSM6FNWM,R3MODCWX8MEIFI,RGLPAU9M85OBG,RBOERVXC2919N,R1EYK2W81FR1YN,R2QUFMWF2JX8KR",1347,7444,4.12694877505568,75,0.058975304091411725,0,1,0.029285330467490597,0.34669636228656275,0.6533036377134372,1,7444,4.1,2,4.1,0.0,7444.0,1.000000000000001,1.000000000000001,1.0,0.0,1
B08WRWPM22,"R8E73K2KWJRDS,RSD0JTIIWQQL8,R64CRSTE9SLW1,R2FRTNIIUFJE1F,RWGNX3W7UOJ7W,R32TYHHODHTF5D,RQL9ZMQUTY7P2,R280XJ5VZUBOXV",185,734,2.5837837837837836,5,0.03017241379310345,0,0,0.03678474114441417,0.5621621621621622,0.43783783783783786,0,734,4.1,3,4.1,0.0,734.0,1.0,1.0,1.0,0.0,0
B00AXHBBXU,"R36XQGHL3TG2S2,R2KHO4ECNAVNOO,RHTRI5KXL3B0G,R1WKGP3JNWFPZA,RIVY9LOY4XDM8,R15QNG3FMT58V5,R27HZ0L7SXVFCU,R2WA1A30690THA",62,326,4.17741935483871,8,0.08366533864541832,1,0,0.08895705521472393,0.6935483870967742,0.3064516129032258,0,326,4.4,1,4.4,0.0,326.0,0.0,0.0,0.0,0.0,0
B08MCD9JFY,"R2UT2VQEDPGN1H,R1IIJGUS2SSR7Q,R3QMEGXUL7BM6J,RJ881YNSQW00R,R2BQHF6K2GYQV2,R3KEPYTBVTTUGK,R38643N4B91P1J,RATIBJBLJ4VZA",141,729,4.099290780141844,10,0.0472027972027972,0,0,0.039780521262002745,0.5460992907801419,0.45390070921985815,0,729,3.8,1,3.8,0.0,729.0,0.0,0.0,0.0,0.0,0
B083RCTXLL,"RMJTIHWOEVJ2S,R2EG04BF78FCDN,R2XS7O4CK0KEE5,RDQ894LVO01UH,RO7RFHI6XIDYE,R3J3S08AQQCGNM,R52K5GWEQ070L,R3LXH31GPSHNYD",204,1062,4.053921568627451,9,0.024783147459727387,0,0,0.044256120527306965,0.6176470588235294,0.38235294117647056,0,1062,4.2,1,4.2,0.0,1062.0,0.0,0.0,0.0,0.0,0
B08HLZ28QC,"R3EGID2HUY7LU8,R27APYDW4ZMR7T,R31XXA5MOY1R4E,R3R9A3JWS33ERF,R1EFI61RMD0Z15,R1LRD22T6K2R3B,R2OI7X78Y7QIEA,R2XQJXUXNN0A12",724,4005,4.451657458563536,44,0.027204502814258912,5,0,0.019975031210986267,0.43232044198895025,0.5676795580110497,0,4005,4.1,1,4.1,0.0,4005.0,0.0,0.0,0.0,0.0,1
B07GVR9TG7,"R1KQN0FQ8TQUYP,R2LIHYNX33S3JW,R2MSZF0CBI5362,R2RECNPT3U4S0R,R1G9BQDKBF78M7,R2GO75L7U86Z1V,R33PHX4BSNENA9,R301O6LFOU2YZ8",425,2318,4.338823529411765,22,0.037438958220293,2,0,0.031061259706643658,0.4964705882352941,0.5035294117647059,2,2318,4.4,1,4.4,0.0,2318.0,0.0,0.0,0.0,0.0,0
B0856HY85J,"R16XVVFYUNVL5L,R2MGT9GPFEHTPY,R326AAFTL0LMUL,R1XBQN0IY6V5VX,R1LMKF935MRJMW,R3VHEFOX9HOCWT,R1JEOGWKLERZIC,R35KI765XWBP34",591,3188,4.279187817258883,40,0.029916234543278818,1,0,0.03230865746549561,0.49746192893401014,0.5025380710659898,1,3188,4.1,1,4.1,0.0,3188.0,0.0,0.0,0.0,0.0,0
B07CD2BN46,"R13Z8MSR50H9UK,RM7JUADWLUK6A,RKJS44FVJ9WDN,R3NMULZYX4HN7N,R1F88W61P4OKYN,RBO17QNYZ6BIP,R3QD7XA5DS8I8K,R18F8VXBV6TZLO",1239,7355,4.809523809523809,65,0.05703031340983045,0,1,0.03072739632902787,0.35754640839386603,0.642453591606134,0,7355,4.1,1,4.1,0.0,7355.0,0.0,0.0,0.0,0.0,0
B07PLHTTB4,"R2MSV2JRVJGRQN,R2N6TQ3N4XSSFR,R3Q36Y6U3YKG6B,R3B62FXQRPYCBF,R3DSCZL1XTGQAX,RQSHBH1TBP4AB,R18HLYU58YH1LI,RSKKY88AN663W",74,417,4.45945945945946,3,0.06666666666666667,2,0,0.06954436450839328,0.7972972972972973,0.20270270270270271,0,417,3.5,1,3.5,0.0,417.0,0.0,0.0,0.0,0.0,0
B077T3BG5L,"R3I9ZZITI5NO9G,R2AO8Y28HYFSGN,RVJ7OESUFXN6U,R1MDDB3FYXXEVL,R3G7Y5WQT3T0AV,ROCT9PEGTFHBI,R24WVK7TASKNPN,RUOVM34GI6ISW",194,1072,4.448453608247423,10,0.023228803716608595,0,0,0.027052238805970148,0.5567010309278351,0.44329896907216493,0,1072,3.6,1,3.6,0.0,1072.0,0.0,0.0,0.0,0.0,0
B08DDRGWTJ,"R2X090D1YHACKR,R32ZCIH9AFNJ60,R3N57EVVG0EHAF,R3QWLE8JHROKC1,R2VTSDOOUTSQ5X,R3E6FZ75Q074KH,R1SYBQLTPFCW20,RYQT96J8HPIXE",181,988,4.298342541436464,22,0.05665349143610013,0,0,0.043522267206477734,0.5027624309392266,0.4972375690607735,0,988,4.3,3,4.3,0.0,988.0,1.0000000000000002,1.0000000000000002,1.0,0.0,0
B079Y6JZC8,"R2SLVB4IDEDVF4,R2RV27ZD33RI6P,RADJ27GF3JOCA,R3EL9BC8AYLS8M,R3P1N9EPS61ITV,R3IXD6WLRFIN2Y,R3QEKYN8ZHH98T,R3RZ9TPNV34433",137,760,4.401459854014599,11,0.03820598006644518,2,0,0.042105263157894736,0.6423357664233577,0.35766423357664234,0,760,3.8,1,3.8,0.0,760.0,0.0,0.0,0.0,0.0,0
B0856HNMR7,"R2JKCB5MNWKW9N,R2XZB8KBJN241T,R1R3NYQMODNGM8,R3CICAEO8AI5Q4,R1K987VOWZ2H3F,R2JA4G9JMA2D4O,R1KZ1EN293BV13,R66WLAR3WTRKN",135,738,4.4148148148148145,6,0.040268456375838924,1,0,0.02981029810298103,0.6370370370370371,0.362962962962963,0,738,4.0,1,4.0,0.0,738.0,0.0,0.0,0.0,0.0,0
B0B12K5BPM,"R2F293IOSSP7QX,R35TMVD8F23NNK,R2RP81I94A906C,RB6PFQQVU7KUM,R37XBQ83OS51H0,R2XMCSACFNMHSM,R3OAPCUWZ6KJ0E,R369ID2WU66LI8",213,1202,4.483568075117371,25,0.054313099041533544,1,0,0.0524126455906822,0.5821596244131455,0.41784037558685444,0,1202,3.9,1,3.9,0.0,1202.0,0.0,0.0,0.0,0.0,0
B08MTCKDYN,"R10KEMT1N336ZD,RL01KZO95GX4F,R1Q721FI3A7XLK,R34MTIAB8IHAI,R1LG1DNA516T7L,RFH8DR3A2O8BG,RFA922H587JFN,R10BFD806POSOX",117,661,4.564102564102564,12,0.0873015873015873,0,0,0.08623298033282904,0.5982905982905983,0.4017094017094017,1,661,4.1,2,4.1,0.0,637.0,0.9463830533623487,0.9463830533623487,1.0,0.0,0
B08CF3D7QR,"R11MQS7WD9C3I0,R2AKH69XQY8BY4,R8GBOLYUN5UP6,R1AYVO4R25KJTA,R1HT6XM787V7FV,R339XJL1GMKHA3,R175VFSB2A32HG,R35T9LXYBSP09G",215,1100,3.9953488372093022,15,0.03051643192488263,0,0,0.03090909090909091,0.6232558139534884,0.3767441860465116,0,1100,4.3,3,4.3,0.0,1100.0,0.9999999999999999,0.9999999999999999,1.0,0.0,0
B00LVMTA2A,"R2DRWYU4KRZG8M,R2C4X2752MM324,R2XH62C0OMV1KN,RHNRKZTFXDK89,R4KUI529XXAL5,R2YBU1X775PBO7,R2SP06FB7XB3NM,R3TQ721HDLL0UC",54,351,5.277777777777778,4,0.09473684210526316,0,0,0.06837606837606838,0.6666666666666666,0.3333333333333333,1,351,4.4,1,4.4,0.0,351.0,0.0,0.0,0.0,0.0,0
B07TR5HSR9,"RF73D5K5ZPBIU,R34D9LRZ543WW0,RXSU1WELHKSJV,RDJYI5PWSD45Y,R1UTEEMGPZ5T12,R3LZFS4QTCAHA8,R1Y8IAT73QZGHC,R19NL3QGC4DMZ7",321,1683,4.133956386292835,16,0.031013615733736764,2,0,0.0374331550802139,0.4953271028037383,0.5046728971962616,0,1683,4.3,1,4.3,0.0,1683.0,0.0,0.0,0.0,0.0,0
B0819ZZK5K,"R3PB00C7ZEBAMG,RVUGXND7SHFW8,R9LR8JP82ED2X,R32N5S5Q1W3RHU,R2W4T3SW0RJWWT,ROTKHGUAN5KUR,R2J5Z02Y4QL66Z,R2Z8H0DEYU31U1",637,3424,4.263736263736264,31,0.05178236397748593,0,0,0.03387850467289719,0.4897959183673469,0.5102040816326531,1,3424,4.3,1,4.3,0.0,3424.0,0.0,0.0,0.0,0.0,0
B096VF5YYF,"R1ZQQKZCCG4KD2,R1OHAWNCB4K26S,R1A7EDRAMKIXJ6,R2H3UO33625F4U,R3UX0I4P6QYZDT,R2WBZ23WWYQWIS,R2VDCJG8SCEN6I,R1NEXD5T49KYP9",2147,12094,4.498835584536563,181,0.040343707429529495,0,2,0.03018025467173805,0.3223102002794597,0.6776897997205403,1,12094,4.1,2,4.1,0.0,12094.0,1.0000000000000002,1.0000000000000002,1.0,0.0,1
B08QJJCY2Q,"R10758I9J937X1,R2QT07V4QXKIFY,R2BLT775YXVSXH,R3V1U8IIB8FFO2,RVBV8BEJ26OG6,R1LXTDC37JH60V,R1ICRMTTWYOFPK,R1HTJYYR59HC3S",169,901,4.2485207100591715,4,0.019886363636363636,0,0,0.03551609322974473,0.591715976331361,0.40828402366863903,0,901,4.4,1,4.4,0.0,901.0,0.0,0.0,0.0,0.0,0
B07L5L4GTB,"R4S7MHI8MJKLU,R1FNXA35SQ0AGR,REM1ZOQ5E2OE4,R3CD63WPYMHSO9,R3CYO0PKFDTBV2,RT4VEG1QJSZ5D,R1BLZ8NFKP1FN8,R312VCX5UBOTYJ",206,1098,4.228155339805825,9,0.046674445740956826,3,0,0.04007285974499089,0.5970873786407767,0.4029126213592233,0,1098,4.4,1,4.4,0.0,1098.0,0.0,0.0,0.0,0.0,0
B07L8KNP5F,"R11O7WDJVC8065,R2UF3J3M2DDJ07,R1J14TB65SWAKO,R97GYSJA4SZEV,R3GJ3X7MYRST9G,RGI050G1TY9NP,R11LGEEJ1QQ8HI,RP53N14Q2723T",767,4090,4.177314211212516,31,0.024655779699007365,0,0,0.03129584352078239,0.43546284224250326,0.5645371577574967,2,4090,3.8,1,3.8,0.0,4090.0,0.0,0.0,0.0,0.0,1
B08CF4SCNP,"R2L4XIZ518GOR1,RPVZZE1EB5RNS,RF4O6NIV5JCCW,R34V1K30QYA0OB,R3QB4RKKFY10JI,R19ZQCPYHQWLK7,R2XHVF9XQDSISL,R3JGGBNU2POS7K",96,508,4.177083333333333,4,0.0275,0,0,0.051181102362204724,0.6354166666666666,0.3645833333333333,0,508,3.8,1,3.8,0.0,508.0,0.0,0.0,0.0,0.0,0
B09XX51X2G,"R1INL4UFJMHNYR,R1JKLP968JFII9,R1V4XNUIURS7GC,R3ADRUHE42WCJE,RS7H27GCGREXQ,R41ZM7UPJZQ8W,RXM4QJZX5M7Q4,RUWA5ZR9LSQBH",161,825,4.093167701863354,7,0.03987730061349693,0,0,0.04242424242424243,0.639751552795031,0.36024844720496896,0,825,4.0,1,4.0,0.0,825.0,0.0,0.0,0.0,0.0,0
B01M72LILF,"R2ZXDFN8U4X0T3,RD94LCPFDC5TC,R2S5WXQYTXTQYQ,R2ACY9811MRUN5,R3LCHR1A1RPV6S,RT7JIX9SX80E1,R3L8S4KNQ9XCO6,R5F8EK88EABNY",243,1260,4.0699588477366255,20,0.04004106776180698,0,0,0.0380952380952381,0.5802469135802469,0.41975308641975306,0,1260,4.4,1,4.4,0.0,1260.0,0.0,0.0,0.0,0.0,0
B07KSMBL2H,"R1FKOKZ3HHKJBZ,R2WNMZI1EXTA0H,RCA1M3W4RIXUR,R3BKCLL6D7ZLIX,REVSR0ILY3547,R15W5KMQB95IV5,R10PB68FRUHT5V,R3TLCE9JSBU3UP",208,1053,3.9663461538461537,16,0.0425273390036452,2,0,0.03608736942070275,0.5576923076923077,0.4423076923076923,0,1053,4.4,2,4.4,0.0,1053.0,1.0000000000000004,1.0000000000000004,1.0,0.0,0
B00LZLQ624,"R2QV1JD5V8C2S1,RG4C2KF3ZRM0O,R2W29VY8NK4944,R1CND8STT3PIJ9,R28HD6AAAURKH9,R1YCVCHRY2S75S,R3HTDIUAXMK62H,ROTGU2DMM6OU0",402,2232,4.412935323383085,35,0.037079292641186534,1,0,0.03539426523297491,0.527363184079602,0.472636815920398,0,2232,4.5,1,4.5,0.0,2232.0,0.0,0.0,0.0,0.0,0
B07DJLFMPS,"RPA8V1051ERUL,R2M7ENP70GK5P4,R3PA1IDUY9QNC8,R1QVT2JWXS2Y8Q,R2D2Z6QVL2FXNO,R2W3Y5HX9WED9J,R2TUAIDPW255N6,RWLGI93AXFKRD",61,366,4.885245901639344,6,0.050335570469798654,0,0,0.0546448087431694,0.7377049180327869,0.26229508196721313,0,366,4.0,2,4.0,0.0,366.0,1.0,1.0,1.0,0.0,0
B09GB5B4BK,"R30U9FM8KQM6XF,R29JQ2K07HBYIF,R2E2HQUWWCQ7KQ,R296GRK7CYBW8R,RQYGF5HURT4Q7,R2UMKGAL43EGDB,R2BJNGYIXCJZR3,R1LPMCFZIBBS1E",194,1048,4.231958762886598,22,0.044226044226044224,0,0,0.05820610687022901,0.5618556701030928,0.4381443298969072,1,1048,4.0,1,4.0,0.0,1048.0,0.0,0.0,0.0,0.0,0
B015ZXUDD0,"R32VTB32ABV5KD,R6MP28BOL57KT,R2EAVEVO5QBCY0,R2RGL2ER7IIAIM,R14FBKM06QD50M,R1LYEOV92R84LX,R2DQHH5ZDEIZF7,R20YKGEYEPCEGL",277,1572,4.548736462093863,22,0.06838294448913917,0,0,0.03371501272264631,0.5812274368231047,0.4187725631768953,0,1572,4.3,1,4.3,0.0,1572.0,0.0,0.0,0.0,0.0,0
B085DTN6R2,"R1QETDIPRCX4S0,RARQYQ8POOFA9,R952F931MCOR5,R3LLDHV3WXED9C,R282YHZ5A4GMY4,R34W3B1C7RP98Q,R1467F9VL3DLSY,R3KLQRR1UM44JG",158,890,4.550632911392405,11,0.05750350631136045,0,0,0.03146067415730337,0.620253164556962,0.379746835443038,0,890,4.2,3,4.2,0.0,890.0,0.9999999999999999,0.9999999999999999,1.0,0.0,0
B09PL79D2X,"RO77OQG21KZ7C,R14P5VL1FNT9AH,R2XDRJHJRKJC9T,R18FB15M733QII,R892AATDO8QNT,RZ5L8BVT0THNE,R3LEJZ4FF2OSYZ,R3CQCCWYS8XQ4Q",718,3872,4.250696378830083,52,0.0291005291005291,0,0,0.034349173553719005,0.4011142061281337,0.5988857938718662,1,3872,3.8,1,3.8,0.0,3872.0,0.0,0.0,0.0,0.0,1
B098K3H92Z,"R3NMEJ9FHUKIM5,R9Q5HZCYA8M7W,R1TBL4GV1NUX07,R107YDPAWIHVKN,R3ON78SE4U0D4D,R1S9OCH99PFHGW,R3VB6LUO0KQAC7,R38WR5MFISLU9H",2068,11364,4.343326885880077,151,0.06930022573363431,7,1,0.04091869060190074,0.32736943907156674,0.6726305609284333,0,11364,4.3,1,4.3,0.0,11364.0,0.0,0.0,0.0,0.0,1
B09KLVMZ3B,"R20XIOU25HEX80,R2X55FA2EEUEYM,R393Z224NBTDLN,R3Q4ZCHWSAQD5B,R1AE3A4NSVM9SC,R2U1YAAZE07I1V,R36NVL58WQ7D64,R1E7GPZ569TBIZ",177,969,4.372881355932203,16,0.04450261780104712,0,0,0.03508771929824561,0.519774011299435,0.480225988700565,3,969,4.1,3,4.1,0.0,969.0,1.0000000000000002,1.0000000000000002,1.0,0.0,0
B084PJSSQ1,"R21XRUZQ2MQ2ME,R368V5GBBAVTKL,RWYWGRLTSJX7N,R3VR8G8SJCIQM,R2SME90R32XR18,R2BTUXHC0LJSK2,R2LJ7EU195HEBH,R3SQTXO5SE96IF",360,1744,3.713888888888889,13,0.05572998430141287,0,0,0.04357798165137615,0.48333333333333334,0.5166666666666667,0,1744,4.3,1,4.3,0.0,1744.0,0.0,0.0,0.0,0.0,0
B097R25DP7,"R1NARG7VJ59AD3,R6BEKBJDZAEX5,R36J5LRZNMMZXL,R2AHCTVOGP0T6P,RXW00MCJXW4UW,R3HDBTGLJJ34YO,R1K6IPHKQQ03AJ,ROANI9ZPECRM0",145,808,4.427586206896552,14,0.0515625,0,0,0.04579207920792079,0.7172413793103448,0.2827586206896552,0,808,4.0,2,4.0,0.0,798.0,0.9623948637153721,0.9623948637153721,1.0,0.0,0
B097C564GC,"R3CUNCZTU43JPP,RSO46BN8S4OSU,R2UD5D7T4DZRE5,R2XLJQREI5N1VB,R29MV5DZH3FQBH,R9F5EX21OJF17,R12QT09SFCET3,R2RQYG7OHKC98T",106,594,4.556603773584905,6,0.051759834368530024,1,0,0.03872053872053872,0.6320754716981132,0.36792452830188677,0,594,4.3,1,4.3,0.0,594.0,0.0,0.0,0.0,0.0,0
B08CYNJ5KY,"R3C592OSGL2F93,R1E0XZJHFH6TXM,R2ENRB8YO7Y4S1,R3D1R5YMT9NWFM,R333HIWFHBI9EX,R3EGM0TULXVGUT,R3IJK2M8NM5F25,RYO5JW13I0MCH",98,553,4.591836734693878,4,0.04899777282850779,1,0,0.03616636528028933,0.6530612244897959,0.3469387755102041,0,553,4.2,1,4.2,0.0,553.0,0.0,0.0,0.0,0.0,0
B00Y4ORQ46,"R3H4H2BLYJ8K54,R1P0BZF3X3CT7I,R2UC6S1JJBFG43,R3NEEKXGIP67K0,R1U5XLD5P7F7FU,R2A1XQCL3IR2SO,R1PQT6I4G8V4UP,R3ALX1UAMP0V5F",628,3438,4.390127388535032,44,0.023731288791529755,1,0,0.02646887725421757,0.46656050955414013,0.5334394904458599,1,3438,4.0,1,4.0,0.0,3438.0,0.0,0.0,0.0,0.0,0
B074CWD7MS,"R2QDKL6M3BGGR8,R2GXKYBJXNF3HR,R3OBHPHLETR6ZR,R6ZP9NF1BL84O,R1OIEL27NJ0RCO,R1JQG83T7U855F,R3J34H7VBLFKDM,R39DXFGYRXPIW2",396,2176,4.340909090909091,31,0.09747504403992954,1,0,0.04090073529411765,0.5328282828282829,0.4671717171717172,2,2176,4.4,1,4.4,0.0,2176.0,0.0,0.0,0.0,0.0,0
B083342NKJ,"R2JPQNKCOE10UK,RQI80JG2WZXNF,R2LYZ4CUWPMUJN,R1ZBD2ZB2ZYEWX,R2ITEDC9KOCY3N,R1115HIQP3BKKJ,R31OMS6DNMI7M,R2DCFXQMUNO93L",119,673,4.487394957983193,12,0.0497131931166348,0,0,0.05646359583952452,0.6134453781512605,0.3865546218487395,0,673,4.4,3,4.4,0.0,681.0,0.9999999999999999,0.988899133680409,1.0,0.0,0
B09C6HXFC1,"R12D1BZF9MU8TN,R32MNCWO5LGFCG,RZU3UK8OZKD6X,R3BSTKR3JUW6GY,R1ARVYPXS4XPB7,R1V6GDYE2IBX8O,R28EG2PXZTJL90,R2SQNU7OIOOLHT",144,807,4.4375,6,0.03610675039246468,6,0,0.040892193308550186,0.6180555555555556,0.3819444444444444,0,807,4.5,3,4.5,0.0,807.0,1.0000000000000009,1.0000000000000009,1.0,0.0,0
B00A0VCJPI,"RU4VUDDZCAKWJ,R3F278LDDKWR82,R1NBKTUA3TDF0X,R1SXNGZHUU7T1A,R19G9M4DV85UZR,RI0WQOZ9OHFQR,RMHY4XGSZT7UR,R84PM9B4EXEQX",253,1324,4.1146245059288535,24,0.04253214638971316,5,0,0.05211480362537765,0.5612648221343873,0.43873517786561267,0,1324,4.2,1,4.2,0.0,1324.0,0.0,0.0,0.0,0.0,0
B00UGZWM2I,"R1XME75YUKM2OB,RZ4IS44C3AS2F,RDD5TKKRXAHI6,R3IYQJAV7Z3IIJ,R1OUFD8RNQEGRO,RUTSM8SFB6IK1,RD1I9V3J84SRN,R19Y060OGX1449",169,885,4.118343195266272,15,0.035919540229885055,1,0,0.03954802259887006,0.5976331360946746,0.40236686390532544,1,885,4.1,1,4.1,0.0,885.0,0.0,0.0,0.0,0.0,0
B00R1P3B4O,"RPGQI0SP1LWQD,RQ38JN12KFAGP,R3HYEK5C8SAQU7,R3B1AQRLPRCM0G,R2ZAAKRLUZBNOY,RINQEFDY3172H,R3S8DLWTVTZT74,R2889VE9YMT0EZ",118,650,4.372881355932203,15,0.05241935483870968,9,0,0.06615384615384616,0.711864406779661,0.288135593220339,1,650,4.5,1,4.5,0.0,650.0,0.0,0.0,0.0,0.0,1
B0B3MWYCHQ,"R1AIQQLE21YDXS,R26ABOIUJ8UXJ7,R93L2MCBC4Y90,R2GDAM50Z413JN,R16TI1N60Q41BB,R1UEYEMD03OA5C,R16D88E4TNGL3M,R1WSNRYZ7VK0KB",376,2046,4.3537234042553195,25,0.033783783783783786,0,0,0.02541544477028348,0.4867021276595745,0.5132978723404256,0,2046,4.2,2,4.2,0.0,2046.0,1.0000000000000007,1.0000000000000007,1.0,0.0,0
B09DG9VNWB,"R3KPZ8P5M4PG72,R2HSDBDLRKBOC0,R2EI8C7FUKOSDO,R3BRLV8FDVV6QB,R1YHHQ223HBPE9,R2UAVXBGV8WK3N,RPTZZYC6X5HF,R327KYMPRK1R5H",458,2568,4.521834061135372,20,0.035036496350364967,2,0,0.026090342679127725,0.5043668122270742,0.49563318777292575,0,2568,4.3,1,4.3,0.0,2568.0,0.0,0.0,0.0,0.0,0
B09Y5MP7C4,"R2XES5SVJG8YP1,R3ISE0B84H2FC4,R32PBSE5T01GP3,RF7XT25GUKMXL,R90ADLZBP2L4B,R1ININDVW54554,RSL20NEE3CM3Z,R8NGRUX0L544R",364,1889,3.967032967032967,28,0.10805084745762712,0,0,0.06458443620963472,0.5027472527472527,0.49725274725274726,0,1889,3.9,1,3.9,0.0,1889.0,0.0,0.0,0.0,0.0,0
B01DJJVFPC,"R3NINARQVMB04K,R3V669AZP1XAAF,R20I705WTEEW1V,RY83C96248L5V,R26RSSJWPNLVT2,R19L3YHA555YWV,R1ZAZH2LQQV1BO,R2X7KQZQ9OM9SP",143,753,4.216783216783217,6,0.04152823920265781,0,0,0.03187250996015936,0.6573426573426573,0.34265734265734266,0,753,4.5,1,4.5,0.0,753.0,0.0,0.0,0.0,0.0,0
B07DFYJRQV,"RO083A44QXKV9,R3C3602BFFOSHL,R3CJ93AM926Y16,RG0532BEQHFMJ,R664LC5TVQ8FY,R351V55RSSHHKF,R1O8VW90GF66XT,R15LLQQDFS6UUR",151,848,4.490066225165563,13,0.06202723146747353,0,0,0.04834905660377359,0.6225165562913907,0.37748344370860926,0,848,4.1,1,4.1,0.0,848.0,0.0,0.0,0.0,0.0,0
B08L879JSN,"R12NQTT6JQ7IUU,RY86UV8SMZI90,R2AAYZE6G6UIAU,R39Q207BAEQQWR,RSZFFKU0IDHKS,R2GFFY2F5H41KG,R36TOBMRAZCRCQ,R2DCMA2LKZOX95",225,1215,4.297777777777778,12,0.02617801047120419,2,0,0.027983539094650206,0.5644444444444444,0.43555555555555553,0,1215,4.2,1,4.2,0.0,1215.0,0.0,0.0,0.0,0.0,0
B08TDJNM3G,"R3CEIRJ8YFRONO,R3ICE0RT3T14TH,R17764XIRZDB5H,RI1X7COS2IBOL,R33A1O2FLMSC3Z,RHFEA5EOYKD7Q,R1GTW2UMC0N8KZ,R33OGOISGY92FA",97,509,4.237113402061856,4,0.04656862745098039,0,0,0.03536345776031434,0.6597938144329897,0.3402061855670103,0,509,3.8,1,3.8,0.0,509.0,0.0,0.0,0.0,0.0,0
B06XSK3XL6,"R9OEDGO6AP6W,R18J04KXIBBB6N,R70MW25QBMRGK,R3AX6PA4E2TM2G,R7HUKVB4XODCQ,R1J8EL6DD8FXI4,R1GYAYF8LG0P4Y,R2O8NMN02QCYQT",134,706,4.186567164179104,5,0.046511627906976744,1,0,0.032577903682719546,0.6492537313432836,0.35074626865671643,0,706,4.3,1,4.3,0.0,706.0,0.0,0.0,0.0,0.0,0
B07YNTJ8ZM,"R2SK5PPC2ZKCL5,RD7IHEAUK0KA6,R32GOT9K2GCKQG,R2ODSY8YMSYDBQ,R1GJIXYJ1WCO16,R3F1T36YXCNJUT,R1TWYPGF1F4VJW,R2ZI8M3NTETFJT",761,4315,4.551905387647832,45,0.046484601975595584,0,0,0.023174971031286212,0.4191852825229961,0.580814717477004,1,4315,3.9,1,3.9,0.0,4315.0,0.0,0.0,0.0,0.0,1
B09KGV7WSV,"R1DVF8WQYO780,R2B57KUCWYWDKX,R387VL6JFWOGER,R1OI6WSW06GR1S,R35O9XKPNRSYBT,R18TBS4UYVK90T,R2Y87EUNNJCKL7,R3KEMD6RG0SKOI",383,2064,4.274151436031332,29,0.07476635514018691,0,0,0.03197674418604651,0.5326370757180157,0.46736292428198434,0,2064,4.3,2,4.3,0.0,2064.0,0.9999999999999994,0.9999999999999994,1.0,0.0,0
B08DPLCM6T,"R2PNR69G0BQG2F,R31A0WWDEYMKEW,R2C4XEWFLVU7JV,RYWES5AT5FQO6,R1PGWAY5TEWLT4,R32542OPR0QC4I,R2JDJEVZ2G7EEK,R36EHHPAQNSSOF",98,530,4.275510204081633,10,0.059665871121718374,0,0,0.0509433962264151,0.7040816326530612,0.29591836734693877,0,530,4.3,2,4.3,0.0,530.0,1.0,1.0,1.0,0.0,0
B07KR5P3YD,"R1JXCQXDJH1CEV,R3C6DZWAYPPVIX,R2RMNGCEK9JTR6,R2TWPQKNMIHDWC,R2GAXBVB8VNNFW,RS8LJM8U4MFL9,R36X9P0X5BIB9V,RC4NQGWR1VSW1",142,770,4.232394366197183,12,0.064891846921797,0,0,0.045454545454545456,0.5985915492957746,0.4014084507042254,0,770,3.9,1,3.9,0.0,770.0,0.0,0.0,0.0,0.0,0
B08FB2LNSZ,"R3NMIVJ17E0X21,RB5W0IR72WUCL,RYFMIDRTCXL9G,RAXJMWTTGEC3N,R3NIYIIT389DWG,R9X812EYFQOYQ,R3JUK9JGV9M0OZ,R11666SEDDXZ66",429,2313,4.268065268065268,32,0.038482682792743264,0,0,0.03285776048421963,0.5221445221445221,0.47785547785547783,0,2313,3.7,1,3.7,0.0,2313.0,0.0,0.0,0.0,0.0,0
B01IBRHE3E,"R1B4X8ITOATQ0C,R5WG9NHM3YOOT,R3TAVI48RMGJX5,RILQMI1I1DYD1,R1R099R1LF5U9A,R26A4K18YPO7PL,R336HLDD03LJVQ,R21IQ39FHPMSQZ",140,778,4.457142857142857,12,0.03205128205128205,0,0,0.03984575835475578,0.6285714285714286,0.37142857142857144,0,778,4.2,1,4.2,0.0,778.0,0.0,0.0,0.0,0.0,0
B01N6LU1VF,"R3D9U8JX5A9TUJ,R35QH8XSF5Q7Q8,R2GIERTOOHJ61Y,R1C41WPHWU3HQU,R1KWYGPK5B25QW,R29JX6DV9W8CEX,R2NC01NL944UV6,R383NYRRUUA4RG",2498,13582,4.289031224979984,133,0.0824634655532359,0,1,0.028125460167869237,0.3210568454763811,0.6789431545236189,1,13582,4.3,1,4.3,0.0,13582.0,0.0,0.0,0.0,0.0,1
B07XLML2YS,"R3B27WULJTV0TX,R17QJ5UVWP6FA3,R3QKFVLI9WHP40,R3LEQKCCAHPSWR,R11H2N84QPASNY,R393EMOMYGZ5FU,R17HKZQD6S4TMP,R16FEY4VDG9V22",396,2136,4.3106060606060606,20,0.023557126030624265,0,0,0.026217228464419477,0.51010101010101,0.4898989898989899,1,2136,4.2,1,4.2,0.0,2136.0,0.0,0.0,0.0,0.0,0
B086WMSCN3,"R9WFEPTQ1AVOT,R21UPDIAM0TVWB,RHZHGXAI6M674,R3IWE5ZPWKQ69C,RMVC4YY8V7RYM,R1G1RT7104E5RE,R14Q3C6MLJ03P2,R35VJEPZY0GU3B",248,1270,4.084677419354839,9,0.032,0,0,0.02283464566929134,0.5282258064516129,0.4717741935483871,0,1270,3.9,1,3.9,0.0,1270.0,0.0,0.0,0.0,0.0,0
B003B00484,"R5L3FAFS6JXJF,R1VTQ25LXQX5UD,R6RJYAZUM5240,R1S8HH7X7WWELD,R3VAP7JD6S5Q9B,R2RJV9PK2QMAQJ,R2JSE9NKI4XHKF,R1LUV2WJODYVJ2",215,1199,4.474418604651163,26,0.04357066950053135,0,0,0.05087572977481234,0.641860465116279,0.3581395348837209,0,1199,4.3,1,4.3,0.0,1199.0,0.0,0.0,0.0,0.0,0
B085194JFL,"R1GYK05NN6747O,R1J21BZ29NGQF9,R16JCHEILBYOMW,R2WVVS88M7SH18,R2MQ3VB8ZTUS48,RBJPTKHYQ7G7U,R37PKO5FUPJW35,R38R2YC2J2BMWR",197,1068,4.340101522842639,13,0.10705882352941176,0,0,0.031835205992509365,0.5685279187817259,0.43147208121827413,1,1068,3.7,2,3.7,0.0,1068.0,1.0000000000000002,1.0000000000000002,1.0,0.0,0
B09F6S8BT6,"R1SN0D4DFBKAZI,R1SX5L77L2CD6V,R1NAZ6M4QBUJMK,R25I5FXOJA76KS,R32V7DQLDSKJ99,R8QWY8HXI120P,R2OZPGGMUCLSC1,R1G4SA1P865EIS",145,792,4.324137931034483,10,0.051118210862619806,0,1,0.03787878787878788,0.5379310344827586,0.46206896551724136,0,792,4.3,2,4.3,0.0,792.0,1.0000000000000002,1.0000000000000002,1.0,0.0,0
B003L62T7W,"R3U9FRV2Q625DO,R3EJZ83W9OHW3D,RSH53O0JL66NL,R3BMZS3M7NRJ6H,R1KGMYE82EPYDO,RG1M1ENVZBFAP,R1WFXJNNGSCEPV,R1NAE9JMVSXVA1",133,779,4.69172932330827,10,0.04723127035830619,0,0,0.055198973042362,0.6541353383458647,0.3458646616541353,1,779,4.3,1,4.3,0.0,779.0,0.0,0.0,0.0,0.0,0
B09P18XVW6,"R1VSKOXXZVR2QQ,RTHHAHQ848PU8,R1RNS2YZ7FXVD1,RMYPWXFB5Y3MQ,R2ZCXVKC7DFULV,R1MBN704BJGOUR,R357MDXJPLIJ9E,R38J3H1JQN20BI",182,932,4.010989010989011,14,0.042582417582417584,0,0,0.045064377682403435,0.5769230769230769,0.4230769230769231,0,932,3.9,1,3.9,0.0,932.0,0.0,0.0,0.0,0.0,0
B00LZLPYHW,"R2GUYHS0CU32OU,R3TKVWL3ZLGJ2L,R1EC5MKPYJIUG3,R3MLY4J9APFPSY,R1Q2LLFMPBKRC5,R10RLPU4M73CP6,R34MKCOD6O491E,R3R6D9TUIP8SNV",153,861,4.405228758169935,11,0.029940119760479042,2,0,0.05574912891986063,0.5751633986928104,0.42483660130718953,0,861,4.4,1,4.4,0.0,861.0,0.0,0.0,0.0,0.0,0
B09NHVCHS9,"R3F4T5TRYPTMIG,R3DQIEC603E7AY,R1O4Z15FD40PV5,RDVX50PD4CTFE,R3H6WKG0TA5CGU,R3Q3L1KP5QWPV3,RU0LU2PAIIME,R20FTANBPFA653",131,661,3.9236641221374047,17,0.08300395256916997,0,0,0.06505295007564296,0.5877862595419847,0.4122137404580153,0,661,4.0,3,4.0,0.0,661.0,1.0000000000000004,1.0000000000000004,1.0,0.0,0
B00NNQMYNE,"R3CX62IV0TSF01,R2K650XLDC67WC,RIL3X4K17UXMZ,RSOVJCRH662YN,R20C8843BM8Z3U,R2WQI4JZU8FHJA,R47YX2LMQDMCL,R2Y2GMH611HDB2",159,881,4.452830188679245,14,0.0480225988700565,0,0,0.03745743473325766,0.6477987421383647,0.3522012578616352,0,881,4.5,1,4.5,0.0,881.0,0.0,0.0,0.0,0.0,0
B0B217Z5VK,"R1H4NEOQ6UEAUO,R1EXCFKOXU8V4G,R26ZOQR926DPVQ,R29VVCLZZLXMKP,R1EQ6Z6IDFUDQU,R2OOANZHYPNGCF,R22ZFYL3I9O4CV,R3SHUZZHWO2W3P",150,855,4.653333333333333,8,0.040229885057471264,0,0,0.029239766081871343,0.6333333333333333,0.36666666666666664,0,855,3.9,1,3.9,0.0,855.0,0.0,0.0,0.0,0.0,0
B07B88KQZ8,"R1HX6VQS2UYU8R,R3A39U8MP8LIWS,R2Y7Y17C8YALB,RSQG0AYJ4V2D8,R2WV6HSBBEWM30,R1AHXLKGDRQUYJ,R1BTJA3264JTT5,R1CIASP6T84E5I",318,1752,4.39937106918239,14,0.03507516105941303,1,0,0.023401826484018264,0.5062893081761006,0.4937106918238994,1,1752,4.3,1,4.3,0.0,1752.0,0.0,0.0,0.0,0.0,0
B01M4GGIVU,"R2DIHMHOPYEASB,R24RHE9B30YXWQ,R3DYXQZQA6PPHM,R2458DMQ9C2Z4F,R36C67830VNHAA,R2GE3ZI47UVVO,R1XMBPKJ1QP1Q9,R1L6PX82T6UT6P",265,1369,3.9962264150943394,28,0.05338417540514776,4,0,0.04821037253469686,0.5773584905660377,0.4226415094339623,0,1369,4.2,2,4.2,0.0,1369.0,0.9999999999999932,0.9999999999999932,1.0,0.0,0
B07Z3K96FR,"R207L99B0HON4H,REU6EKQK98RBL,RM596L5QWH41H,R3S583DFLJ72KS,R2RV6Q4UAGYKUY,R3O59TXWPHOPEO,RMVC7IIYGMZJ8,R2V8YZ8X1YQY5C",151,898,4.801324503311259,9,0.031724137931034485,0,0,0.036748329621380846,0.6291390728476821,0.3708609271523179,0,898,4.1,1,4.1,0.0,898.0,0.0,0.0,0.0,0.0,0
B0756CLQWL,"R1CKJXFP143T9U,R31WPX3OC28CK7,R1S0S55YJ1UNXW,R1VQUWXWHW7F39,R2YJT6N81TWW2J,R3TY53243YFG8E,RFMQXL2EJSMQ9,R1ZD2CRP65AO8B",339,1793,4.221238938053097,18,0.05485232067510549,1,0,0.03067484662576687,0.5427728613569321,0.45722713864306785,1,1793,4.2,1,4.2,0.0,1793.0,0.0,0.0,0.0,0.0,0
B004IO5BMQ,"R28ZB0YUM6FKKB,RNB44LXBJIPTL,RVSWATRY0CJIV,R3IJ7R6T1XNRDW,RDC2ZTQAO2XXC,R1RFN16MM6BMUM,R2O8DIRX6ME9HQ,R50QNWM2SDL2V",361,1936,4.204986149584488,18,0.04,7,0,0.042355371900826444,0.5429362880886427,0.45706371191135736,1,1936,4.5,1,4.5,0.0,1936.0,0.0,0.0,0.0,0.0,1
B09Z6WH2N1,"R1EZC4VZXSJG4L,R1R39X4XI4GF5N,R2NR5VY4ULMZGZ,R1FGNEOQQOF3QC,R7BTN0BZCR0JG,R1IGYOAGJ9FW5U,R3B1Y0WDM2QS0U,R2KNU5Q3FUL54C",210,1119,4.261904761904762,15,0.029180695847362513,0,0,0.029490616621983913,0.5333333333333333,0.4666666666666667,0,1119,4.2,2,4.2,0.0,1119.0,1.0000000000000004,1.0000000000000004,1.0,0.0,0
B01HGCLUH6,"RYVGISVDMR782,R2SUYAKH1B3Y9A,R2A98UDM7A9PQZ,R24J0BEZA2THE5,R1PUJMNHTMHNWS,RWIBZAS0R8OND,R1042SYVJXWW5H,R1MPZFZKGIYFRW",126,690,4.309523809523809,10,0.044444444444444446,0,0,0.04927536231884058,0.5634920634920635,0.4365079365079365,0,690,4.2,1,4.2,0.0,690.0,0.0,0.0,0.0,0.0,0
B01N4EV2TL,"R1RUKN8RB2RKOV,R2DBKFMLI7ZC68,R2935VQS8956B4,R2HNYWLYAUUF0,RPZX6OUAQAC2Q,R2M2E3K9WCOT8C,R3I4DTEZHG51AT,R3HSC8JRXPXLN5",217,1233,4.552995391705069,20,0.03340080971659919,1,0,0.034874290348742905,0.5529953917050692,0.4470046082949309,1,1233,4.3,1,4.3,0.0,1233.0,0.0,0.0,0.0,0.0,0
B08MZQBFLN,"R1GJXMBEY4O49A,R2RJ4QKYQ0VWIL,R2C6XBMID12B8B,R3MT7MII7720H4,RRGGJ6YHE8TBS,RU9GH76MXDYL8,R30MQSL9GAYO5P,R1IO6YQ3NZVJIK",106,595,4.537735849056604,10,0.13247863247863248,0,0,0.06050420168067227,0.6509433962264151,0.3490566037735849,0,595,4.0,1,4.0,0.0,595.0,0.0,0.0,0.0,0.0,0
B0752LL57V,"R3S29FN21O2CMZ,R11MO8HH0GUD1M,R3TQJKN7EJKGXO,R1TC8NPQAQ5J3C,R1PFTUO42S9ALO,R3GFV68WKN08V3,R2Y75UNA9CGD8E,RV7AO8FJ14RY7",88,468,4.2272727272727275,11,0.06830601092896176,0,0,0.07478632478632478,0.6818181818181818,0.3181818181818182,0,468,4.5,1,4.5,0.0,468.0,0.0,0.0,0.0,0.0,0
B08K4PSZ3V,"R2FRXL54AFATWQ,ROBDUAJXECNYM,R6GD9MATBBC0,RGKPT6A78DSX2,R7UCUG9Q2AOY9,RWC4G90JFDFX5,RCDQUPWVIM6NN,R25MFNHA3G4KVK",240,1254,4.133333333333334,17,0.03662258392675483,0,0,0.03269537480063796,0.5791666666666667,0.42083333333333334,1,1254,3.8,2,3.8,0.0,1254.0,1.0000000000000004,1.0000000000000004,1.0,0.0,0
B09Z28BQZT,"R1IF6OX5EMCHRA,R11D9Q1R128JAS,RYHX3VX289G1,R19FHZ8XC2J59F,R30VMLL7S21LYI,R2SB7CBS0DFSTW,RQWYUTNJ2RA2L,R1TM8DUKLOEWBV",242,1225,3.979338842975207,13,0.023182297154899896,0,0,0.035918367346938776,0.5413223140495868,0.45867768595041325,0,1225,3.9,1,3.9,0.0,1225.0,0.0,0.0,0.0,0.0,0
B094DQWV9B,"R1QIWMR6C3F3U0,R1MSGOZTOMZE4B,R20OZCEE82GU0W,RMKY6FED1DV2L,R3BYJ1ULP499GK,R3G93XCNRW5ZRM,R2AKI7N239TKC6,R1QCWFZKUGG13I",206,1032,3.9223300970873787,14,0.061957868649318466,0,0,0.030038759689922482,0.5242718446601942,0.47572815533980584,0,1032,4.0,1,4.0,0.0,1032.0,0.0,0.0,0.0,0.0,0
B0BBMPH39N,"R37B1CGX8LWLNS,RUFFDMZAXAV0E,R1FUPYVQBR42LV,R283XBLNQ2SZ1E,REJ2BDZ46X1UX,R1I8OS16C2AHO1,R3JWC2LKUMZBD3,R1F3K6BW2IEZBJ",203,1143,4.497536945812808,19,0.06354515050167224,0,0,0.05336832895888014,0.6206896551724138,0.3793103448275862,0,1143,4.1,1,4.1,0.0,1143.0,0.0,0.0,0.0,0.0,0
B097JQ1J5G,"R2OTWTVJ7UBDIL,R3I2UK18RSKIIX,R3F9R8G9YHTF6,R2KV2L7KD9GGXJ,R3HJSJJMUWOH8Y,ROTCPLKO6UKDA,R3QONJCF8NKEWD,R1FEIDBQF2KF9N",230,1174,4.0,18,0.03875968992248062,0,0,0.0434412265758092,0.6304347826086957,0.3695652173913043,0,1174,3.4,1,3.4,0.0,1174.0,0.0,0.0,0.0,0.0,0
B07YY1BY5B,"R2IUZKZ2BFCQPB,RS3FCMS4SCQ6V,R1DKS4CX2ELE9L,R2O8KBZUC4EB8A,RNT0QZ6SRDN5V,R3H9YQ6S3H3GLL,R3W56W4AW11KW1,RPJ5DDRIN3STD",53,280,4.09433962264151,3,0.07834101382488479,0,0,0.075,0.6981132075471698,0.3018867924528302,0,280,4.0,1,4.0,0.0,280.0,0.0,0.0,0.0,0.0,0
B08VRMK55F,"R14UKNZTUGMLYJ,R1W6GXERH9XYVJ,R2XFIAZAPHYP3B,R2NKYQY8W7X4HQ,R1JJLPIVVGYYVD,R34HN1WQOVXABP,R1CFS1H3NYJT22,R2LARKDVN5VEA6",436,2398,4.334862385321101,37,0.03626666666666667,0,0,0.044620517097581316,0.5298165137614679,0.4701834862385321,0,2398,3.4,1,3.4,0.0,2398.0,0.0,0.0,0.0,0.0,0
B08CHZ3ZQ7,"RU005HHB0U3FV,R2OH909YAN0NWP,R2QUS4TP2AQD7Y,R11IIB56J49ZMK,R27X20M16J5I2V,R3LJECTJJCPCMA,R1VLU5EP1LPYG5,R3N7Q2Z3RUDS01",494,2549,4.068825910931174,29,0.013547415955845458,1,0,0.028246371125931737,0.4493927125506073,0.5506072874493927,0,2549,4.3,1,4.3,0.0,2549.0,0.0,0.0,0.0,0.0,0
B08SCCG9D4,"R20M6JOASW88SS,RPM4RV2MQNNN0,R19KRP5SDTN2NL,R1HQBX8OVYYO7W,RQ9RWJZB21GNX,R26WA9NHSG09V,R1R02S6NW8I5BS,R3SFPV2D6N2S9Q",140,783,4.485714285714286,10,0.041666666666666664,1,0,0.04342273307790549,0.5857142857142857,0.4142857142857143,0,783,3.9,1,3.9,0.0,783.0,0.0,0.0,0.0,0.0,0
B0972BQ2RS,"R2WBBSKN8SRWUM,R1OG8IBJAU5BIT,R1QPUP4Q0343RD,RO0RSJKPHXH1A,R1B9XZHVQ5HH89,R329DLXLSGR4NS,R18BCRG4WYODGG,R3U7XXGC3DE0IB",293,1670,4.587030716723549,22,0.02466367713004484,2,0,0.03173652694610778,0.5665529010238908,0.4334470989761092,0,1670,4.1,1,4.1,0.0,1670.0,0.0,0.0,0.0,0.0,0
B00ZRBWPA0,"R1VCGAPSS4LWYQ,R3DS8EL4VV5LS6,R28MH1Y6O92EOP,R2LSJ2G7AP9NOB,R1PQZNZQJTBMBQ,RWTE7DKXWTMG4,R28PL0MBBIPZ4K,RB89710Z7M8OV",51,325,5.254901960784314,4,0.07462686567164178,0,0,0.06153846153846154,0.6078431372549019,0.39215686274509803,0,325,4.3,1,4.3,0.0,325.0,0.0,0.0,0.0,0.0,0
B0B2DD66GS,"R1360ADBA61XQM,R1YCLZFS3H9P60,R159078GR81Y7Y,R31DBGRCUR5AST,ROVLXRDLVHM2,R16HXTV0DXLCCP,R106IUE0WPQTUA,R2FZPC9CVOXDZW",357,2037,4.610644257703081,19,0.17300380228136883,0,1,0.031909671084928815,0.5378151260504201,0.46218487394957986,1,2037,4.5,1,4.5,0.0,2037.0,0.0,0.0,0.0,0.0,1
B09M869Z5V,"R26P3IBAM6K3G2,R3CVDCIJEXR401,RD43FPKWA79MH,R1YKAB3FD4RLRW,R2U91VYOKF6LVK,R3V5G6EGGCQHO4,R1BB8COTPRTP6K,R18TEDAS6UADRD",357,1824,4.0,23,0.05979827089337176,1,0,0.041666666666666664,0.5518207282913166,0.4481792717086835,0,1824,4.2,1,4.2,0.0,1824.0,0.0,0.0,0.0,0.0,0
B07W6VWZ8C,"RELVLPI29SFMO,R36OP1C03QSZ5Y,R2NSFR0LROJK0S,R3BBTJD6N50F7O,R3E5KUVXIJ4N3T,R36Q3E93BNHP9F,RG44LYJXRFLJJ,R4NG5TLAQ0WZR",153,812,4.228758169934641,11,0.11682242990654206,0,0,0.03571428571428571,0.5424836601307189,0.45751633986928103,0,812,4.1,1,4.1,0.0,812.0,0.0,0.0,0.0,0.0,0
B07Z1X6VFC,"R1ECNC3Z6G8AI6,R13F6K3KB7TV8S,R1C6OIUE3XPQJM,R3LW2PWBJNEED5,RCECT6PI2SW9H,R22KQJAFOAG5S5,R16CC39OV5RVVM,RVMBP0ZUQJNKH",147,795,4.312925170068027,9,0.03821656050955414,2,0,0.03647798742138365,0.5850340136054422,0.41496598639455784,0,795,4.4,1,4.4,0.0,795.0,0.0,0.0,0.0,0.0,0
B07YL54NVJ,"R2WYKIWLGH956S,RK46ZE8SQLQTZ,R2K7BE9W9WKQ8R,R1JU5B0EE4G4ZV,R1H5ZT10PEDXJ6,R308SN93TO86XV,R30JYCY5VQ94Q1,R1KMZ68IN7744Q",188,947,3.984042553191489,12,0.04838709677419355,0,0,0.03273495248152059,0.5851063829787234,0.4148936170212766,0,947,4.3,1,4.3,0.0,947.0,0.0,0.0,0.0,0.0,0
B0759QMF85,"R2BEEAB4R73028,RVYFHH68OOF4I,R1A2F19DLEHURS,R2AMJOZKUX3Y7Z,R1HTW1Z8CLVRAF,R2DMS9H5A7V306,R329AA8VGH4II1,R3S7L5IYOMYVDS",839,4592,4.377830750893922,65,0.04579517069109076,2,0,0.029616724738675958,0.464839094159714,0.5351609058402861,1,4592,4.3,1,4.3,0.0,4592.0,0.0,0.0,0.0,0.0,0
B00LM4X0KU,"R1T4TKPYU5EJCB,R1D38AX8G0RVNS,R1KHCRDEEREQG7,R396UL83OTSD8F,R3CY781PK5CB8A,RBCCWRI4IUHH5,R2K7JYQMGQ31YJ,R3P0GJ4V5HPF2M",107,564,4.233644859813084,5,0.052980132450331126,0,0,0.03546099290780142,0.6542056074766355,0.34579439252336447,1,564,4.3,1,4.3,0.0,564.0,0.0,0.0,0.0,0.0,0
B08PFSZ7FH,"R1150W07XAD9VL,R3GGVC0WYVIRNV,R36CFZQPBAIJV8,R3T6U58L22D6SD,R39TOZVXSZ59VA,R2DHJONKVFGM3R,R1M7J8UDV9HJV9,RI4FDI27R40FR",154,830,4.279220779220779,11,0.037993920972644375,0,0,0.04216867469879518,0.5454545454545454,0.45454545454545453,0,830,4.2,1,4.2,0.0,830.0,0.0,0.0,0.0,0.0,0
B012MQS060,"R3VOHGBLWI7YD3,RHFB5XTT2UM3K,R2L7XKQS97BFMT,R2KF02T0Q3ZKXV,R3HDI961AWUXP3,R2W2JH4PRGQ6DD,R200U4666Y0M6S,RIGD9PRAW6OA7",517,2830,4.338491295938105,34,0.05029451744449479,0,0,0.031448763250883395,0.5009671179883946,0.4990328820116054,0,2830,4.1,1,4.1,0.0,2830.0,0.0,0.0,0.0,0.0,0
B01MF8MB65,"R1MI8HNTIFTDYT,R1FAUB93NWC6U5,R1Y816Y6XQ56H1,R1PHO0AIE206X2,R1HFRZM6ZBIQP8,R22N6KOWY37W1C,R14L1X0OOX0LFP,RS4WBWB5R5HX3",1583,9234,4.454200884396715,101,0.051009877635264635,1,5,0.08349577647823261,0.34112444725205304,0.658875552747947,1,9234,4.1,1,4.1,0.0,9234.0,0.0,0.0,0.0,0.0,1
B00LHZWD0C,"R1ERT7AXR5RE2,R1OBNL676FOQDS,R3FYTFWQDO4FYY,R2VQ9R0Y5A3Y9M,R88P3ETAAIQ4M,R2T4IOSJDUMW7R,R3U82K5ODIGUF6,R2H41QRZLGX98E",282,1576,4.468085106382978,23,0.03205128205128205,1,0,0.03553299492385787,0.5673758865248227,0.4326241134751773,0,1576,4.5,1,4.5,0.0,1576.0,0.0,0.0,0.0,0.0,0
B08QDPB1SL,"R1S4YGGQJ3UWOL,R3VGJSGVVRKN24,R80WOLVHE45AG,R10XJXDKS199JT,R3I4CLISF0ZG1X,RJ7M5SZZI5210,R2Z63F1D26ZLCT,R2D4YWF3QBKU80",92,531,4.608695652173913,10,0.06132075471698113,0,0,0.05273069679849341,0.7608695652173914,0.2391304347826087,0,531,4.4,1,4.4,0.0,531.0,0.0,0.0,0.0,0.0,0
B07BRKK9JQ,"R1WLR0EBTL2IX6,R2B2JBTK9WXMZZ,R2WHZGSNHBX43O,R12HTO2PX060ZT,R3H313KLTQI8QQ,RQJXA2JEYSLSP,R1Z13D8JB8JB67,R1I9TU0BB63YQ",250,1278,4.056,7,0.027695351137487636,0,0,0.019561815336463225,0.552,0.448,0,1278,4.3,1,4.3,0.0,1278.0,0.0,0.0,0.0,0.0,0
B01EZ0X3L8,"R26QLWXRSR9RZS,R1JQYEGHAEV3LM,R6JXH6RLGD3NV,R30RWR4U1S29DD,R10QFC3QA5200V,R379I7FFI2OSHR,R3DQ86RMYHDHKS,R1YL8BCUH3Z6IN",174,933,4.304597701149425,13,0.037940379403794036,0,0,0.03429796355841372,0.6436781609195402,0.3563218390804598,0,933,4.3,1,4.3,0.0,933.0,0.0,0.0,0.0,0.0,0
B00LM4W1N2,"R18AG9M9HHC6RB,R3AQT2WK20V0JD,R10LMVOXP4TLSA,RBEWSTPDQYHFQ,R1G8K5ZMYOL0YS,R38235O5C7I4YE,R3861NUR0UF7SN,R2OM14SFAPVT51",125,655,4.168,5,0.03838771593090211,1,0,0.030534351145038167,0.56,0.44,3,655,4.3,1,4.3,0.0,655.0,0.0,0.0,0.0,0.0,0
B0949SBKMP,"R2HRFJXDH2U2QF,RBF3D3XXWV6MG,R35UVFYMTLRZXN,RAYDUICJELIOP,R37BU4XVJNNTLH,R8Q0FKDLJ9B8L,R38C74PL5UIY1Y,R211TH789OFH2F",259,1318,3.9266409266409266,20,0.05141129032258065,3,0,0.05538694992412747,0.5405405405405406,0.4594594594594595,1,1318,4.0,2,4.0,0.0,1306.0,0.9891392189580905,0.9891392189580905,1.0,0.0,0
B08YD264ZS,"R236C7OLIIWMX1,R3PN1HMPH33439,RDW68UNQSWDHI,R36NXFD7X76116,RRXQSGPAF67RM,R1KNLZI3NA0IPB,R2KM3VBJ74IH5I,R1JE1EDZWAW8GG",366,1909,4.016393442622951,37,0.034482758620689655,2,0,0.03823991618648507,0.48360655737704916,0.5163934426229508,0,1909,4.3,1,4.3,0.0,1909.0,0.0,0.0,0.0,0.0,0
B094JNXNPV,"R249YCZVKYR5XD,R1GHL3EYAQ4ZMT,R1M0NVGZXK8NGO,R3O3MTC9L2VAJ5,RS2B5ERC0SV1O,RY1GC09VYZQT8,R29MVX7H69YMY5,R2M6TTXAWRQT5G",204,1039,4.044117647058823,6,0.030303030303030304,0,0,0.021174205967276226,0.5882352941176471,0.4117647058823529,0,1039,4.0,2,4.0,0.0,1039.0,0.9999999999999999,0.9999999999999999,1.0,0.0,0
B00GZLB57U,"R1ORJ2TKW4MHLY,R1ENNLA4ML94UZ,R2BTEV9E0OA1I7,R2QYFQOWFQ5N9A,R1OFN67CO7XLBV,R3H8FPIBYNXMGC,R1723NE9TCCXVP,R2B8M2FRBIDGX9",60,361,4.733333333333333,7,0.0636042402826855,2,0,0.07756232686980609,0.6333333333333333,0.36666666666666664,0,361,4.4,1,4.4,0.0,361.0,0.0,0.0,0.0,0.0,0
B07V82W5CN,"R15X8TSLB82W2J,R1EI6L4P0NUWLK,R1XPA9CXQ07FQW,RGBXMT5Q7DSGO,R2SRH5XZ5MY04L,R22XW48SVD9N5F,RAYTSZHN0P9H5,R26ULECYB1ZKE1",184,1016,4.358695652173913,20,0.02871410736579276,0,0,0.045275590551181105,0.6413043478260869,0.358695652173913,0,1016,4.0,1,4.0,0.0,1016.0,0.0,0.0,0.0,0.0,0
B077Z65HSD,"R1G4I5FLAHM16P,R1DXRMVWV2OVE8,R2BJFG3I9TAZ2P,R35RERUQG5AERU,RQVMA35UH4D2P,R2WKO9Y6VGUOOP,R1NECHJ8DC9INS,RDDDU5N0JHZS7",184,1033,4.521739130434782,16,0.06674907292954264,1,0,0.031945788964181994,0.6902173913043478,0.30978260869565216,0,1033,4.3,3,4.3,0.0,1033.0,0.9999999999999996,0.9999999999999996,1.0,0.0,0
B08HD7JQHX,"REQ74ZVYY2I01,R15RS7QIKMBY5Z,RCYHKHTW0MAL8,R1AB17ZPSW1AE1,R145BZJOMF3WT1,R11AYTN6DNN25S,R17NRPNYVC5XVK,R2U218ZDN8D849",204,989,3.7892156862745097,11,0.07802340702210664,0,0,0.03134479271991911,0.47058823529411764,0.5294117647058824,1,989,3.3,1,3.3,0.0,989.0,0.0,0.0,0.0,0.0,0
B0B31FR4Y2,"R2IMML4LPCQ5C0,R24NQRDGFWSFO8,R2ONXP5WQXARB6,RIEIIOVX84JE9,R1IU46EQPTHDU,R3QWLI0TRYXK2S,R9Z8ZA620SXJR,R33PT3WKA3D15Q",296,1713,4.469594594594595,32,0.06747536012130402,0,0,0.0647985989492119,0.5371621621621622,0.46283783783783783,0,1713,3.7,1,3.7,0.0,1713.0,0.0,0.0,0.0,0.0,0
B09Y14JLP3,"R1SWNKZP36AU1J,R2T4RPK1O46TBX,RE0HLO48TPM4O,R1WBRQ50IN70OF,R2V8WPXZSTAKKE,RMQ0XU5QGL5LV,R2URDJTQLPFEYH,R2P9AVX3K59AMP",61,384,5.081967213114754,5,0.058823529411764705,0,0,0.0625,0.6885245901639344,0.3114754098360656,1,384,4.1,1,4.1,0.0,384.0,0.0,0.0,0.0,0.0,0
B09ZHCJDP1,"R76XPXMKXLWKH,R23S77AWPH5FP5,RK7Q6W5FOPESC,R2X5K6OCG1KJ3I,R27S1KARCAPY6C,R25RJ35CXQYW5C,R1ASXFOSQ5BCR7,R3UZGGP0USHERY",290,1642,4.568965517241379,24,0.03471698113207547,0,0,0.025578562728380026,0.4896551724137931,0.5103448275862069,0,1642,5.0,1,5.0,0.0,1642.0,0.0,0.0,0.0,0.0,0
B08C4Z69LN,"R3KX3LZE5DF03I,R2PFGVPB5LCT72,RMB267WFB3JDM,R2CRRWR0OSA7BG,R1EUG815WO4EYL,R1UKGB5AFT0U5N,RYLJRVXKJQYQE,R3JP9UQ5V9B751",597,3131,4.1624790619765495,34,0.049836601307189546,2,0,0.024912168636218462,0.4204355108877722,0.5795644891122278,0,3131,4.5,1,4.5,0.0,3131.0,0.0,0.0,0.0,0.0,0
B016XVRKZM,"R2IKZK0CHQ08WM,RGU29XK250TD5,R29P8YX2GHMMNH,R2XHYS27FFFDC0,R2H3LRA8OB7ZUF,R1E9O49QVK1MOR,RUO5Z5INF7INR,R2LRYN93E4OFJK",1960,10822,4.365816326530612,108,0.04870441458733205,0,0,0.031509887266678985,0.3464285714285714,0.6535714285714286,0,10822,3.9,1,3.9,0.0,10822.0,0.0,0.0,0.0,0.0,0
B00LHZW3XY,"R278Z7QRKL9FVR,R3GXAQ1UB2M9YQ,R3PVGKMU58BIN3,R3FCVJEGVHP86V,R3T10F5XX7DYJ8,R336MX0EBVUGIL,R2EYFONXLL6M0H,R1MZ8SNMN1RGHO",125,677,4.344,8,0.04452690166975881,0,0,0.04283604135893648,0.544,0.456,0,677,4.4,1,4.4,0.0,677.0,0.0,0.0,0.0,0.0,0
B098JYT4SY,"RJ12PR5BVXX0Q,R3H0LVMEVLPV0H,R2FBLIQAWQ0OB1,R1OYJYTUTJGQNJ,RJFSSIL53ZUE,R2BSLK9P1R33T2,R2LBT1J4TAF4AL,RCJDG69APX3S0",99,530,4.2727272727272725,10,0.06490384615384616,0,0,0.0660377358490566,0.6565656565656566,0.3434343434343434,0,530,4.1,1,4.1,0.0,530.0,0.0,0.0,0.0,0.0,0
B08CFCK6CW,"R3T1GTTWKWWNZZ,R2YQKYW342PMX8,R3OSOTBK6ZE6IW,R35RC96UA66N6R,R2JWTE1QNDWW2W,R3A3YAK7RGKIF4,R22Z4U7R15TVLK,R1ENC0P3ZUKQO",176,914,4.0397727272727275,19,0.06286549707602339,0,1,0.061269146608315096,0.6136363636363636,0.38636363636363635,1,914,3.6,1,3.6,0.0,914.0,0.0,0.0,0.0,0.0,0
B09P564ZTJ,"R1CJX9OC7AG847,R3ATBUNL84UH5W,RP4NUVUGYLM25,R2U6XBEYSG8MMM,R17I7S12FBOI63,R3KY6XKRALU1LR,R33ESF798DW0KS,R39ZX8VQLNEF80",276,1553,4.532608695652174,21,0.03207698476343224,2,0,0.031551835157759174,0.5688405797101449,0.4311594202898551,1,1553,3.8,1,3.8,0.0,1553.0,0.0,0.0,0.0,0.0,0
B07MSLTW8Z,"R2YQPN91YO0X0O,R1LSBBVTFFMUBD,RM5YUP58CTVMN,R8D1M05NWS80B,R3BSHLY6DC169B,RPQSMIZYYZ5XY,RSN8CDJ5X1XI1,RBZWRPAGEE7YW",150,797,4.226666666666667,7,0.033123028391167195,1,0,0.03262233375156838,0.64,0.36,0,797,3.6,1,3.6,0.0,797.0,0.0,0.0,0.0,0.0,0
B09N6TTHT6,"R1YVU5NMCJDX8M,R3MG5C14NRKOHR,R1T3DO26SFI3TL,R2MM0U3FL0ZO3T,R36Y3XNBK12QV8,R23WOLPX6D4VDT,R8BJJZVA7O7SE,R1P2BGW89EV4L3",96,506,4.145833333333333,9,0.06801007556675064,0,0,0.0533596837944664,0.7083333333333334,0.2916666666666667,0,506,4.2,1,4.2,0.0,506.0,0.0,0.0,0.0,0.0,0
B09W5XR9RT,"R1Y30KU04V3QF4,RK3DSUGKIZT8Z,R3BIG7J6V2JZTU,R1QI1HTJPGLS5O,R3SETXTOZ47CM4,R10SL1Q7F6CHBK,R1CBYX6RCGU739,R3PGNXSPA35NB3",147,765,4.068027210884353,15,0.04697986577181208,4,0,0.0457516339869281,0.5510204081632653,0.4489795918367347,0,765,4.4,3,4.4,0.0,765.0,1.0000000000000002,1.0000000000000002,1.0,0.0,0
B098R25TGC,"RXB5KHLQUXONP,R2OFHGGYIJGFUR,R3UGUI3KYDDOC2,R2ATZMV7IH43ZE,R2IO934AS2Z5U4,RPEKYFBH5K20D,R1SWRY6BH8CTRE,R2GSWL2NSJI166",1072,5719,4.155783582089552,76,0.034093474825016935,0,0,0.03916768665850673,0.4039179104477612,0.5960820895522388,0,5719,3.8,1,3.8,0.0,5719.0,0.0,0.0,0.0,0.0,0
B0B2PQL5N3,"RDZVWJ2BSZH21,R2S2PTON4F7OCO,RUYKZDXCHIL0A,R1JEG3UOIZGFZW,R3D5HS0620V0R4,R3D0S9D7QZ3MLY,R2W1IP0RH2CLD2,R1DAI3K8QBX111",240,1228,3.9791666666666665,19,0.03680336487907466,0,0,0.0496742671009772,0.5625,0.4375,0,1228,4.2,1,4.2,0.0,1228.0,0.0,0.0,0.0,0.0,0
B07DKZCZ89,"R2MDGELCMDX7QG,R2LQAWSINTMSEV,RJRZYF6J55OCD,R1GQRPLQMYKNC6,R29DSMGZH30105,R1EDPIX8TYMOOX,R1DU2WW6ZJRU4M,R3O68SXAARCNVV",183,1055,4.5683060109289615,18,0.047961630695443645,7,0,0.043601895734597156,0.6229508196721312,0.3770491803278688,0,1055,4.3,1,4.3,0.0,1055.0,0.0,0.0,0.0,0.0,0
B08GYG6T12,"R25MV5W3PW3AZM,R4L3BQHQJOIO7,R1Q4N7W1AGXVR1,R2XTH0U6G7AQPW,R2H0NX7RGGBP17,R3S263IWR7GQ9,R1BWUDH6P42FOV,RFNJ1019NIZ43",127,749,4.7637795275590555,7,0.07899159663865546,0,0,0.03471295060080107,0.6929133858267716,0.30708661417322836,2,749,4.4,1,4.4,0.0,749.0,0.0,0.0,0.0,0.0,0
B09BN2NPBD,"R2CT4DH25YL8VY,R3M6VQI4E94D8T,R3PW0HIELRL2VT,R25XSP1RJOM11V,R3EHM43Q6M2Q3X,RHNG6YOP5P6GA,R2HLEU219CZ1TH,R2NYUU14YCLUYX",225,1234,4.3822222222222225,27,0.06769230769230769,0,0,0.041329011345218804,0.5688888888888889,0.4311111111111111,0,1234,4.1,1,4.1,0.0,1234.0,0.0,0.0,0.0,0.0,0
B00J4YG0PC,"RSB9VP4KY975L,RIV5YY3MLWNHU,RHJIGY0KORSEO,R1FNYNKTOZYQOM,RQFE7KDITY77S,R2107RZYEL68HX,R3KNMX723Q8CWZ,R254VXG5JSSX0W",143,735,4.055944055944056,6,0.0782608695652174,0,0,0.02857142857142857,0.46853146853146854,0.5314685314685315,0,735,4.4,1,4.4,0.0,735.0,0.0,0.0,0.0,0.0,0
B073BRXPZX,"R8W5BHTVFMCB2,R34BR22MYWCGQM,R1D3IFV0IYNC39,R1K5TK6UQ9WLRX,R1V2N0TIMCANVI,R2UOCIGLOQ0CAD,R1JGKZGY686LSU,R3CM6K3CTECGER",245,1318,4.297959183673469,14,0.04368471035137702,1,0,0.03110773899848255,0.5387755102040817,0.46122448979591835,1,1318,4.4,1,4.4,0.0,1318.0,0.0,0.0,0.0,0.0,0
B08LHTJTBB,"R2VX3WP87K1FJ7,R1S6VK3U765LYF,R11EG1L6YLD853,R3AMWWIWWWURKZ,R3RGAH7ANQFR10,RNLXNQ72I1GIR,R1AM78XFWDU92S,R2OFXYE4YAEW7L",451,2346,4.093126385809312,33,0.026717557251908396,0,0,0.028985507246376812,0.4700665188470067,0.5299334811529933,1,2346,4.4,1,4.4,0.0,2346.0,0.0,0.0,0.0,0.0,0
B07VTFN6HM,"RCUOZRUAOVZKU,R3ISBRG3RQ4LR7,R1FDKQ7C8HRHK8,R1HT915CFN9EXH,RMD5MQGT1Z7TX,RDYCQRETZ04TO,R2204P0EK8HOJE,R3U23VHZY4V64Z",591,3223,4.22165820642978,64,0.046539862403885066,1,0,0.05367669872789327,0.45854483925549916,0.5414551607445008,1,3223,4.4,1,4.4,0.0,3223.0,0.0,0.0,0.0,0.0,0
B008QS9J6Y,"R1J7T5AF9JYH0A,R2KHKT0GP9IKS2,R1SYS92X1W5JGW,R11JTLY59LQL00,R1L5U7V71A020J,R26HZDGQ08R98N,RRXUVCKCU8ZYM,R2HA8IL3LD2XPI",421,2274,4.296912114014252,38,0.035107587768969425,10,0,0.03737906772207564,0.5724465558194775,0.42755344418052255,2,2274,4.3,1,4.3,0.0,2274.0,0.0,0.0,0.0,0.0,1
B09M8888DM,"R1AUCEV80AWV4E,R3GAYL3CQ6GTJA,R3NN6TXOM5MD2S,RY4WXRNZKRVWP,RLQGXS14ZJDHJ,RIZJA1XHKPH5M,R3C83NGWIRB2VT,R2WOO592FU73V7",527,3019,4.576850094876661,47,0.0449438202247191,4,0,0.037098376946008614,0.4990512333965844,0.5009487666034156,0,3019,4.3,1,4.3,0.0,3019.0,0.0,0.0,0.0,0.0,0
B07Z1YVP72,"R1D6BKF30HRM19,R3OYZMQFEF9WV7,R26PEUHOY5RZ02,R1KMSZQENOGR9,R31LY209STYNRQ,RTLATKAZTO4KF,R2XOSRQC5GHA7O,R1G2WWLFIFDIPM",101,568,4.554455445544554,8,0.0391304347826087,0,0,0.04401408450704225,0.6435643564356436,0.3564356435643564,1,568,4.3,1,4.3,0.0,568.0,0.0,0.0,0.0,0.0,0
B082FTPRSK,"R2OP8NFYDOS39J,R2RQTRMPYMIHAE,R2V61JLM0WASPT,R1X1019MPG8CR4,RWZEH4UX501RZ,R1I8MWON0D5I5L,R2Q9MII6JST2K,R2Q1TJV6BGHGPB",330,1799,4.3545454545454545,18,0.03302881236823612,0,0,0.029460811561978877,0.5545454545454546,0.44545454545454544,0,1799,4.2,1,4.2,0.0,1799.0,0.0,0.0,0.0,0.0,0
B09RF2QXGX,"R73A6T8MRDZIC,R2JEX8R7VL6Y0W,R11E62NE328JVS,R3A3FOYWKUNHMM,RIQXPCOM8RRPS,R3VCIW3UM7QMO0,R1KGLT77FP3X13,R375ZRISQJ6XN5",166,937,4.469879518072289,12,0.04495912806539509,4,0,0.04589114194236926,0.6566265060240963,0.3433734939759036,1,937,4.3,1,4.3,0.0,937.0,0.0,0.0,0.0,0.0,1
B01KK0HU3Y,"R1PPN2ZEJNHJMZ,RQHAXYP2AT1QP,R24T21LAESQMWZ,R2DHPJ5GKKTVRH,R1H8KH8U0Z46S2,R46IEAURB1339,R15MRX4VNCKX84,R2RJ09MTLVJZ3C",156,815,4.115384615384615,14,0.03271028037383177,2,0,0.044171779141104296,0.5833333333333334,0.4166666666666667,0,815,4.2,1,4.2,0.0,815.0,0.0,0.0,0.0,0.0,0
B07JF9B592,"RKBKQKSEET7CC,RQM34GWJC0DPJ,R1PJNXT9PME2I1,R2VL3P4XIHJFY,R2HZEV0BNY3064,R3HBAZIE8PAIXC,R3LFVYT98WRBZ1,RJPAKDZRUJIDF",706,3751,4.161473087818697,67,0.054775761725436495,2,0,0.037589976006398296,0.43059490084985835,0.5694050991501416,0,3751,3.8,1,3.8,0.0,3751.0,0.0,0.0,0.0,0.0,0
B086394NY5,"R21VW93DSBYENF,R3MKRK9JVBJ22C,ROBLP3CK320DX,R14L8HWTVI4YOT,RT2C0KDRUBKGV,R3JUJ27CXBI0QN,RO4BI7QVTST6E,R1NSRWB0V1BQKD",164,931,4.524390243902439,19,0.05639614855570839,1,0,0.05692803437164339,0.6402439024390244,0.3597560975609756,0,931,4.3,1,4.3,0.0,931.0,0.0,0.0,0.0,0.0,0
B00NH11PEY,"R1C8MVU3EIX56Y,R10RUXC7JD5S4I,R1AFBZ5PYTHO1Z,R3GQL7YKAFJMEN,R3B6H5JPG134KN,RUG04XHXRXK95,R2Q1OYOIJI5673,RJX2WGB0X99SY",247,1360,4.368421052631579,21,0.06747891283973759,0,2,0.04264705882352941,0.562753036437247,0.43724696356275305,0,1360,4.5,2,4.5,0.0,1360.0,0.9999999999999998,0.9999999999999998,1.0,0.0,0
B017PDR9N0,"R3ZXPPAOL3P9C,R50YC789QBGLM,R17IHHWVFSBEZZ,R3VH5ITHUL3GUT,R36V21B0F30IAW,R22ISA1UVT45QP,R3RD0LCTRTMC3M,R1TWNRM3JLQ2JF",74,400,4.324324324324325,4,0.053125,0,0,0.05,0.7432432432432432,0.25675675675675674,0,400,4.1,1,4.1,0.0,400.0,0.0,0.0,0.0,0.0,0
B07NC12T2R,"R2HAE08L30C2AN,R3F8JOBWK5R0I9,R1MNK92W012DJ0,RRLP9GLVLYZF1,R3ODRY6PH6VBRV,R24O2F7357YB8L,RJ13RMYUVYNIW,RZN6P7BA3HCH5",959,5244,4.302398331595412,73,0.049950544015825916,2,0,0.036422578184591915,0.3733055265901981,0.6266944734098019,0,5244,4.2,1,4.2,0.0,5244.0,0.0,0.0,0.0,0.0,0
B07WKBD37W,"R186EFJU37UPS6,R2KC2H7A99Y8J6,R25FE16IQR653P,R1Q6E8EBLHDKEC,RNH0MZ907JI2S,R18J8NK2242FA2,RC7ZMZ000I0FQ,R3LF4N05QHM907",115,672,4.765217391304348,5,0.03102189781021898,0,0,0.03571428571428571,0.6695652173913044,0.33043478260869563,0,672,4.0,1,4.0,0.0,672.0,0.0,0.0,0.0,0.0,0
B08JMC1988,"R16I46MPR0NO8S,RC8A7CPLOKIQ1,RXMRIDNTYYGO0,RBD55BYULL457,R2CDPRTPCIO5H4,R2GWMPGA1WXZ80,R1C7OH3WXNJHJ,R3N6TUU2QT818A",164,836,4.048780487804878,12,0.03538461538461538,0,0,0.039473684210526314,0.5914634146341463,0.40853658536585363,1,836,4.1,1,4.1,0.0,836.0,0.0,0.0,0.0,0.0,0
B09GFN8WZL,"R20Q4B16AEFTPT,R1BG411LZ5XP61,R1FHFXAGKZ127T,R1LFPZC0A29D8D,R1PIOZ70CD7P9D,R1ID5DTYN1L39B,RCKVFOB5KX6F3,R3PCRI9KDXF4QD",116,625,4.232758620689655,8,0.04536082474226804,5,0,0.072,0.6637931034482759,0.33620689655172414,0,625,4.1,1,4.1,0.0,625.0,0.0,0.0,0.0,0.0,0
B095X38CJS,"R2ETD6AVA4AFF1,R3CUOW1DUP8N92,R3NYD5UBRVJDWP,ROK6ZCMA5J3HR,R3GWUP5VQM4PIW,R2DBDFFUMF72A7,R3CTPZMQDFCSGL,RDDDVU6EMW3OP",140,789,4.464285714285714,8,0.03398058252427184,0,0,0.03802281368821293,0.55,0.45,1,789,4.3,1,4.3,0.0,789.0,0.0,0.0,0.0,0.0,0
B07ZKD8T1Q,"R322EU1EPO0EFK,RKIITDXE4AGW3,R2MPRUBHGVAK2R,R13E9GP8EQCMZ3,R2ID65YG8CVX9K,RX6LRL2BB59G,R1K208FSP9EL6F,R1QH3BPFU8VE89",308,1750,4.603896103896104,27,0.07423269093504639,0,0,0.02857142857142857,0.5616883116883117,0.4383116883116883,1,1750,4.5,1,4.5,0.0,1750.0,0.0,0.0,0.0,0.0,0
B07G3YNLJB,"R34WAR6NQSVZBI,RGG00MCOD3B6A,R2RO4Z1CBF2G1I,R1BPV52HUSVZF8,R3IZK8U5HI1XOS,RE0OUI8Y9LSQY,R3IDL21XUYVUUK,R2YEAFFD5E02TL",472,2458,4.116525423728813,28,0.04507337526205451,1,0,0.028478437754271765,0.5127118644067796,0.4872881355932203,1,2458,4.5,1,4.5,0.0,2458.0,0.0,0.0,0.0,0.0,0
B00P93X2H6,"R3QLOAFS794JE2,R3N8H6JX73IGQM,RR2G573NOMISE,R1710I0LBXO0RZ,RSAY82S1YEY1A,R3T3F038IAP2Z5,R2E19RVGQBXFIY,R20HG64QT9A05Z",109,526,3.706422018348624,12,0.07213930348258707,0,0,0.06273764258555133,0.5321100917431193,0.46788990825688076,0,526,4.1,1,4.1,0.0,526.0,0.0,0.0,0.0,0.0,0
B0798PJPCL,"R3MDF3ZNTMFS3M,R14ZE6MPCOTRV6,R3E4CVN1BSCB0O,R2Z8KROCR44X60,R386VV5RV4L5UI,R2VCH24UHL9UA3,RP810P9RDWC3G,R2EIJACLUEEYUJ",453,2220,3.7991169977924946,22,0.018890200708382526,1,0,0.02972972972972973,0.4746136865342163,0.5253863134657837,0,2220,4.3,1,4.3,0.0,2220.0,0.0,0.0,0.0,0.0,0
B09GFWJDY1,"R1ZVVISXKO1JOK,R1ZPSHX28L5WL0,R1CDARD5LUVUAJ,R1HCEZCBOONRT6,R3LW1RYTWDVNZK,R14K7AW0ZFZRGD,RZ3JLZP8FSO3I,R12VALC47YCIOT",190,1063,4.4526315789473685,11,0.20286396181384247,0,0,0.03951081843838194,0.5789473684210527,0.42105263157894735,1,1063,3.6,1,3.6,0.0,1063.0,0.0,0.0,0.0,0.0,1
B09MZ6WZ6V,"R116YMD72TSY5Z,R258CFU2YKTK58,R24DFHVPXSIU8W,R24XEY7CTDRFXZ,RRVW4AYAAM5V4,R1HRIY8O1PGOO5,R2CGJ2P2BBLM08,RK1J2BJVDS8SY",178,982,4.443820224719101,10,0.0266497461928934,0,0,0.029531568228105907,0.5224719101123596,0.47752808988764045,0,982,4.4,1,4.4,0.0,982.0,0.0,0.0,0.0,0.0,0
B094QZLJQ6,"R2X0Z7BS12ZYFD,R1CZP476IRR94Y,RF43347JSIPWZ,R24SRHM43OZ36M,R3UV9O11G5O7EC,R1B2U1Q7GBEMF3,R1A1W7XEE0YP4V,R15MT5JTR5BOXS",130,750,4.584615384615384,15,0.040955631399317405,0,0,0.06533333333333333,0.6538461538461539,0.34615384615384615,0,750,4.5,1,4.5,0.0,750.0,0.0,0.0,0.0,0.0,0
B07L3NDN24,"RQ03WWKIJ86VR,R3S0S1OUOOTNC2,R2EEZPKARXPCYZ,R1INKZP3Y4L085,R2CLAZMKKPEP0Y,R3TCUV39Q5GMP7,RZO17F76OW8H9,R201RFHN6XKRPR",116,666,4.603448275862069,13,0.07344632768361582,2,0,0.04504504504504504,0.7241379310344828,0.27586206896551724,0,666,3.9,1,3.9,0.0,666.0,0.0,0.0,0.0,0.0,0
B08WD18LJZ,"R3SIBLYM5T5AFY,R1YQKXTIBLGEMJ,R2XT2VFFBQ2UR1,R2ONCZT1YUWAWU,R3OTWNGHV08YRV,R3B9Q9MFSBVIRZ,R1LDGC41ZEL8NC,R3KE4RPQT1E3NR",183,1020,4.426229508196721,11,0.02247191011235955,0,0,0.047058823529411764,0.5683060109289617,0.43169398907103823,1,1020,4.0,1,4.0,0.0,1020.0,0.0,0.0,0.0,0.0,0
B09CMM3VGK,"R223OIZPTZ994S,RATMJ847EPDQX,RHWJXUIB7QJY4,RKKX7CGMNCZLA,RL8AFQ3JO8B1N,R152XS08W2OG38,R2RS0DMJ29X2W6,RLLQ8T7VXWR65",260,1346,4.038461538461538,15,0.023166023166023165,2,0,0.03194650817236255,0.6076923076923076,0.3923076923076923,0,1346,4.0,2,4.0,0.0,1346.0,1.0000000000000002,1.0000000000000002,1.0,0.0,0
B06XDKWLJH,"R3JLT7LH2SOF0V,R2KT1SVXND1VWG,R24OK0MVA1SNAD,R28CT5JQ1R02CZ,RYKHQ54JHJYQB,RF0NNFS6PEPAV,R2I21A2MTQV7JX,RZ5JP629DU70F",219,1135,4.050228310502283,23,0.04250295159386069,0,0,0.04317180616740088,0.6164383561643836,0.3835616438356164,0,1135,4.4,1,4.4,0.0,1135.0,0.0,0.0,0.0,0.0,0
B01J1CFO5I,"R3358EO9V9WHQ0,R18X1NBWPX45CL,R34LKJ4RXUSRS3,RXXQRRV1RLLF8,R2EEDDUJ9LA2DH,R3BA5G740XADYD,R2LB699Y251V7J,R2O7189IATRJH2",155,845,4.296774193548387,15,0.05855161787365177,0,0,0.06153846153846154,0.6451612903225806,0.3548387096774194,1,845,4.6,1,4.6,0.0,845.0,0.0,0.0,0.0,0.0,0
B07J2NGB69,"R3WA8CHZXMRJR,R22MH6ZS821G9A,R1FIRMYTZRF479,R112HB5700T6SG,RJFBAWAVEG383,RUM1Z3OU0DSOB,R23D5V15U3KQAT,R270Z7KVYYU4Y7",133,691,4.12781954887218,14,0.0546448087431694,0,0,0.04486251808972504,0.7518796992481203,0.24812030075187969,0,691,4.4,1,4.4,0.0,691.0,0.0,0.0,0.0,0.0,0
B00MUTWLW4,"R1AJ6U452B6VPM,RAPJSV76BEX8A,RZV4F09ALESRQ,R14QZDM2M04IAH,R23U8C99ZSTVP,R17KECO74AO7FC,R3HC5G436ZWUNB,ROOYF4SUB0DMH",598,3261,4.329431438127091,48,0.0397196261682243,3,1,0.034651947255443113,0.47157190635451507,0.5284280936454849,1,3261,4.4,1,4.4,0.0,3261.0,0.0,0.0,0.0,0.0,0
B08QSC1XY8,"R2S0AYWUV349HP,R35OW9CYQNAYHY,R3B3DDF1D5NULK,R3LZQDRMNS5CZO,RUGI31F4HDHOV,R24GFJRFT12S6S,R231AEG1IO02JM,RD31MI3UMAXP8",135,708,4.0814814814814815,17,0.06398537477148081,1,0,0.05649717514124294,0.6074074074074074,0.3925925925925926,0,708,4.3,2,4.3,0.0,708.0,0.999999999999997,0.999999999999997,1.0,0.0,0
B017NC2IPM,"R3IAV5LSI3J7ME,RQRYBRNF648MR,R2TVUO2ZZ7TXFC,R1KGPK8S5IYLBR,R40G9679B3M95,R1BV2CXD5S6CGL,RNE99IXSFU1NV,R3OVGAKIXHYTLX",307,1687,4.407166123778501,21,0.04969418960244648,0,0,0.029045643153526972,0.50814332247557,0.49185667752442996,1,1687,4.3,1,4.3,0.0,1687.0,0.0,0.0,0.0,0.0,0
B00N1U7JXM,"R3JRQ21J8LHK67,R2100TLJUT7YQM,R12XEPS4NQ1XIR,R2QO6YC2WQ78Y4,R3HTM8I9Y12U7R,R2X56GH9II23XQ,R975UDYN89ORH,R1G9Y353J4EWAK",74,410,4.391891891891892,5,0.06811145510835913,0,0,0.06097560975609756,0.7027027027027027,0.2972972972972973,0,410,4.4,1,4.4,0.0,410.0,0.0,0.0,0.0,0.0,0
B08HQL67D6,"R3O03EUB6UY68T,R1FMMOPHEXIHKO,R23PAXUWIYVJ2W,RSUWXFVM9EBIO,RGNGF6Z9XB5LH,R1KF7DT0S28EXC,RC4T7CRXKZKTB,R1WY5QNGHALX9Z",116,628,4.224137931034483,8,0.03877551020408163,1,0,0.050955414012738856,0.5,0.5,0,628,4.0,1,4.0,0.0,628.0,0.0,0.0,0.0,0.0,0
B09RKFBCV7,"R2ATT3WQL0UB7P,R1VHI2ZGJSCFVO,R1UHC2M2KPN7W4,RL2IQ53WUNMXA,R2ZU0WUMZ3CLX6,R3C01TBTCD6UB0,R17G6J6XU7GMYG,R2TLAX7VNYS983",282,1477,4.148936170212766,19,0.040412725709372314,2,0,0.02979011509817197,0.4929078014184397,0.5070921985815603,0,1477,4.2,1,4.2,0.0,1477.0,0.0,0.0,0.0,0.0,0
B08KHM9VBJ,"R1YI2RI1JC36SO,R3K5ZW63M5MIRN,RK2GIVBNOGOZ3,R25A4JO66YW0TS,RVQD2WX9EIW0W,R35YIQ96ZXOU58,R393HAUNLQT4YD,R1ULBGLCI3H1YU",194,1051,4.309278350515464,15,0.049338146811071,0,0,0.038058991436726926,0.5618556701030928,0.4381443298969072,0,1051,3.8,1,3.8,0.0,1051.0,0.0,0.0,0.0,0.0,0
B01IOZUHRS,"R2CQA45JW6KW09,R175UKN3MEJOV5,R25CE9M9A1ZKSG,R39ODDV5YDGF8T,R2W5LI9FGSKNYU,RVVK1C0RQFZYV,RT8EWW3VVXA67,RL4FCGDFPX5JP",97,501,4.123711340206185,5,0.05670103092783505,0,0,0.043912175648702596,0.6494845360824743,0.35051546391752575,0,501,4.1,1,4.1,0.0,501.0,0.0,0.0,0.0,0.0,0
B00CEQEGPI,"RUGMBPEU1O5TW,R8ZNW2WNUSCA3,R19M1F36BH6M45,R3CP5684696DX2,R4F8T565MXCHD,RRBQIRD7QU74J,R2WL65WCEQTHQX,R7D8YGIM2DO6R",1087,5806,4.227230910763569,70,0.02954048140043764,1,0,0.030485704443678954,0.40754369825206993,0.5924563017479301,2,5806,4.2,1,4.2,0.0,5806.0,0.0,0.0,0.0,0.0,1
B08B6XWQ1C,"R2DRK3ADKHLE1X,R27UPOY045409N,R2L4TR6OY6H27M,ROT0JJ2ZLKMPF,R1N6J3UIYH39UI,R18Z1ZRI0LMRT,RV22EDSI7F9WX,RAUA868KW5M5W",166,873,4.150602409638554,12,0.03193033381712627,0,0,0.041237113402061855,0.572289156626506,0.42771084337349397,0,873,4.2,1,4.2,0.0,873.0,0.0,0.0,0.0,0.0,0
B01DGVKBC6,"R3J8OMTJB5P038,R1ZFZHJQD4WTQL,R3U6Q310IX6DDS,RON8WF9GCAV06,R3A03VLDTWQIFH,RL4BDAUF747PA,R1RUG6JNEQNLSV,R3TQ0TEJ67VL2V",98,525,4.3061224489795915,4,0.04739336492890995,0,0,0.0380952380952381,0.6326530612244898,0.3673469387755102,0,525,4.4,1,4.4,0.0,525.0,0.0,0.0,0.0,0.0,0
B008FWZGSG,"R2Z9ENI1BK4EAB,R2JTBG4GO7WPMG,R3GKCN4UH999M8,R3EGXE69JQH9AG,RCX9JVSY2ISRL,R1UVGU3RQMOG49,R2VQFSALVKRALF,R1M45F72399D3L",134,717,4.253731343283582,12,0.05516014234875445,0,0,0.05299860529986053,0.6567164179104478,0.34328358208955223,0,717,4.3,2,4.3,0.0,729.0,0.9850806968186202,0.9850806968186202,1.0,0.0,0
B08JD36C6H,"R30EQTCL98LVFB,R28SCUN7KMQ9JC,R15H3DOQB6XN75,R2JG1LT0NXKUR1,R3C08PZFZRT41X,RP577JII0SXT0,R2IB02FZ1RPV0T,RA7EY4YTEQ2E",197,1008,4.01015228426396,30,0.14496644295302014,0,0,0.06845238095238096,0.6142131979695431,0.38578680203045684,0,1008,4.1,1,4.1,0.0,1008.0,0.0,0.0,0.0,0.0,0
B00E3DVQFS,"R2JBBXANAGGS7E,R1YGEHICFHX12U,R3HUGR7IWPGRAN,R1KVE2R9JJGTG,R1F56P7OJH1IMZ,R3AWFIALUK2HLQ,R2LMBFFKJ27EKX,R175DY4RNX6VZB",199,1122,4.5125628140703515,16,0.04617117117117117,0,0,0.0427807486631016,0.6381909547738693,0.36180904522613067,0,1122,4.4,1,4.4,0.0,1122.0,0.0,0.0,0.0,0.0,0
B0B4HJNPV4,"R1Q323BB35OP30,RJ0CSQUUWFF9W,R23OB4XMH3S9QD,R1K5FQR6CYMQAV,R3QMD6JDUGQUCI,R1R5LTMWOXI38M,R241G3F07D3OBH,R1O7BQ61DXRVWW",142,753,4.26056338028169,7,0.043993231810490696,0,0,0.04780876494023904,0.5985915492957746,0.4014084507042254,0,753,3.9,2,3.9,0.0,753.0,0.9999999999999972,0.9999999999999972,1.0,0.0,0
B00BN5SNF0,"R2VFXFP75ZPQF6,R31BYR22O09BLQ,RKMFDAV9I8Z3,R3VO2OQU0NX1GE,R3H4WLHQYRTZ3H,REW2CYD532JB3,R1QTUL5N1ZE9S3,R15FMRVH2UDP2X",157,744,3.5859872611464967,6,0.02010968921389397,0,0,0.03763440860215054,0.6624203821656051,0.3375796178343949,0,744,3.9,1,3.9,0.0,744.0,0.0,0.0,0.0,0.0,0
B09SGGRKV8,"R3H500MXJWRGI,R23WZ2PU1E2ZTM,R26VZERXGYOH61,R6BH0WP7AU7K5,R3Q5DCTI9MGLIN,RKLM5089QQVNH,R12GPK5AS5ZUZN,R1DMSSN400Y30K",271,1458,4.232472324723247,27,0.05794556628621598,1,0,0.0438957475994513,0.5719557195571956,0.4280442804428044,2,1458,3.6,1,3.6,0.0,1458.0,0.0,0.0,0.0,0.0,0
B07XLCFSSN,"R213ILI3XNVHQ0,R1LZN1V8UCR9IU,R1EBFTZINSJ0LG,R3BKR3VZ1U81LW,R5OJ20F8H5T8U,R1FKQR9LSBVLH2,R3R8UN7IQY7EIT,R2WBDNEW6HCVSH",217,1227,4.557603686635945,13,0.03242147922998987,1,0,0.02526487367563162,0.5714285714285714,0.42857142857142855,0,1227,4.4,3,4.4,0.0,1227.0,1.0,1.0,1.0,0.0,0
B09RZS1NQT,"RW294SCHB5QTK,R24AGC1O5RVWYI,R3NT7AA2V3I2FB,R2WGLZMFMUHY4G,R34ZQBSQFAGSQB,R26YQ2I8VG8AXE,R1M1FEBTZ4UHXZ,R1QV3OMDYZ42VP",201,1078,4.2288557213930345,20,0.046539379474940336,1,0,0.041743970315398886,0.5472636815920398,0.4527363184079602,0,1078,4.0,2,4.0,0.0,1078.0,1.0000000000000002,1.0000000000000002,1.0,0.0,0
B084BR3QX8,"RTD1L3LGGMBG3,R1C6Z9AXP9ICQM,R3IAQHMHSD92O6,R1SH5KG6YVLJ0H,R2ST8W6PO0TBDR,R1SD1W9T3GM23X,R3J5HRLH5MG85E,R302A87U6XE21L",112,641,4.6875,4,0.04770992366412214,0,0,0.028081123244929798,0.6696428571428571,0.33035714285714285,0,641,3.5,1,3.5,0.0,641.0,0.0,0.0,0.0,0.0,0
B09VC2D2WG,"R2IVS0EXZ8BPG6,R2QAT75MT7S765,R383L7XTQG2UD9,R1NGVP9RH0O5FM,RGCUCD1BJZ3QB,R11NVDOMRAN1N9,R4JGI2NFX4AOT,RL8266FZ4TCDG",248,1355,4.318548387096774,24,0.03493862134088763,0,0,0.042804428044280446,0.5967741935483871,0.4032258064516129,0,1355,4.1,1,4.1,0.0,1355.0,0.0,0.0,0.0,0.0,0
B09163Q5CD,"R2OQSICTGUIV9L,R972JSI8VWR33,R135GA3VHX1SD1,RCK3L91V5KB3H,R344OPOOMTSVT8,R2QZCWEELOUVY0,R1CSJT44WVD786,R3UFTGEYELMOS2",514,2701,4.13035019455253,34,0.05382027871215762,0,0,0.031469825990373936,0.46303501945525294,0.5369649805447471,0,2701,4.1,1,4.1,0.0,2701.0,0.0,0.0,0.0,0.0,0
B08K9PX15C,"R2USVKN5VQX7ZL,R36O11JTBG8NKH,R1OC5OKQ1ZHRT4,R1DSMD8RKWG5SN,R1NRFX7JSECICX,R37FILR40ZQ5CU,R2XJMXNKVIUUL5,R3AGSJ4P5W4OG4",174,990,4.459770114942529,15,0.03617571059431524,0,0,0.051515151515151514,0.6149425287356322,0.3850574712643678,2,990,4.0,1,4.0,0.0,990.0,0.0,0.0,0.0,0.0,0
B083RD1J99,"R28LVJV0VALRCQ,RUMWHXUP5WKO2,R3D5OM30BEDYE0,R2X9E8CREU3PI8,R1DWE4B2XWK08G,R27HOGDG67KNQO,R1QYLVRY3M6HLE,RA2K9X6CPRLS3",247,1290,4.117408906882591,19,0.02694610778443114,0,0,0.034108527131782945,0.5141700404858299,0.48582995951417,0,1290,4.1,1,4.1,0.0,1290.0,0.0,0.0,0.0,0.0,0
B09Z7YGV3R,"R3VZ6Z283J13QS,R1A8F37C7OKF8,R2RQS98AMZ4NJG,R1DGW1VG83PPCR,RURU97F6DP2YP,RKZFNA3ZOCH42,R2OOZRPNVR6EVK,R4KKHOLNKM7XN",241,1292,4.1078838174273855,30,0.06020408163265306,4,0,0.07198142414860681,0.5352697095435685,0.46473029045643155,1,1292,4.0,1,4.0,0.0,1292.0,0.0,0.0,0.0,0.0,1
B00N3XLDW0,"RXTFUL32UVMBF,RKILLVCVGFROD,R2JYW5X6BHMXBV,R18M0I706P5O3,RCG0RE5G16O10,R1CRK2KTT4Z4C5,R28M2PKJ99LPKF,R35HIF5EVQDYIM",233,1260,4.347639484978541,13,0.0436105476673428,0,1,0.027777777777777776,0.5450643776824035,0.45493562231759654,0,1260,3.8,1,3.8,0.0,1260.0,0.0,0.0,0.0,0.0,0
B07Z53L5QL,"R8BSHHFRCZ0MJ,R1FFF30F0OPJ84,R2FNCOSNHKOTQI,RPWUK2BJQ0G68,R3F280BE2HYWNR,R2MM29A786UNMO,R20FESVOJ2K0RP,R3IX2AJH4QZL8U",244,1384,4.512295081967213,30,0.04902867715078631,0,1,0.049132947976878616,0.6065573770491803,0.39344262295081966,0,1384,4.3,1,4.3,0.0,1384.0,0.0,0.0,0.0,0.0,0
B00P93X0VO,"RFFLKG1LJ0XOI,R8X3CAMJEQANF,R31072TMP1DQYQ,R1YNKT2ZV9UMI9,R39R9TDUJOXVNW,R310CKEQ2EYBD8,R2ZRRP5SOEP2S6,R2FADI2UFYIDMF",211,1142,4.289099526066351,15,0.13519553072625698,2,0,0.03415061295971979,0.6398104265402843,0.36018957345971564,0,1142,4.2,1,4.2,0.0,1142.0,0.0,0.0,0.0,0.0,0
B07SBGFDX9,"R1FXYA8WISUWTK,R2C5SUFAIFCKV9,RD87PA0KNH3GQ,R1HMNBP2MAYYGJ,R1491D1ND0TLA1,R3QTDYT0UEVTKT,R44E31ZTVX5VT,R27QM0PFEZ5LDE",91,487,4.230769230769231,6,0.0546875,0,0,0.053388090349075976,0.7032967032967034,0.2967032967032967,0,487,4.1,1,4.1,0.0,487.0,0.0,0.0,0.0,0.0,0
B09C6HWG18,"R32JZC43P990BL,R3H7SAJ305WZL4,R37X6NTSTYLVQA,R2D7LP2EBIX3W8,R3C7TL9CMBKBQK,R3UI3Z6GBVW39Z,R331DK9D3GC0XJ,R2G3RRE7N560V7",238,1354,4.525210084033613,21,0.026119402985074626,0,0,0.04283604135893648,0.5588235294117647,0.4411764705882353,0,1354,4.2,2,4.2,0.0,1354.0,1.0000000000000002,1.0000000000000002,1.0,0.0,0
B00NH11KIK,"R2AE3BN2Y58N55,R6YVRITBSRECR,R232KD83Q3MVML,R23FRK2ABESQGU,R3NE24KAHO8M69,R2PZRPBF9ZAOMA,R1DC9VBYLSSEB,R2BBEAL7JZWXYR",130,710,4.323076923076923,10,0.05605786618444846,0,0,0.04647887323943662,0.6461538461538462,0.35384615384615387,0,710,4.5,2,4.5,0.0,710.0,0.9999999999999997,0.9999999999999997,1.0,0.0,0
B07X2L5Z8C,"R17OGPT2IDXIGX,RBEABUL23L3HP,R15G3N5DHVIH7Y,REGCZ4KOQ0OWS,R11EN6UQ5L17PW,R2KOGJ8NE8RTBZ,R34E060GCVBLI5,R5N1E18Z4JNOH",262,1344,3.9923664122137406,17,0.03554274735830932,2,0,0.04092261904761905,0.5267175572519084,0.4732824427480916,1,1344,4.6,1,4.6,0.0,1344.0,0.0,0.0,0.0,0.0,0
B00VA7YYUO,"R3V5B4OYIG9WX6,R287NQW44CH5BZ,RL140F6KGYTH4,R2D7WN5M1VMOJZ,R2D5P5WYK76VHV,RH7OQL4IKCOHR,R3O343FKFZ25X1,R396V5FTETX0DC",73,366,3.904109589041096,8,0.09420289855072464,1,0,0.09016393442622951,0.6575342465753424,0.3424657534246575,0,366,4.3,1,4.3,0.0,366.0,0.0,0.0,0.0,0.0,0
B07L9FW9GF,"R2JCUKBR0BQ8ES,RNVX0V6SJF3CP,RW5MJG9LTX6QD,R37PSG13H70Z1F,R17RIHK0XXQDH5,R2P187SBO4SEMH,R1V49G7PD8Y93G,RU78E5A4MW0PK",151,804,4.119205298013245,14,0.04404567699836868,0,0,0.05970149253731343,0.5761589403973509,0.423841059602649,1,804,4.0,1,4.0,0.0,804.0,0.0,0.0,0.0,0.0,0
B08D64C9FN,"RO0S1HB5CYIZ9,R1D7LUGU7FIF6R,R5VZWTCWXT2WY,R33JXSES80JB74,R2GY2F5IO2PURC,R3REX484T6TAC7,R2K44XXHGOOAHD,RV56YWKRKX22O",437,2135,3.8100686498855834,18,0.03714981729598051,0,0,0.029976580796252927,0.43249427917620137,0.5675057208237986,2,2135,4.2,1,4.2,0.0,2135.0,0.0,0.0,0.0,0.0,1
B07XJYYH7L,"RWSHFGBE1WU3I,R1VBNTH3HSMVMB,RTATA9H2ELJ81,R1B0APD6HVOT8V,R99TNL1C7XQ5O,R37RT17N8YUWT4,R1WG1ARVL9YH61,R2UFM5PKO62Z5R",126,720,4.611111111111111,9,0.03852889667250438,0,0,0.03888888888888889,0.5873015873015873,0.4126984126984127,0,720,3.3,2,3.3,0.0,720.0,0.9999999999999978,0.9999999999999978,1.0,0.0,0
B00LOD70SC,"R1AY8EXPHPWDDR,R24503W0UJGTMU,R27P97SD5T4MUX,R11RMBECT7059U,R3RA6FKE9WX9CM,R1EG7C09VOFN8O,R18T3RD211CPKE,R1Q9BAGEC9G5VN",117,623,4.153846153846154,9,0.043209876543209874,1,0,0.051364365971107544,0.6068376068376068,0.39316239316239315,0,623,4.3,1,4.3,0.0,623.0,0.0,0.0,0.0,0.0,0
B09X76VL5L,"R3HH89QPKPPH0N,R1RDMIVEKQR627,RA53P1TSFESWJ,R1YDORG7TANTE7,R2K9RPCJJ2IR5W,RLPU6DY334IHA,R35VO8VW4L2KA4,R1JJS4OLQE80Q4",230,1209,4.1347826086956525,20,0.035218783351120594,1,0,0.043010752688172046,0.5826086956521739,0.41739130434782606,1,1209,3.7,1,3.7,0.0,1209.0,0.0,0.0,0.0,0.0,0
B091JF2TFD,"R3BZHVNU56YYR,R3JMZ9FQ4EE6ZQ,RCREBFSXZQ9JF,R1L60WAZORSA1X,R1WB0TXVLEXMUH,R3I31OWBU6CU10,R16KH7YOYW7TU,R3ETTCKO1FPQCK",256,1404,4.35546875,26,0.03949730700179533,2,0,0.038461538461538464,0.5390625,0.4609375,0,1404,3.9,1,3.9,0.0,1404.0,0.0,0.0,0.0,0.0,0
B07S7DCJKS,"R272I3YE9KXOQX,R1K8DTC1CSURL,REZ13G8C3Z7KF,REDXJWMNEPZK1,R1IIZGEPBEPGD3,R1BWJBXPCDWW1E,R3IPHL9D75XHNO,R1OES56UGU6UD1",61,299,3.639344262295082,4,0.1036036036036036,0,0,0.07357859531772576,0.7377049180327869,0.26229508196721313,0,299,4.3,1,4.3,0.0,299.0,0.0,0.0,0.0,0.0,0
B09NC2TY11,"R3K08458ILZK0F,R3OJTSZV57IWTC,R1DLM3QOLR43NS,R3N1UVS0VJ5GTV,R1LVGTLDN1T30E,R20R8KWXWTCHQ2,R2MOJO4ZT07XX7,R16TO2UAY38GXA",98,527,4.346938775510204,3,0.05687203791469194,0,0,0.036053130929791274,0.7040816326530612,0.29591836734693877,1,527,4.1,1,4.1,0.0,527.0,0.0,0.0,0.0,0.0,0
B0BDS8MY8J,"R1WLBATEAWUA8W,R39NO1SN8E0IFY,R2HHNNLIN82NKF,RDL2RYETBREO3,R27PDPH941DJ28,RT7VNN6MKVQIW,R3ZUCD78I2REL,R2AHEFOKBSIJZ9",254,1306,4.011811023622047,17,0.1351084812623274,0,0,0.03215926493108729,0.5275590551181102,0.47244094488188976,0,1306,4.2,1,4.2,0.0,1306.0,0.0,0.0,0.0,0.0,0
B09X7DY7Q4,"R3QA00SN4P1YUC,R2L5K9DSEJSNFK,R3IUT3P06QBO1J,R3I104PGW6NC5D,R3H3D0V1SJ0ZT9,R1H77M0601ZL6T,R29AVRAIY0C408,R8N82LBHX7SR4",212,1121,4.19811320754717,15,0.04602991944764097,0,0,0.03389830508474576,0.5707547169811321,0.42924528301886794,0,1121,4.5,1,4.5,0.0,1121.0,0.0,0.0,0.0,0.0,0
B09YV575RK,"R21XA337NNFD76,R2OFB11N0PESRG,R3DOZ8EPZ446YS,R384EFXOF0C77Z,R2DDDGG3PWCLY2,R1J7BOV2DXMCNY,R2B7M0U2JE9CCK,R24JB7H5RQY452",137,752,4.437956204379562,7,0.03350083752093802,6,0,0.030585106382978722,0.583941605839416,0.41605839416058393,0,752,4.0,1,4.0,0.0,752.0,0.0,0.0,0.0,0.0,0
B08LW31NQ6,"RY3SD0VYKQNWV,R12V38GYJNML2L,R7KZZYD3ECD0T,R20YUGVFVISC0B,R2C53N1IKIMU1I,R2YFM623TOZ0UA,R3G6AC2S24F16S,RORPHMFZM8M9X",114,645,4.456140350877193,12,0.03747534516765286,3,0,0.05581395348837209,0.6140350877192983,0.38596491228070173,1,645,4.5,1,4.5,0.0,645.0,0.0,0.0,0.0,0.0,0
B09ND94ZRG,"R2AV9AKW9EB7C1,RWSKD0OJUSGQS,RJHYN4I6B113J,RI9CLAGH4SW9S,R3VW4D1UNO8HON,R1JGOZA805HVQF,R38KJ4OR66OTV1,R121BDXPB86E0M",579,2926,3.975820379965458,38,0.023508924684370918,1,0,0.026999316473000683,0.4162348877374784,0.5837651122625216,0,2926,3.5,1,3.5,0.0,2926.0,0.0,0.0,0.0,0.0,0
B00P93X6EK,"R1ZMG6JMM25J27,R1EUV4ATCRZ8QQ,R2PKQZQ27VFBPN,R2DVP7WSMPM39C,R1T9AFIN8C42UZ,R1F39THH27Q2Z,R1JSV6H34UH2MI,R1FEDIXZYRE83X",181,999,4.386740331491713,15,0.050397877984084884,1,0,0.06006006006006006,0.6519337016574586,0.34806629834254144,1,999,4.5,1,4.5,0.0,999.0,0.0,0.0,0.0,0.0,0
B07KRCW6LZ,"RSNHWPVLK9SAQ,R2RKKAN3GRHI0G,R1FVWKC3ORTKKX,RTWMPZGIX9EDV,R3TRCC0769D12A,R2NJK9AW0NVU1C,R3M97OC4YJNBQT,R2IUPWWR3XMJ3D",216,1158,4.282407407407407,16,0.05947136563876652,1,0,0.037132987910189985,0.5787037037037037,0.4212962962962963,1,1158,4.3,2,4.3,0.0,1158.0,1.0000000000000007,1.0000000000000007,1.0,0.0,0
B0994GP1CX,"R26Z6SSJJ8MDIO,R15G5H4WP7FUQI,R1APGF7RYJ6OGH,RC2RF00D78VWN,R38AYQ8T47YGQK,RJ855UPV0ZZIX,RBUWQS3IU65ZP,R20GDL1J7ZSXHQ",105,573,4.380952380952381,8,0.045951859956236324,0,0,0.0506108202443281,0.5523809523809524,0.44761904761904764,0,573,3.3,1,3.3,0.0,573.0,0.0,0.0,0.0,0.0,0
B07H8W9PB6,"R2JX4PS0VEXLP8,R2Z993M5W7NJG7,R3IGL48GSRQXBK,R1BYNHCUKYRIY7,R2UO0TB6OD6VT,R2XRTP1KSM2DSA,RTKFSPNDCXIKO,R3MBRCZ7N5RCQG",123,668,4.317073170731708,10,0.059961315280464215,0,0,0.05688622754491018,0.7317073170731707,0.2682926829268293,0,668,4.1,1,4.1,0.0,668.0,0.0,0.0,0.0,0.0,0
B09NNHFSSF,"R3LRHEV5RKBZQH,R9P75XMCRRIIA,R2CONBLYQT7R1K,R2GAWVA9AW8ERQ,R38DWVOKKMHUBK,R2W4X1BRWCBV9U,R1X9VVCTEHSYMY,R1KS2EJEP1K3AO",72,408,4.513888888888889,11,0.07886435331230283,0,0,0.08088235294117647,0.6944444444444444,0.3055555555555556,0,408,3.8,1,3.8,0.0,408.0,0.0,0.0,0.0,0.0,0
B08D9NDZ1Y,"RS75FOY13AIG9,R3E7YWE1ALH6JF,R2L2RD1CNKUYC9,REHZ3AO9CMIAV,R19S8PMWV5DGXC,RC85YPCMOFPON,R1LU60M8E0H6MN,RRNOZ5CUP4LFK",629,3477,4.378378378378378,35,0.16842900302114805,0,0,0.04170261719873454,0.4594594594594595,0.5405405405405406,1,3477,3.5,1,3.5,0.0,3477.0,0.0,0.0,0.0,0.0,1
B0085IATT6,"R2YMRG3A0V8G85,R27COSSPQBTUO,R1O5UQG385C46V,R26MFURZRSSHGW,R1GKE5LP5F6CT4,R27JPBJL5CIARJ,ROAF183XMTYOB,RNA18UM3K1AE5",191,1009,4.198952879581152,9,0.06557377049180328,0,0,0.03270564915758176,0.6387434554973822,0.3612565445026178,0,1009,4.1,1,4.1,0.0,1009.0,0.0,0.0,0.0,0.0,0
B08WJ86PV2,"R1AJ8691TX1VPW,R1F6CCFSHMMDWL,R13ZVLYNBP29HS,R3GODXDJ5ZWRLY,RO5CYFP6J9F8A,R2BX7280T023IK,R1TQ5TYNE44TQS,R3BIERQ9BEQR9M",190,979,4.052631578947368,16,0.028720626631853787,0,0,0.03677221654749745,0.6210526315789474,0.37894736842105264,0,979,4.5,1,4.5,0.0,979.0,0.0,0.0,0.0,0.0,0
B078HRR1XV,"R2GO2QUMZFP1CS,R278O60L9LLNGF,R1YZQUQ2V6NQK6,R13KVD5NMA72K1,RAL7X08LLK26F,R2TIGQXINQG5U9,R13L5OV3OFG590,R7YQR5EWPT7UD",199,1098,4.396984924623116,20,0.035509736540664374,0,0,0.039162112932604735,0.5527638190954773,0.4472361809045226,0,1098,4.4,1,4.4,0.0,1098.0,0.0,0.0,0.0,0.0,0
B09P22HXH6,"R3S6FZ236ULL4K,R3U8F3JQ8WX7NS,R20EGFOQRBXT5B,R2TIXFYMKJN2M2,R107X637OTGBDN,R2I0H4HLC84J5K,R2W5JWALRE30FZ,R2EJWWUBGMPY0A",288,1533,4.204861111111111,19,0.03488372093023256,0,0,0.030006523157208087,0.5555555555555556,0.4444444444444444,0,1533,4.1,1,4.1,0.0,1533.0,0.0,0.0,0.0,0.0,0
B00LM4X3XE,"R39KVWDTJLV7UW,R1WL0UPYXNV0DD,R2PGY7OWESCS6I,R26LH8QOEED5O0,R10DQL9ALWH0DB,R1C3VSMXFDAFH3,R19F1VFEULFO9,R1U4HHWBLSHIIC",152,789,4.118421052631579,10,0.14696485623003194,4,0,0.04182509505703422,0.5263157894736842,0.47368421052631576,0,789,4.3,1,4.3,0.0,789.0,0.0,0.0,0.0,0.0,0
B09YLFHFDW,"R3F2RGMVGXBBAW,R1QF8TBA1FDIL8,R3PQ1KGTPP89XV,RV46F0P6E6UXD,R39L5C9XC2E993,R3UGNLBXR6LUNT,R1F5TB9ITVZPUQ,R15YXHS43BMUK1",1144,6078,4.208916083916084,102,0.04778872353804234,0,9,0.03487989470220467,0.4230769230769231,0.5769230769230769,0,6078,3.6,1,3.6,0.0,6078.0,0.0,0.0,0.0,0.0,0
B07YWS9SP9,"R3MYQGY75L0ECV,R21ADVLZZGGC89,R12GZJW2W11L5I,RIGWLTT24Q9NI,RT8FDK4YOM2GF,R3AB3X4KBEGJ4J,R3MUC8BNID58B0,RWBPIAS5R7Z75",380,2066,4.315789473684211,22,0.03347799132052077,1,0,0.028557599225556632,0.5026315789473684,0.49736842105263157,0,2066,4.0,1,4.0,0.0,2066.0,0.0,0.0,0.0,0.0,0
B002PD61Y4,"R2EJIN3N3L3XKI,R2JMJ8QNG66LV4,R3B46JNPC2T4E7,R3HHJCTEJ7J9CS,R2LOAPI3SK4RCX,R1MLGZDQDKIVIF,R10KVN4LSVD459,R3BO9D050WHWVX",150,741,3.88,9,0.06086956521739131,0,0,0.037786774628879895,0.5533333333333333,0.44666666666666666,0,741,4.1,2,4.1,0.0,741.0,1.0000000000000009,1.0000000000000009,1.0,0.0,0
B08WLY8V9S,"R9J8N0DJ50QX8,R1UV6JTZUUJW6R,R1UZJ01XMNK62P,R2LMO0022YYFU3,RJ7LTANMKSLFC,RSWGOFTPZPLTL,R1NOCFUD15CTS7,R1TOO76VMEWVRB",234,1343,4.628205128205129,25,0.03153988868274583,2,0,0.03425167535368578,0.594017094017094,0.405982905982906,0,1343,4.5,1,4.5,0.0,1343.0,0.0,0.0,0.0,0.0,0
B0873L7J6X,"R1N3LBU331N1YS,R2NMV5Q9AYU4RM,R11KVGFT3HQ3AS,R3GHP1CGUXLWU3,R3G1HG1GBQSQDV,R3KKDRBZBH0TFL,R2PGSE5NZMJR53,R3SS3G4T33J3WS",692,3619,4.044797687861272,60,0.030597552195824333,0,0,0.04006631666206134,0.4436416184971098,0.5563583815028902,1,3619,4.2,1,4.2,0.0,3619.0,0.0,0.0,0.0,0.0,1
B07YNHCW6N,"R2NBHF3UEC50C6,R3ENGSS93WOPV4,R1260HX2KSZV0W,RDCOOX58V6318,RWV1P8F9DC6TT,R1FIDRTPFM02B2,R2K2IBAH6ADK2E,R2FSR8AVBBDIQK",112,581,4.0625,12,0.06153846153846154,2,0,0.04991394148020654,0.5982142857142857,0.4017857142857143,0,581,4.3,1,4.3,0.0,581.0,0.0,0.0,0.0,0.0,0
B07232M876,"R22EUJ1B1AM0OU,R2K89RVGN8N9MO,R177X9L6ND6OA7,R2YU5RDRT44DE6,R1K5FLRLAUZLKF,R1HAZS2PLM3RRQ,R3EX1BCG3VPANF,R1C72DNWTJGUI2",1475,8939,4.690847457627119,95,0.07079128272634197,1,0,0.06622664727598165,0.4040677966101695,0.5959322033898306,2,8939,4.2,2,4.2,0.0,8939.0,0.9999999999999997,0.9999999999999997,1.0,0.0,1
B01MQ2A86A,"R17S7JVWFH1X6W,R1HINIS5AG6PXD,R3VZFLZVFVZ13G,R15TQGQAAQ9BO6,R1ESBYDNXT6O96,R1GSE3A3Y8JFOQ,R1UNAIG317Z7UH,RVYEL8OR4M003",251,1340,4.143426294820717,24,0.033816425120772944,1,0,0.05,0.5577689243027888,0.44223107569721115,2,1340,4.6,1,4.6,0.0,1340.0,0.0,0.0,0.0,0.0,0
B00KIE28X0,"R37O1AOVLZR8TU,RUYL5687EN2BX,R8U5WNK0AIG7Y,R3H9P56ULTAQPF,R30PHBPIAKX58X,R21C69PPTIH20R,R32PBJHMTKPBKA,R15OREDN2ZTOEY",67,393,4.7164179104477615,14,0.1291390728476821,1,0,0.11450381679389313,0.6417910447761194,0.3582089552238806,0,393,4.5,1,4.5,0.0,393.0,0.0,0.0,0.0,0.0,0
B08BQ947H3,"R18D9LZAYX9JSY,R2TD56H4WD69RD,R3022ERQVPT7PV,R3T0CWF358RZNJ",1394,7564,4.296269727403156,78,0.05073318725771111,9,1,0.03146483342147012,0.34433285509325684,0.6556671449067432,0,7564,4.3,2,4.3,0.0,7564.0,1.0000000000000004,1.0000000000000004,1.0,0.0,1
B0BHYJ8CVF,"R29R3M1OPGKF30,R2EA2LLSJBRXSC,R1AWRF1U7C7UME,R3UF71OXPULBHN,R2DIUZDH7Z3QB2,R1BUOT39KDHX4R,R2X9N8M3OSTGOH,RA12UNLR8Z325",349,1842,4.226361031518625,14,0.026621160409556314,0,0,0.02225841476655809,0.5100286532951289,0.4899713467048711,0,1842,4.1,1,4.1,0.0,1842.0,0.0,0.0,0.0,0.0,0
B0BCVJ3PVP,"RIDGDE0K9RNRA,R2CZAG8WC0MD86,R35BM4THHJHAUB,R20902QQAPEVUE,R33GS11AUPGB40,R3GVTF10HD3160,R35KXOR5W6GU19,R3NSG8LKQJ0JJB",193,1006,4.16580310880829,11,0.03634085213032581,0,0,0.02982107355864811,0.5077720207253886,0.49222797927461137,0,1006,4.5,1,4.5,0.0,1006.0,0.0,0.0,0.0,0.0,0
B0B2931FCV,"R3TGQK7IIJLS03,RUOMB8W6YK7QR,R3CFBAHDNZG57Q,R1C5UGJUKUS15H,R3ERTH3R5JIJFV,RPRA1IC9U989B,R2WCM1JXL4364G,R1UCY8XB55U6XH",255,1277,3.8745098039215686,20,0.03441295546558704,1,0,0.04385277995301488,0.5254901960784314,0.4745098039215686,0,1277,3.5,1,3.5,0.0,1277.0,0.0,0.0,0.0,0.0,0
B09TMZ1MF8,"R1EFJNZ479B858,R2RW2HKD2AP8SI,R1C0OAF6VG7C6I,RVLHMAS6PSLC9,R2OWSR5QQ8ZBV2,R1O4UBO1Z22XD2,RDZVN2ZMIRT0Z,RUBFE0WN34MVP",200,1125,4.48,12,0.0893854748603352,0,0,0.03911111111111111,0.63,0.37,1,1125,4.4,1,4.4,0.0,1125.0,0.0,0.0,0.0,0.0,0
B07VV37FT4,"R199HA6OB5QGOH,R2EXF5TBUFMEKO,R138UM3OBL4EGD,R1GBVQ0ZBHBV86,R26DK1JPO4MUBA,RU7Y6AS0UOPYI,R16N53F8X3IPIE,R2DK49S02V1UFR",127,695,4.354330708661418,13,0.064030131826742,0,1,0.060431654676258995,0.7165354330708661,0.28346456692913385,0,695,4.2,1,4.2,0.0,695.0,0.0,0.0,0.0,0.0,0
B07P681N66,"R2GUL8IL005EGF,R3NZCVYJBN0CPD,RHUJOS46Q51UG,R1ZW4PQHUECROJ,R7F86XL2S6MY,R1JRRVOFWQAC4C,R2WZHK2E301YV,R10J01VHCKFB42",658,3434,4.132218844984802,43,0.04297022238974746,0,0,0.02766453115899825,0.425531914893617,0.574468085106383,2,3434,4.4,2,4.4,0.0,3434.0,1.0000000000000007,1.0000000000000007,1.0,0.0,1
B07JB2Y4SR,"R1NXQAUJ3LO3OW,R1MWEBTA35BES8,R2OTG33BME1DP2,R2ADKUIQDNC4CS,RXCSU83UL85LG,R1IU2CXD6J2VT9,RXCA5L1FET3BK,R2PXB1JH0VU4MO",99,534,4.262626262626263,10,0.09828009828009827,1,0,0.0749063670411985,0.7474747474747475,0.25252525252525254,0,534,4.4,1,4.4,0.0,534.0,0.0,0.0,0.0,0.0,0
B08KRMK9LZ,"R35P4RV0EBJYMG,R2O1Y08F8IMHQ4,R6V7QSZXNVMZ1,REQ2U03TENWZ5,R2PKT81AEN2THV,R9ZTXWWLOMGJA,R1HS0F8PB696H,R2LQX411MJOWYZ",181,1002,4.4088397790055245,6,0.06926952141057935,3,0,0.033932135728542916,0.6298342541436464,0.3701657458563536,0,1002,4.2,1,4.2,0.0,1002.0,0.0,0.0,0.0,0.0,0
B08LT9BMPP,"R13B5RZ3XMANFO,R2GO21J4ID21ZA,RTM2W77UCIN1G,R2LTFKUSNDR93Y,R170XLDGS3W2DH,R4U8VD6OEEGE4,R36S9O1V8N2YVM,R3R7LS0IO8KO0S",448,2368,4.212053571428571,18,0.0192102454642476,2,0,0.02195945945945946,0.5111607142857143,0.4888392857142857,0,2368,4.5,1,4.5,0.0,2368.0,0.0,0.0,0.0,0.0,0
B082T6V3DT,"R1Q0PEVL6X8WZJ,RW0MMI9AUXK5J,R2F3ACPBFRCFSK,R2SB3XYC8XHNUQ,R5L8G10EKZ9ZR,R3W2X53D3BLIBR,R29J3JSPZYQYCM,R35I0ZZH2J58P7",265,1378,4.09811320754717,15,0.03515263644773358,0,0,0.02539912917271408,0.5207547169811321,0.47924528301886793,0,1378,4.3,3,4.3,0.0,1378.0,1.0000000000000004,1.0000000000000004,1.0,0.0,0
B0814ZY6FP,"R2B9AWHBJL5Z8U,R2OCSSQTFKSY5C,R2IC20U151H5EL,R2CKRVI3RAKV3R,R17F6JLUKCCNJE,R2DRWDUDK4VP5J,R1ZUANXQSKI8Q8,R1RYTXARLTEC3K",243,1439,4.810699588477366,21,0.11245674740484429,0,0,0.037526059763724806,0.6213991769547325,0.3786008230452675,1,1439,3.8,1,3.8,0.0,1439.0,0.0,0.0,0.0,0.0,0
B09F3PDDRF,"R1CJ0MB11B1FIY,RIDJYDQN13E73,R34VA5BFT3PL9D,R1P01XZPNVOUL6,RZBWQXTRZLTAQ,R3TR96F911X3VY,R1UJODUANPA0J0,R2JQLH3JBPGEJ7",362,1891,4.1353591160221,24,0.07749326145552561,1,0,0.03172924378635643,0.4723756906077348,0.5276243093922652,0,1891,3.9,1,3.9,0.0,1891.0,0.0,0.0,0.0,0.0,0
B07X963JNS,"R3FQMPLCZV75E,R3CXYW32DE2XCE,R3VMIAJI5S2S9M,R33BXR8IIASQCO,R31X014WG1MEMQ,RNZ3UOYY7B2N0,R28IU0P7UBCRG6,R34GOU1HWA68GA",102,553,4.333333333333333,6,0.11337868480725624,0,0,0.045207956600361664,0.7647058823529411,0.23529411764705882,0,553,4.0,1,4.0,0.0,553.0,0.0,0.0,0.0,0.0,0
B09LD3116F,"R36Y9I6V38K4CI,RSVUYAJ0BU54O,RQCS96BTP35A9,R2KWQCCKQIEP62,R2RCVI71R2P9QI,R17SDYK2YOVXU0,RX8EJPUCGLGYM,R12Y07JTP88MO6",408,2177,4.2181372549019605,32,0.04264018691588785,6,0,0.03123564538355535,0.5024509803921569,0.49754901960784315,1,2177,4.1,1,4.1,0.0,2177.0,0.0,0.0,0.0,0.0,1
B08Y5QJTVK,"R3P3UORQU1RBUS,R2HBDV18FAU41T,R8K9J0PO0U7SZ,R3DVQHUR48AQ50,R299I3R11BG6DW,RB4G46R1235AZ,R2BTB8CU6EX1ZM,R3BRKYAMSBIRZI",123,643,4.097560975609756,10,0.06584362139917696,2,0,0.05598755832037325,0.6422764227642277,0.35772357723577236,0,643,4.4,1,4.4,0.0,643.0,0.0,0.0,0.0,0.0,0
B00LY1FN1K,"RXQTOG0MDLE3A,R1VHBXS1C5UHWA,R2B1K6QHH8HZMB,R1HDUYLE83VR3D,R8R0S99ZI0KQV,R3E4NAR8EOM44W,R3R6G8YFZJEHDX,R2GX99LZCQPVTB",74,420,4.54054054054054,10,0.05952380952380952,0,0,0.06190476190476191,0.6351351351351351,0.36486486486486486,0,420,4.4,1,4.4,0.0,420.0,0.0,0.0,0.0,0.0,0
B07DJ5KYDZ,"R2H5SF6IVR6BJT,RBI1IUQXMHF9H,R382PF9LBJ2LFC,R1UR1TZLC731PQ,R26NP9V89IYAS8,R2EVEPEGBDK0GS,RL6Y1UJJL18A1,RDYBCWGPZF1K1",288,1515,4.090277777777778,28,0.05599300087489064,1,0,0.03762376237623762,0.4722222222222222,0.5277777777777778,0,1515,4.4,1,4.4,0.0,1515.0,0.0,0.0,0.0,0.0,0
B009LJ2BXA,"R392ZYXC6D3GY0,R1MJHZXZ09ETAE,R20PJKJTCF9RXN,RRBGOD13SHW3G,RFKGZ644H33WX,R21KI36AKNFJAM,R2641YZI4YBHDF,R15FO6TEAGIRJO",185,999,4.286486486486487,10,0.031525851197982346,1,0,0.03803803803803804,0.5837837837837838,0.41621621621621624,0,999,3.5,1,3.5,0.0,999.0,0.0,0.0,0.0,0.0,0
B09BVCVTBC,"R2FMPKQXCZIRV1,R3B9RMX16ONMZ,R97EXY4ON0ZL7,R1KUI19PS7DV2O,R6U8VVIZKHF7Y,RYG609Z9J78L1,R3JITXTZXXJC25,RG6KQGZF3D6EB",516,2792,4.251937984496124,34,0.055937643282897756,13,0,0.0329512893982808,0.5174418604651163,0.48255813953488375,0,2792,4.5,1,4.5,0.0,2792.0,0.0,0.0,0.0,0.0,0
B0BFWGBX61,"RQAF3Q7KCEGHP,R3CBLDFSRTKKYA,R3PZ3ENFIS7IJG,R2ACW4FTIVQJ77,R3K8YFINS1P9XN,R16G76XSWF9WTZ,R3O8ZTH4RRO02J,RXCDPPX5ZV2WX",128,748,4.5703125,6,0.04753521126760563,1,0,0.0427807486631016,0.59375,0.40625,0,748,4.1,2,4.1,0.0,748.0,0.999999999999997,0.999999999999997,1.0,0.0,0
B07SY4C3TD,"RJW0MA6VZOJLA,R3J2O4XRRJFQ15,RVIOYPQ1ULDAW,R6Y5P0TXY8RZN,RRNZU0RMAOHLI,R2847VR34HZCCM,R2JI2VU4R585F8,R245AZKOPK5DPI",215,1151,4.2372093023255815,18,0.04504504504504504,0,0,0.038227628149435276,0.5953488372093023,0.4046511627906977,0,1151,4.4,1,4.4,0.0,1151.0,0.0,0.0,0.0,0.0,0
B094JB13XL,"R1JO87DOGUEQHC,R1UQ0AYNB30CZS,R34O4E591I5RJN,R2X9U1VWHBNIAX,RPRRWM1J2QDNP,R32LTUGL01I85B,R1HKJTBFVLO3DB,R3S7HEACPHR8D5",346,1774,4.043352601156069,20,0.03256150506512301,0,0,0.032130777903043965,0.5144508670520231,0.48554913294797686,1,1774,4.1,1,4.1,0.0,1774.0,0.0,0.0,0.0,0.0,0
B08CRRQK6Z,"R15LP4CHWX2U71,RNN7UL8Y8WODW,R1HRCJ7XQY80Z7,R1P0HMRSS4MV42,R7X57IG9SMZ9I,R2LRVWCRPJU2HW,R14DQ7KNNHLJA2,R564J6V9I533Q",444,2516,4.5157657657657655,36,0.0482897384305835,0,0,0.03696343402225755,0.48423423423423423,0.5157657657657657,0,2516,4.2,1,4.2,0.0,2516.0,0.0,0.0,0.0,0.0,0
B08MTLLSL8,"R1V27KSTIYDLNO,ROMIRCTILGR1L,RJEZREZBPBIOE,RD6B051DBXTKA,R393QKRRRTUDD,R19F9OZQQEJOMR,R1EQ9Z8CW9646C,R2T9D5WZDBILVX",114,603,4.166666666666667,6,0.050955414012738856,0,0,0.04975124378109453,0.6140350877192983,0.38596491228070173,0,603,4.2,1,4.2,0.0,603.0,0.0,0.0,0.0,0.0,0
B08Y57TPDM,"RKDNXHI6GT6UZ,R2665SN6A29V01,R2J30R8O3UHZRI,R35EO3S4EWYA5S,R2LI2GPYRBO35C,R1JYP2Y4BB5L6K,R2MQ6PENPS15K6,R4ZVFDLVBQV07",155,833,4.212903225806452,16,0.07366771159874608,0,0,0.04441776710684274,0.6709677419354839,0.32903225806451614,0,833,4.3,1,4.3,0.0,833.0,0.0,0.0,0.0,0.0,0
B09CYTJV3N,"R1X5M1FCOWKT0B,R3S0NP80Q732UM,R3A9W4A6KUCBJE,R3UONEK0PLA01H,RCN9YFDUB1BZL,R1AELDOYHXC120,R3N7IVWTZUMGDK,RM8NC55MRQ6V9",700,3872,4.42,43,0.03202614379084967,6,0,0.029700413223140498,0.43714285714285717,0.5628571428571428,0,3872,4.3,1,4.3,0.0,3872.0,0.0,0.0,0.0,0.0,1
B07GLNJC25,"RM008Z6AJ6V5D,RKFTTUKO1A54T,R20P3T7U9RKSBG,R1P1QHB04XGZML,R1ST7955NYDAIL,RFZ5R15WZV8SZ,R1X10TKU9WRYCY,R2EVJ2LKLX2AAJ",99,575,4.666666666666667,10,0.05021834061135371,0,0,0.05217391304347826,0.7575757575757576,0.24242424242424243,0,575,3.7,1,3.7,0.0,575.0,0.0,0.0,0.0,0.0,0
B08FY4FG5X,"R30IUGWUAWZ7VQ,R2YU0RDOUNLB5M,RXK8OJ3F42ATY,R2M9M458Q96FUE,R3H1PC871H1GM5,R1K9QL3Y422K6J,R3C4RMUOAJHGYO,R169IX82EZNIGB",791,4210,4.216182048040455,32,0.029909365558912385,3,1,0.028266033254156768,0.41466498103666244,0.5853350189633375,2,4210,3.9,1,3.9,0.0,4210.0,0.0,0.0,0.0,0.0,1
B07TMCXRFV,"R3SZOTNLJ4B1LL,R2IMWFUUTWH8H1,R113GHLAS618M5,RH3EG6R2EK2UJ,R2HHF3YVPUJ5KJ,RJXAZXDE8B60L,R1U7NNCJTZHVTB,RH4Z7TDR11EEK",327,1766,4.3058103975535165,14,0.026372059871703494,0,0,0.026047565118912798,0.5688073394495413,0.43119266055045874,0,1766,4.5,1,4.5,0.0,1766.0,0.0,0.0,0.0,0.0,0
B01FSYQ2A4,"R2E3GV1LFGQNFD,R3IM6TBVGY4SYQ,R236B8Q3BSGZJ7,RO9KNXZ2RH2TI,RT2VNM024LSCP,R3PRBLGHPRCZ6A,R1AYA1JIHAVM50,RR81G0GIJQKT9",1682,9942,3.984542211652794,100,0.044417401886218434,2,1,0.1648561657614162,0.3376932223543401,0.6623067776456599,2,9942,4.1,2,4.1,0.0,9942.0,1.0000000000000002,1.0000000000000002,1.0,0.0,1
B00LZPQVMK,"RD6OIJUG0R241,R3EUJ7A6LG8X7V,R1DWGT4USEVGYK,R187KH5XJBPS86,R2XYH31E9NK0GU,RDYNZZPHU7SZK,R2MR0DYZVFN3HA,R3PV91U8ZYN5DU",146,749,4.006849315068493,12,0.06872852233676977,0,0,0.0520694259012016,0.6301369863013698,0.3698630136986301,0,749,4.0,1,4.0,0.0,749.0,0.0,0.0,0.0,0.0,0
B08X77LM8C,"R2NZAVDD3V0QHH,RH94RL6QTX9ZG,RPERYOA7LX9AI,R1TOKDZGUZS111,R1JDICDMH5NNRY,R1VM1MXG5JB9MB,R19JHRALQ1YOQ3,RT2PBCZXFIDGN",214,1083,3.94392523364486,16,0.06563245823389022,4,0,0.0443213296398892,0.5887850467289719,0.411214953271028,0,1083,3.8,1,3.8,0.0,1083.0,0.0,0.0,0.0,0.0,0
B01EJ5MM5M,"RGQ39S8C5PP47,R3EJOUTC62KKUN,RJ8QD3DJEQ5JN,RW1HT9YU7JHSI,R1AP7ME9Q3JURN,R1TOT1Q6G43B7U,RH7QC8KMYJACT,R1HRQS0EW6WD1C",267,1441,4.2434456928838955,12,0.03094606542882405,0,0,0.03816793893129771,0.5243445692883895,0.4756554307116105,0,1441,3.4,1,3.4,0.0,1441.0,0.0,0.0,0.0,0.0,0
B08J82K4GX,"R1R5HVWWX3D0P9,RRDFD5UYQWGA2,R1U2VOC38FXAK5,R3JUHPJLOMYOTC,RZZ1KIFLBPEDW,R1D9GKU0IJATXF,R3DFY4QAXRWGIR,RQGX2ONVZ89F8",696,3566,4.025862068965517,53,0.08056872037914692,6,8,0.03252944475602917,0.45977011494252873,0.5402298850574713,1,3566,4.3,1,4.3,0.0,3566.0,0.0,0.0,0.0,0.0,1
B07Z1Z77ZZ,"RS93FM8EGCGVK,R2H6JE1EKT8ABD,RVNAAQ2FDKBI9,RH47AG02THZJ9,R3LS2IUM23YXEX,R3RKYBJ36UG0KS,R14ODWGQZ7FOGH,R3THK9M26CIDNQ",252,1340,4.2023809523809526,17,0.07736389684813753,2,0,0.03880597014925373,0.5476190476190477,0.4523809523809524,1,1340,4.3,1,4.3,0.0,1340.0,0.0,0.0,0.0,0.0,0
B00DJ5N9VK,"R39PYNXMLNEIYW,R3AMNR0LJWNAUU,R2P5M80U8OL9OQ,R6IL66UV4Q64X,R1T1HIPZYE4LDI,R387TYNEGM23O8,R337P06I7YZ3FT,R2MI5HSUR25XG2",246,1251,3.9959349593495936,18,0.027551020408163266,0,0,0.03597122302158273,0.5609756097560976,0.43902439024390244,0,1251,4.3,1,4.3,0.0,1251.0,0.0,0.0,0.0,0.0,0
B0B4DT8MKT,"R25WW5K08CGVXV,R1229K72SC8VW6,R3G7X6LSJFGFXP,R19IPICAE9A24Q,R1J0JL7TOG1YNE,R37NLAA34276Y9,R13G1K0IPVB3EA,R188FGJWORTDSC",154,834,4.305194805194805,11,0.14630467571644043,3,0,0.03597122302158273,0.5584415584415584,0.44155844155844154,0,834,4.2,2,4.2,0.0,834.0,1.0,1.0,1.0,0.0,0
B08FGNPQ9X,"R323XTLZ6XF443,R2PU5PLM2D5A9P,R109BR31BO9U9O,RP81LPR632RSZ,R219G800XSZ211,R1HP18PZMA7RRO,R2NUEOM6M6XSIE,R13BCLN31UCTUC",677,3687,4.233382570162481,75,0.03484573502722323,3,2,0.05614320585842148,0.5317577548005908,0.46824224519940916,1,3687,4.1,1,4.1,0.0,3687.0,0.0,0.0,0.0,0.0,0
B07NTKGW45,"R3D7XJFJ5YMCGX,R1XFCHMC5NZ1Y5,R1CKJ6H0A3FZI0,RX6GFI0WHX38M,R1AN2V2QZ2S8KM,R23KGXQ1Q93GB,RH9TQT6VOR6JJ,R3N6ZYBTC2LJVW",218,1166,4.224770642201835,13,0.10021786492374728,3,0,0.03516295025728988,0.5779816513761468,0.42201834862385323,0,1166,4.0,1,4.0,0.0,1166.0,0.0,0.0,0.0,0.0,0
B08CDKQ8T6,"R2ACU430AWSQ15,RZFPMZJQG4VEF,R2P7VTDLLMDOA3,R1B9M17A3N27E2,R4LNZP9RCX3H3,R3TL5BYHCMQSB3,R1B2BRD05LJZX4,R2WQKUAV6WUQ06",126,683,4.277777777777778,11,0.05263157894736842,0,0,0.043923865300146414,0.7142857142857143,0.2857142857142857,0,683,4.3,2,4.3,0.0,683.0,1.0000000000000004,1.0000000000000004,1.0,0.0,0
B08J4PL1Z3,"R16URT7BDNOV2D,R2YWPNEAQVJ9ZA,REXSBUHVOE0WE,R2RUHQW0ZWPFCE,R2NSG94BDOKV6F,R3PCRURZ1LS5JQ,R1FR7S9JNBVXBT,R29RRJ2OJ6GC7",384,1982,4.0625,20,0.031027795733678087,3,0,0.03229061553985873,0.4765625,0.5234375,0,1982,4.0,1,4.0,0.0,1982.0,0.0,0.0,0.0,0.0,0
B07XJWTYM2,"R1AKJKNRBIBCV4,R2ZG9F0E80XAWQ,R39LC2YR7L3N4E,R2ADNFHJ2J8A7L,R3VV8VK7HOOYQS,RXGEG3BUDZOW0",1962,10913,4.398572884811417,100,0.38515652479774887,14,3,0.036012095665719786,0.35423037716615696,0.645769622833843,1,10913,4.1,1,4.1,0.0,10913.0,0.0,0.0,0.0,0.0,1
B09939XJX8,"R374DNITJO308B,R39OSBCH26FDGW,RFTP6BKBX70WI,R1VHLDAFRQLBMI,R36AIOIL7WO6HZ,RIVLIRNSSO3M1,R3BIRKRJLDWL46,R1N8K5CG19N1KY",103,563,4.262135922330097,9,0.04100227790432802,5,0,0.0586145648312611,0.5242718446601942,0.47572815533980584,0,563,4.0,1,4.0,0.0,563.0,0.0,0.0,0.0,0.0,0
B09MDCZJXS,"R1WZU792ROLKVF,R1X4YGIN6CWPH4,R32Z0RYAEN1DFC,R1DN8SF3OFPFAQ,RNHRK657LGIDV,R1DOJAY4KQGAI6,RXQATD7YRR3TA,R3HP5GYAC6M219",186,978,4.080645161290323,17,0.0625,2,0,0.04396728016359918,0.5376344086021505,0.46236559139784944,1,978,3.8,1,3.8,0.0,978.0,0.0,0.0,0.0,0.0,0
B08CTQP51L,"R24LA0QD5OLK8G,R3Q8NDQHWTOEMA,RLU72AJAAOA8D,R2Y2ISC0E5DQJ7,R1VS3VC0CZ24XB,R2787ZH86GWL84,R1VDA6PEVBN4E3,RWWGO6H2DZMYC",210,1176,4.461904761904762,20,0.033155080213903745,4,0,0.04081632653061224,0.6095238095238096,0.3904761904761905,0,1176,4.2,1,4.2,0.0,1176.0,0.0,0.0,0.0,0.0,0
B0BG62HMDJ,"R1NVL27P8VGTP1,RK381D6AH8JFI,R145H2IMWSHSP5,RXUFYS6IXXC27,R23QFCUMOAAF6,RWOQMMEBT56CR,R3NQ4FM9WQJM1R,R1GOBOH4PV5F5E",93,528,4.43010752688172,7,0.0661764705882353,0,0,0.0625,0.6451612903225806,0.3548387096774194,0,528,4.3,1,4.3,0.0,528.0,0.0,0.0,0.0,0.0,0
B08GTYFC37,"RRJFTC0VXGP9F,R39JQE75EPS5DO,RUZV4DZKBFJGE,R1SBQDN9157ZTO,R1O8LE9DENM39V,R1QGJPE1M4YZKR,R240LL92WXKRRY,R3GECDAI29GH5G",309,1737,4.440129449838188,25,0.07255048616305161,4,0,0.04375359815774323,0.6181229773462783,0.3818770226537217,0,1737,4.4,1,4.4,0.0,1737.0,0.0,0.0,0.0,0.0,0
B08SBH499M,"R1LREWJCMBQIRO,R2HU0UF6QY4WZD,R1M3HZPOB2BCPA,R3PLOVWNC48BP6,R1K70M5N1R1FLT,R2HZYR1RYPYEVR,R6HSVD0DMTQMY,R6X92GH1ETNJ",121,671,4.462809917355372,8,0.03888888888888889,0,0,0.03576751117734724,0.628099173553719,0.371900826446281,0,671,4.1,1,4.1,0.0,671.0,0.0,0.0,0.0,0.0,0
B08FYB5HHK,"R30SWI8U6K7PDR,R2K3WL7JFGLDI,R2WXWZRPAKQ1GP,R29PWDI4WOF8FK,R26V2X161L8NR5,R3B4VBD2NKURWM,R3A6QVJ73S0FLJ,RSP7D739UWRFL",423,2263,4.243498817966903,25,0.05053340819764177,0,0,0.029606716747680072,0.48699763593380613,0.5130023640661938,2,2263,4.5,1,4.5,0.0,2263.0,0.0,0.0,0.0,0.0,0
B0994GFWBH,"RZJR37WFGXR9B,R39X6O18GM16TM,R18ZQ09EKVWZ9R,R3NHUC9S00KIR8,R30ZSNYE78E0O2,R2LVRBREQ4EFDM,R1UJ8BCYXWICT8,R34RH86MGL4HFB",291,1540,4.158075601374571,30,0.08137583892617449,0,0,0.04285714285714286,0.5223367697594502,0.47766323024054985,0,1540,4.0,2,4.0,0.0,1540.0,1.0000000000000058,1.0000000000000058,1.0,0.0,0
B0B5GJRTHB,"R1R1JK1E1KZYX8,R2XZC0TY29XVLD,R10HYVIHZWKK1K,R60DKH62VTGDU,R3OEUY99P64UA3,R32UNDTOGI8EL1,R3GLNMEB5Q7VW0,R1DEKW8DZTEK4A",570,3039,4.224561403508772,48,0.027707808564231738,4,0,0.0384995064165844,0.45789473684210524,0.5421052631578948,1,3039,4.2,1,4.2,0.0,3039.0,0.0,0.0,0.0,0.0,1
B09GBBJV72,"R2RDB07DGL4GM9,R3H2WY92CQUJMX,R2LDUGW3VRNHAB,R1LRB29GJ35245,R2S4Q38HCR9GEQ,R34PYQGTCYUFYB,R2FNNM6IUQZGWK,R3GR8P4J5HK9VV",251,1376,4.346613545816733,19,0.03211009174311927,0,0,0.032703488372093026,0.5338645418326693,0.46613545816733065,0,1376,3.9,1,3.9,0.0,1376.0,0.0,0.0,0.0,0.0,0
B07P434WJY,"R2LRRBAFN6I6AZ,R1FBE05UZD56IF,R1IRK5NMYFJN5T,R69JBU6LC4NYC,R1ZEDLFB9T6IJU,RN12RA7AP349F,R1OGL3O5NB3GXJ,R3JRPVNGDP2W8A",165,909,4.345454545454546,12,0.05196629213483146,2,0,0.0407040704070407,0.6,0.4,0,909,4.3,1,4.3,0.0,909.0,0.0,0.0,0.0,0.0,0
B07T9FV9YP,"R1VOPN2U7TR5UG,RCVPU4XZ7O68C,R3AAGR6XT4RZOC,R1D1CF1TVUQET4,R2ICO6IKYO6I6A,R2JZS7D3SMFU1T,R3FZTFENXGCM9,R3TK26WSQHBGNK",496,2641,4.225806451612903,31,0.03180722891566265,0,0,0.029155622870124954,0.45564516129032256,0.5443548387096774,0,2641,4.0,1,4.0,0.0,2641.0,0.0,0.0,0.0,0.0,0
B01GGKZ0V6,"R37S13YALMRPGK,R2OU2YTGFEMJHE,R25SDG11W8EAU9,R2W38EQOY97N87,R2U8MOGE4JDKBF,R2CN3CX7SGEWDK,RX74XLMFH35PD,R1B861YJE8YL2B",152,804,4.197368421052632,11,0.050393700787401574,0,0,0.036069651741293535,0.5789473684210527,0.42105263157894735,0,804,4.2,2,4.2,0.0,804.0,1.0000000000000002,1.0000000000000002,1.0,0.0,0
B08WKFSN84,"RGNARUOE22V1A,R5KYEFZM5496A,R38R0ACYQPV9HZ,R17M1JPCDUNH21,R1H9QE5M69Z3VS,R249MO4XBSOM0Q,R2BI8BOVC79W95,R1V5XKRZ49DQK3",155,890,4.606451612903226,14,0.03375527426160337,0,0,0.04269662921348315,0.5935483870967742,0.4064516129032258,0,890,4.3,1,4.3,0.0,890.0,0.0,0.0,0.0,0.0,0
B09TBCVJS3,"R32FKIYH8C9GMX,RYBDLIADVEHDR,R3QUBDARIE2ZHS,R3V1NU4NDXXV74,R2FJDY45GI3UEC",1126,6072,4.232682060390764,62,0.05418614534636634,0,0,0.033102766798418976,0.3978685612788632,0.6021314387211367,0,6072,4.2,1,4.2,0.0,6072.0,0.0,0.0,0.0,0.0,0
B08TR61BVK,"R1EGA4C6RWIIZ3,R2LUR26FVHY2J9,R3EIY77S1ST0FV,R2C5MD2U054FTI,R20BW7AKMPLR7O,R1N81GRGOUWSG0,R27N6D9QGKDDY2,R38PPB7S465YMD",318,1731,4.327044025157233,31,0.04059040590405904,4,0,0.03755054881571346,0.5786163522012578,0.42138364779874216,0,1731,4.2,1,4.2,0.0,1731.0,0.0,0.0,0.0,0.0,0
B0B2CPVXHX,"R1FUZJ0GWDCLUS,R3VJ1YSW5XZI0D,R2659C1LEZY2BE,R2SCWNAAVSIAY,RUV07628Q4D75,RZ10G9SIHUWRY,R1I8JVDSJD2ODS,R3NGRQVZQY9RYR",135,766,4.592592592592593,9,0.035541195476575124,1,0,0.033942558746736295,0.6592592592592592,0.34074074074074073,0,766,4.1,1,4.1,0.0,766.0,0.0,0.0,0.0,0.0,0
B08XNL93PL,"R174KRUPEU2G7V,RW2VQKGRRIM41,R3PCJMP1XTXVUP,R1Z8IGSA8ZO3WN,RE91TY7MTPBCX,R3AW009ZNTYU8I,RQI0L92ZT0TOP,RG9LN7755H1GQ",348,1881,4.324712643678161,16,0.02348993288590604,0,0,0.023923444976076555,0.5344827586206896,0.46551724137931033,0,1881,4.3,1,4.3,0.0,1881.0,0.0,0.0,0.0,0.0,0
B088GXTJM3,"R1KOODMSYFQFQK,R1WX5RVYVOE2Z8,RU34IVNRBGN2X,R115NGNFV75VQZ,R2IELMO4REP9U3,R2CGUT8QR29GBL,RP30K2QKPN7RL,R2527FDBEJ54SC",142,836,4.795774647887324,11,0.039705882352941174,0,0,0.034688995215311005,0.6197183098591549,0.38028169014084506,0,836,4.3,1,4.3,0.0,836.0,0.0,0.0,0.0,0.0,0
B099S26HWG,"R3I568NWPF5187,R19KS9NAHZME09,R384JBLG7VAYNP,R3T6PJ40WKL2M2,R2HOVG7RABKNQ7,R2PVJY6ZKTLSAS,R2PIAZDEUTARUA,R8S61DB3WGBVT",49,278,4.571428571428571,6,0.1050228310502283,0,0,0.10431654676258993,0.6530612244897959,0.3469387755102041,1,278,4.2,1,4.2,0.0,278.0,0.0,0.0,0.0,0.0,0
B08461VC1Z,"R21X3T7OXJDYF5,RFZ7PECSOYOD0,RCNWHX6JCJZ24,R13B46MR7D4UW6,R2WIO7GRU4X1VE,R15WY8KFOZPEO0,R1GZSDMDXLI6UA,R2GSFMREX0SZF0",298,1564,4.167785234899329,24,0.030595813204508857,1,0,0.028132992327365727,0.49328859060402686,0.5067114093959731,1,1564,4.5,1,4.5,0.0,1564.0,0.0,0.0,0.0,0.0,0
B00K32PEW4,"R1JB53IQ0AXIHW,RPKOAVSXXPSKU,R3AIW6ZYB8OS8W,R1FANNDP3KWHH8,R2ESITUL5GM8WX,R39Y7SUMSOWEBW,R6EAH6XUMX4SX,RXPO6LV61TV1T",55,361,5.472727272727273,5,0.07023411371237458,0,0,0.055401662049861494,0.6545454545454545,0.34545454545454546,1,361,4.4,1,4.4,0.0,361.0,0.0,0.0,0.0,0.0,0
B09F9YQQ7B,"R3CR9H6ABJ4Q4O,R2S5VBYYN51ELA,R1U0718A15KBBU,R9YRKNJ667H1E,RAWMG4UI4CZD3,R877Y6K5MW32G,RC458V57ETXDN,R2VOHT3T6361C5",274,1359,3.8394160583941606,24,0.06570048309178744,0,0,0.03899926416482708,0.5072992700729927,0.4927007299270073,0,1359,4.2,2,4.2,0.0,1359.0,1.0000000000000007,1.0000000000000007,1.0,0.0,0
B07LFWP97N,"R306AT7RAPPB4F,R13JZJWRO3P3CG,R14BZPIXU4V009,R2OJGM7XU1KK02,R32XRJ1D68UAD7,R3681SST4J2Y3Q,R12QP5JRRTJNES,R1APJCJMBLJK5J",172,884,4.058139534883721,15,0.10014513788098693,0,0,0.042986425339366516,0.5523255813953488,0.4476744186046512,0,884,4.1,1,4.1,0.0,884.0,0.0,0.0,0.0,0.0,0
B0746N6WML,"R37OWPWWYU7L3G,R2AQ3J8DYODY55,RA0RPO7G5XXOL,R1FPO08RUBD4EV,RY9JUX3BONIOX,R39E5IAGZK66QW,R28QG0162ONGDW,R1BZN1SP6YIRH2",70,341,3.842857142857143,3,0.08614232209737828,0,0,0.05571847507331378,0.6857142857142857,0.3142857142857143,0,341,4.3,1,4.3,0.0,341.0,0.0,0.0,0.0,0.0,0
B07W9KYT62,"RS0YPV8CGGS8R,R3LR647NBSDMCU,R3INDETNPWMHWX,R2N03PA780KAJD,R1I4DIVJ3IZNGG,R3LGQPRXIGK0OZ,R9H7E21WJPRKL,R662AI3F4SL2W",1078,6039,4.368274582560296,71,0.07233391608391608,0,0,0.04785560523265441,0.38404452690166974,0.6159554730983302,0,6039,4.4,1,4.4,0.0,6039.0,0.0,0.0,0.0,0.0,0
B0B5ZF3NRK,"R27HJ954EMEOQK,R2EPGPZGPWXR4I,R1KUXERHI948E7,R1YRGKI6652QR,R3DCUTJ6CQCASZ,R11TECZ2LD0OKP,R276HYHWQ5B09O,R2HOVRWP63K3OL",117,629,4.188034188034188,14,0.07959183673469387,0,0,0.04769475357710652,0.5470085470085471,0.452991452991453,0,629,4.1,2,4.1,0.0,629.0,1.0,1.0,1.0,0.0,0
B08D9MNH4B,"R36ZW65JOPFS8L,RAEGRKQ26HAKB,R3U1GKVTCQ21OO,RAHRN3DS37LUC,R176NMLL4UKOG4,R1OZH39239I73K,RS9AG75KQ5ZWV,RSG6CEI9TVLPB",310,1628,4.167741935483871,21,0.030350194552529183,1,0,0.030712530712530713,0.5709677419354838,0.4290322580645161,0,1628,3.6,1,3.6,0.0,1628.0,0.0,0.0,0.0,0.0,0
B078G6ZF5Z,"R1DSLJ58BW45MG,RZF2IS7TK6MF4,RLAJSE9228SAA,RHZFWFPW57PEH,R5V3SEBXEYTV9,R3QW79LOKH6EDA,R15LLZLNGUHHTJ,R2NS5ZCYJFF5KE",186,989,4.150537634408602,21,0.077733860342556,0,0,0.0525783619817998,0.5967741935483871,0.4032258064516129,2,989,4.0,2,4.0,0.0,989.0,1.0000000000000056,1.0000000000000056,1.0,0.0,0
B09MKG4ZCM,"R1LQVBM4K06W5S,R2JOL8YUJPQPHV,R4GYZF4RHILFG,R1N31UERSTNV5O,R2MUNSVDTDZEWJ,R1KOFVG8EPNCLM,R2COFUCWX7JY7G,RFCY28Q2RJYLY",149,818,4.395973154362416,10,0.0696594427244582,0,0,0.03300733496332518,0.6644295302013423,0.33557046979865773,0,818,4.0,1,4.0,0.0,818.0,0.0,0.0,0.0,0.0,0
B07RZZ1QSW,"R3URKY34C3O6C6,R2SMDSG8MX72UY,RH36PLQFRREG5,R50KZDO2KFBYT,R2XL28KE1P2MKO,R3DA5G1OV59TGX,RSFTU5X4MU4K0,R33V9MXUFMY7S8",203,1046,4.014778325123153,18,0.05962732919254658,2,0,0.040152963671128104,0.5665024630541872,0.43349753694581283,1,1046,4.4,1,4.4,0.0,1046.0,0.0,0.0,0.0,0.0,0
B08BCKN299,"RO163Q6WRVSZZ,R28DMP1E79OWIH,R2FJI6OH7CFVRL,R1CHL5MG2PHSFJ,R2T11MDTCMZ8IQ,RV544Y0ARIS17,ROHRC9ZCY3ZKI,R28O9QSWHZF2KK",326,1782,4.355828220858895,24,0.050143266475644696,1,0,0.03872053872053872,0.50920245398773,0.49079754601226994,1,1782,3.9,2,3.9,0.0,1770.0,0.9939906698192639,0.9939906698192639,1.0,0.0,0
B07222HQKP,"R14SXAZCRPQZNK,RA7ZKRJ46E457,R311BANNTQSXO1,RFEQZHNT7QDV3,R12TLXBNBGY3Y7,R31NPLPBEHHJVO,R1T99LYGHCHHML,RIW7K2PKLTNVA",276,1448,4.141304347826087,22,0.05319148936170213,1,0,0.034530386740331494,0.5398550724637681,0.4601449275362319,1,1448,4.3,1,4.3,0.0,1448.0,0.0,0.0,0.0,0.0,0
B00NFD0ETQ,"R2W6BKEVXNT3N,R1W63TB4MX8482,R28EZ6Q89SHMHD,R1D7A93DR9F1F8,R3GZGLWVKTBWY0,R1VY2XWEWPHWWO,R2I50QOEBLLIHS,R2U71462QVBEYX",440,2320,4.156818181818182,27,0.04467733039161611,0,1,0.03620689655172414,0.5159090909090909,0.48409090909090907,1,2320,4.6,1,4.6,0.0,2320.0,0.0,0.0,0.0,0.0,0
B075DB1F13,"R1JNM12EEHAKDU,R3D30LR1EYBE2P,R30L9O9HJ5UAK7,R3QZUREJQF2YLA,R3MY5QLMJHTG5E,RBTESL54NFQBN,R3S8IJGRFFCKTT,R14K1I1T1JA1QO",157,926,4.802547770700637,10,0.0427807486631016,0,0,0.035637149028077755,0.6369426751592356,0.3630573248407643,0,926,4.4,1,4.4,0.0,926.0,0.0,0.0,0.0,0.0,0
B0148NPH9I,"R26QIZZV7XHNIM,R1GG4OCTVMJ08P,R17YPP58KBZRVP,R2KAS4LGHND8IP,R1R2V16C9M5EE5,R3JFQAZ34O319C,R24Z5Y8NGE1CA4,R3QQUAIJT1HNL4",1151,6209,4.306689834926151,63,0.028386050283860504,1,0,0.02270897084876792,0.3953084274543875,0.6046915725456126,0,6209,4.5,1,4.5,0.0,6209.0,0.0,0.0,0.0,0.0,0
B01JOFKL0A,"R113XKB6ZAUQF,R2SOXALV4NB8GQ,RONEN38QVS6OD,R1SSASOUEVFGI9,R3NJ4S4NF2MA16,RCNZVZSXG9YK0,RAN94F4HUX984,R2PCQJOKH6H8MK",586,3130,4.21160409556314,47,0.04158089748867847,0,1,0.03610223642172524,0.4641638225255973,0.5358361774744027,0,3130,3.9,1,3.9,0.0,3130.0,0.0,0.0,0.0,0.0,0
B09Q8HMKZX,"R1LG3XV2XYCQQB,RPVNHPEU1HG9F,R1MD4LW015PP00,R5RCZRA2XSJVU,R1TPVT7TXNNW2,R1GYI0Y69RU13,R3S5U7BJ1KTKAU,R3F02OAHFU646V",208,1202,4.663461538461538,16,0.03850156087408949,0,0,0.029118136439267885,0.5913461538461539,0.40865384615384615,1,1202,4.1,2,4.1,0.0,1202.0,0.9999999999999993,0.9999999999999993,1.0,0.0,0
B079S811J3,"RNAHH2L1RS339,R25LKZL3WI5EYS,R1KYR1BYKCW4XR,R1Z2TE2D9DSTWJ,R3D1T07CPJPZ8M,RN0DG3MRTSSP6,RLK0Q8WACYKMY,R2FOHIRKITGEFQ",708,3781,4.233050847457627,52,0.03579871664978048,2,0,0.02988627347262629,0.4745762711864407,0.5254237288135594,2,3781,4.3,1,4.3,0.0,3781.0,0.0,0.0,0.0,0.0,0
B0083T231O,"R1DQD1BRKH1AIO,R3ESPNPFL2XD8Z,RS64CINVRWLQ7,R38X9EM0L2O5AW,R2DB9HD4SGR8PU,R3CRC3DNW750LR,RKS4KUTPX1X5Z,RF9V415MCUOM1",149,871,4.738255033557047,15,0.048295454545454544,1,0,0.03559127439724455,0.6644295302013423,0.33557046979865773,1,871,4.5,1,4.5,0.0,871.0,0.0,0.0,0.0,0.0,0
B086PXQ2R4,"R17OSOGCSZ1TU1,R2V3IDY4X5DO07,R10YPJXXLIT9PF,R2NI83SF805SZB,R2O53KW0B4KLDY,R24235I5D6EXHG,R2ATCM75K287E3,R15Z1PSJ93SSWJ",157,878,4.414012738853503,14,0.043731778425655975,0,0,0.04669703872437358,0.6560509554140127,0.34394904458598724,0,878,4.5,1,4.5,0.0,878.0,0.0,0.0,0.0,0.0,0
B07L1N3TJX,"R268UIIQ8R8LOR,R15VZPEXXYZB7I,R3R1OIOGZG4W4C,R3EQ4KGEQ3TQLL,R2N86U6QNUP5VH,R3E30BZGJ93XEM,R3M5YID5J08Y5T,R3BE5A24UBV6J7",387,2063,4.2015503875969,29,0.036921151439299124,0,0,0.02956858943286476,0.5142118863049095,0.48578811369509045,1,2063,3.6,1,3.6,0.0,2063.0,0.0,0.0,0.0,0.0,0
B07YFWVRCM,"R1OSNR3MGFRFSP,R30DTM6QZ6M7WP,R3S13J4FS6WPSO,RLZ31DCVWX3TE,R1P3GEEP9IQDDU,R37LC3F796EB2F,R96RJS8HIVU9Y,R2RNSF4YBRGI3I",353,1995,4.589235127478753,34,0.04415422885572139,0,0,0.030576441102756893,0.56657223796034,0.43342776203966005,0,1995,4.1,1,4.1,0.0,1995.0,0.0,0.0,0.0,0.0,0
B01GGKYKQM,"R1BC08IFG4REKS,R1FJKIHIO54SOW,R3JR48W2CI480,R3JH7SHSXDT1GT,R35QWAY83WL8H6,R25N2U90N2A5AS,R19AK3DT3JOE82,R210WJI15JCSRE",147,790,4.2517006802721085,13,0.05608974358974359,4,0,0.04430379746835443,0.6666666666666666,0.3333333333333333,0,790,4.3,3,4.3,0.0,790.0,0.9999999999999999,0.9999999999999999,1.0,0.0,0
B08TDJ5BVF,"R3163MRJDEJMN7,RSQGCR6V7H766,R39PS8UO1CZS2D,R2G3S1O4BOU5BM,R2OKTDJ57O6M8M,R2Y0AL3630YZ03,R3PUTU32IYSOX0,R1NV8Q97WIK4LE",116,601,4.008620689655173,12,0.07456140350877193,0,0,0.04991680532445923,0.7068965517241379,0.29310344827586204,0,601,3.8,1,3.8,0.0,601.0,0.0,0.0,0.0,0.0,0
B09XXZXQC1,"R2BT60BZIDC986,R17KDJGM0QOT3P,R2U9CP6B4FEVBN,RJ29G3M313IFR",2210,11627,4.190497737556561,112,0.023608213462171956,1,0,0.021157650296723146,0.34796380090497736,0.6520361990950226,0,11627,4.6,1,4.6,0.0,11627.0,0.0,0.0,0.0,0.0,0
B083T5G5PM,"R69FUCBNGBRX1,R8VZ569JVM3CS",1715,10086,4.565597667638484,126,0.0789232980530511,3,0,0.04838389847313107,0.353935860058309,0.646064139941691,0,10086,4.1,1,4.1,0.0,10086.0,0.0,0.0,0.0,0.0,0
B0BHVPTM2C,"RLHRP9RFNLBWY,R2C5QG39XNO5MS,R18G29NPVIGLWJ,RX6C2AZO7L6A3,R17FIVZES7T2LX,R2KKPSW7W1WW38,R322DDJFFCLA2H,RHR04GI4R2ULD",120,678,4.525,12,0.040968342644320296,0,0,0.05014749262536873,0.6,0.4,2,678,4.0,1,4.0,0.0,678.0,0.0,0.0,0.0,0.0,0
B0B86CDHL1,"RDFETF8YFDP96,R3604ERFM30Q4D,R1CB3GDRVBHAIG,R29H4558OA57RW,R2C4V03DG7EDWE,R20CNK6VJGER17,RXZLH38FGBU9K,R3E6TE6HH92GC3",324,1766,4.305555555555555,28,0.052478134110787174,1,0,0.0464326160815402,0.5493827160493827,0.4506172839506173,2,1766,4.5,2,4.5,0.0,1754.0,0.9923344106650224,0.9923344106650224,1.0,0.0,0
B01NBX5RSB,"R1TJKL76C0W8AT,RI1F2WGK4HN7I,RC05PR7RHAM9E,R1LKX7E6XKVV27,R2FOPD4PXWCP5N,R2URWEN1QK21IU,R37JHQEP9ROA6N,R3DE3ZEHY39HOR",57,334,4.7368421052631575,6,0.06870229007633588,0,0,0.06287425149700598,0.7017543859649122,0.2982456140350877,1,334,4.3,1,4.3,0.0,334.0,0.0,0.0,0.0,0.0,0
B08MWJTST6,"R3GUXZHJQIMMGG,R27GLD21LM330R,R1QKCIUA11Q764,R1H8WXNDG50VLO,R3UCW7IYN6BWZ3,R5ADY24AITSUM,R9FF9TS3M8P92,R20I0S1U3RR780",224,1179,4.129464285714286,15,0.024017467248908297,1,0,0.04410517387616624,0.6116071428571429,0.38839285714285715,0,1179,4.0,1,4.0,0.0,1179.0,0.0,0.0,0.0,0.0,0
B07R99NBVB,"R3L1T1SL8IC3UH,R250EC6F25GMQ2,R394W20XOQRZP5,R2QGR6SJBD2P9Z,R186IO80N0J27F,R87MN20OCTGUO,R371GCMZMTM6ZS,R2ELNQ06PADW2K",342,1835,4.245614035087719,21,0.035318559556786706,0,0,0.03160762942779292,0.5292397660818714,0.47076023391812866,0,1835,4.5,1,4.5,0.0,1835.0,0.0,0.0,0.0,0.0,0
B08R69VDHT,"R2VUNGNI96EEJ7,R2JGNI2T5LVFRQ,R9ISXRV6DA0OY,RZFW11UFTCBVH,R1WGHB13Q2OLYA,R11ETJ640KDIRW,R2IA54QBAYAGND,R23Y3AD6E6GE9N",173,935,4.294797687861272,19,0.028688524590163935,2,0,0.038502673796791446,0.6647398843930635,0.3352601156069364,0,935,4.0,3,4.0,0.0,935.0,0.9999999999999997,0.9999999999999997,1.0,0.0,0
B00LY12TH6,"R1XLI27TRADFPX,R7BJF3442UAD5,R3G24OOLVH7NPF,R12IKB9O73E02,R2ACTXOL3JK11B,R1TI7GK9XO06OA,R1AP03CT7J9XZY,R1DYZ7SHA1FWJ0",161,879,4.366459627329193,12,0.048034934497816595,0,0,0.05233219567690557,0.6894409937888198,0.3105590062111801,1,879,4.5,1,4.5,0.0,879.0,0.0,0.0,0.0,0.0,0
B09RWZRCP1,"RMEKYV7XWTWKV,R1PYVXH6MGUQLU,R3FUT08S34HBHW,R2X57Q7030Q9DG,REPXGC5R2LG85,R399JBQZ8JKDKC,R1N2RQSGT02EZJ,R1NGVE16U4ZUIR",505,2636,4.140594059405941,21,0.026328620185275476,3,0,0.024279210925644917,0.43366336633663366,0.5663366336633663,0,2636,4.1,2,4.1,0.0,2636.0,0.9999999999999998,0.9999999999999998,1.0,0.0,0
B08497Z1MQ,"R1YFWBTKE811UK,R7JA1V7MRECMB,R21GDLJZA5TI9W,R1O4EEFOQBZ0JO,R15B7E5SEJPSZC,R197ZA6SKUG991,R3ND0LPTOXRICR,R2NAFIJTOX2QVU",127,718,4.464566929133858,9,0.03527336860670194,0,0,0.0403899721448468,0.6614173228346457,0.33858267716535434,0,718,4.3,1,4.3,0.0,718.0,0.0,0.0,0.0,0.0,0
B07KNM95JK,"R367C8BV6Z0S2R,R9M1ZHBVREOSZ,R1B2QSKDQHE9QB,R1Q0759SBMZ8Q0,R3TSRA5SXC5XJ9,R31U43BO6CMP8K,RICP1UJVB4PBJ,R1T3MQ9K7LNI8D",47,274,4.829787234042553,1,0.4266666666666667,0,0,0.05474452554744526,0.6382978723404256,0.3617021276595745,0,274,4.1,1,4.1,0.0,274.0,0.0,0.0,0.0,0.0,0
B09Q3M3WLJ,"R2I07NZ3TO67ZS,R1TFPBGO0PT14P,R7XWY4BKE5UP3,R2O91G56I5D5YG,R2AXSATZZSSY51,R1V45KR4JDINGH,R28IIWM1MJ40FD,R1T583O5CK7Y4T",154,883,4.636363636363637,11,0.04231311706629055,0,0,0.039637599093997736,0.6623376623376623,0.33766233766233766,0,883,4.0,1,4.0,0.0,883.0,0.0,0.0,0.0,0.0,0
B09B9SPC7F,"R2HI3320WX2KM4,R10IFN992C8DZK,RCUB5N7M7W4XM,R3PSGENDBUUIVP,RJ60KRLZG27ON,RV54JVI6BCMEA,R1FU3HL7CR7VVB,R23MCK9MV2XQ7W",116,670,4.663793103448276,8,0.04990757855822551,1,0,0.041791044776119404,0.603448275862069,0.39655172413793105,0,670,4.1,1,4.1,0.0,670.0,0.0,0.0,0.0,0.0,0
B09CMP1SC8,"R37D7HJR4MR520,RPXR67LNCQALE,R1K9WE1GDB2PP0,R34PZ2AX727RPD,R2HALNEM14EW7P,R3D6EV6X38WU4Q,R2NCR8UX28VRH4,R3PTXRLR7MPN25",294,1562,4.122448979591836,22,0.043153526970954356,0,0,0.0441741357234315,0.4965986394557823,0.5034013605442177,0,1562,4.1,3,4.1,0.0,1562.0,0.9999999999999999,0.9999999999999999,1.0,0.0,0
B099SD8PRP,"R27KFK4I73JLFE,R8V781K3EEXOA,R1MJD5E998G25Q,RNPXYD8APOUDV,R1C5WKDF78NSE7,R1T6TU1EH6B8FD,RATCMF628XERW,R1ICHIF70ULN6O",122,630,4.057377049180328,8,0.054878048780487805,0,0,0.044444444444444446,0.6065573770491803,0.39344262295081966,2,630,4.4,1,4.4,0.0,630.0,0.0,0.0,0.0,0.0,0
B09YLXYP7Y,"R8QBCR9MM1LGY,R3VN8XDH215N7I,R341EQRY87EZP,R3HHTVIHY2U1FO,RNA87JCGRTQJU,RZ12R7OYYP0KX,R2GZZ3WYE0JJYA,RHE3HXKSONROE",87,487,4.367816091954023,10,0.08423913043478261,2,0,0.061601642710472276,0.5172413793103449,0.4827586206896552,0,487,4.0,3,4.0,0.0,487.0,1.0000000000000002,1.0000000000000002,1.0,0.0,0
B00S2SEV7K,"R1QL22IXTM3HYM,R2BCCQQCMW4X56,R8MW9P91PIMJ3,R1IR8LR4A6GBLG,RO0DFX54L3NCC,R1KTHYCCXHUBFI,R19DP6TCU06P4W,R30Y585J7G8SHZ",386,1985,4.041450777202073,17,0.02574002574002574,0,0,0.02871536523929471,0.5699481865284974,0.43005181347150256,1,1985,4.1,1,4.1,0.0,1985.0,0.0,0.0,0.0,0.0,0
B08WKCTFF3,"R2QMH49QWXWXD5,RZE6PGLAOZVVT,R1PHM7L7T8WXRZ,RL0X3ZRIGX4DE,R1XNTF1614VIVX,R32J5M2PXSRPZ9,R3BK8L5F69OOGH,R2QI0ODM6RBGCL",263,1368,4.095057034220532,18,0.02692664809656453,1,0,0.035818713450292396,0.4790874524714829,0.5209125475285171,2,1368,4.4,1,4.4,0.0,1368.0,0.0,0.0,0.0,0.0,0
B08498D67S,"R3TXEYX89U440E,R3IK34WOY8BHL6,R3QGSGJ6K6D8R9,R2G3VN5XLQYOVV,R1N6IARF74XEVV,R37LARJ1BGF0R1,R156J5Q0HIXPHD,R2QGF4PD8AJCSS",349,1909,4.343839541547278,28,0.05112881806108898,4,0,0.03823991618648507,0.5329512893982808,0.4670487106017192,0,1909,4.3,1,4.3,0.0,1909.0,0.0,0.0,0.0,0.0,0
B00C3GBCIS,"R29R1TCYOAWFAX,RIIZL921VLEN2,R3H6WPGK1I39B6,R2QHCEASALRHYF,RQ1YOGR9ENQ0S,R218PBX172UQIP,RRQXXW3ICBFQF,ROR9XQ354KNW2",167,901,4.299401197604791,13,0.028409090909090908,0,0,0.03440621531631521,0.6287425149700598,0.3712574850299401,0,901,4.2,1,4.2,0.0,901.0,0.0,0.0,0.0,0.0,0
B00URH5E34,"R1NAJ7CT76Z9SF,R17L9205IYOD,R2GAKH6NBQPCFV,R12VH0YMA85Z6G,R241P9DGAUL3DX,R3GYBSPX62MJ3L,R2YP7C5YQJME2G,R2HJ98L0OHC1I4",97,531,4.319587628865979,12,0.08888888888888889,0,0,0.08662900188323917,0.5876288659793815,0.41237113402061853,0,531,3.6,1,3.6,0.0,531.0,0.0,0.0,0.0,0.0,0
B00EYW1U68,"R1UJCPI3A1IO62,R2PYJXSSG9BFTD,R16SXX1OBUEAMB,R4TFLMVQ5UVRJ,R8DMW17GQ6AOQ,R2Z1QU2RURR98B,R1FYTHP32JRK5P,RY5MNH5OG5MSW",497,2676,4.2434607645875255,33,0.03667953667953668,1,0,0.035127055306427506,0.44668008048289737,0.5533199195171026,0,2676,4.2,1,4.2,0.0,2676.0,0.0,0.0,0.0,0.0,0
B08SMJT55F,"RLXE2MCKLCYMB,R39DFUZXNDFQ4,R30U7W2G83AI48,R2XV70VLS1FAG4,R2J9MLKK77OS34,R26A2586S9NYG2,R3MYYL9O8BO3GS,R1MGSYIMCSNMTO",335,1754,4.119402985074627,23,0.04664723032069971,2,0,0.03477765108323831,0.5253731343283582,0.4746268656716418,1,1754,4.2,1,4.2,0.0,1754.0,0.0,0.0,0.0,0.0,0
B0B2DJDCPX,"R2LX1M52C4KNJA,R2BXIXVBJUUUEC,R19EYLO6N0AKLG,R2PGJZAQVR5XQE,R20A9E5E100YPR,RTSX75DFGY3VC,R1WGYKGMT7EHPY,R1ZXKR6UFH5VNW",83,485,4.72289156626506,4,0.04846938775510204,0,0,0.04329896907216495,0.5783132530120482,0.42168674698795183,1,485,3.9,2,3.9,0.0,485.0,1.0,1.0,1.0,0.0,0
B08Y7MXFMK,"RK1D5GNVFWW81,R1J8O3B5JA0UAZ,R2MSW0Q2BS0Y0P,RSN8DME4CMZOS,R2FWC32CELK3AN,R1S08DNN0E78R7,R1ASEJB3TZPPVG,R1X9I04FF3QE0A",412,2283,4.405339805825243,31,0.04095185390149419,1,0,0.03504161191414805,0.49029126213592233,0.5097087378640777,0,2283,4.2,1,4.2,0.0,2283.0,0.0,0.0,0.0,0.0,0
B086Q3QMFS,"RSVV6T480YK7W,R22DHM4LC4189N,RS51GZQV4URIF,R3KIJ4STUFAA1,R3VBGTOFWPE9OQ,R34NVGOBJPJX6D,R20XKKJEEML1C9,R8EZGLNJWYUI0",86,500,4.662790697674419,6,0.05357142857142857,0,0,0.054,0.6744186046511628,0.32558139534883723,0,500,4.5,1,4.5,0.0,500.0,0.0,0.0,0.0,0.0,0
B08498H13H,"R3I9XKM92J6MPP,R3LL7D9XJ1KM17,RYLP8P4MU9IXE,R33MZE2UWBBE68,R1R07DE8BH5DW4,RR4IXFU8KX870,R32JIC0LIX3QC8,R33RK3EZHCIJ1U",350,1849,4.188571428571429,19,0.042105263157894736,0,0,0.02650081124932396,0.4942857142857143,0.5057142857142857,1,1849,4.3,1,4.3,0.0,1849.0,0.0,0.0,0.0,0.0,0
B07LFQLKFZ,"R2CZ99K13VTGRS,R34J3428JVACPO,R2F41WQEBTUTFF,RD1MU2VG6M6UQ,R1SIJVA8560EVD,R21LU3V1GD14WH,R2F33G5FCPMU0I,R3BJSYU0KEIL4K",133,648,3.7142857142857144,5,0.04285714285714286,0,0,0.037037037037037035,0.556390977443609,0.44360902255639095,0,648,4.2,1,4.2,0.0,648.0,0.0,0.0,0.0,0.0,0
B00LY17RHI,"R1KPESOANRAUT2,R2765UCQGUXR8Z,R1MIY4MLC7OEMH,R13HF7067D65NX,R2GFTD22MUWJXJ,R22XIU2YN41JLY,R3Q3101C0DYUP7,R3V7O33VH25ONB",1887,9985,4.114997350291468,161,0.06663216457497735,4,1,0.034952428642964446,0.3153153153153153,0.6846846846846847,0,9985,4.1,1,4.1,0.0,9985.0,0.0,0.0,0.0,0.0,1
B07W14CHV8,"R15FTQ3OTL54HG,R5WNQOBU27J2R,R30NWHS9ZD2AZJ,R3MZE0LEVB688M,R8HUCZYM2F8UJ,R3NK0HFG8JUGIP,R3MEDM094JOZHW,R8TG7TKO28ONS",176,1026,4.681818181818182,9,0.06723716381418093,0,0,0.042884990253411304,0.6704545454545454,0.32954545454545453,0,1026,4.1,1,4.1,0.0,1026.0,0.0,0.0,0.0,0.0,0
B0B9BXKBC7,"R2MI4KSWYUEMDR,R2MNYKDL2UII1M,R2C6TUBM6IVLB0,R3VJF3LZ7XK3WV,R351DYT9RZYVC0,R2127U989S6ZZU,R29GQ8L9MVSU6H,R2H35ITTKGQLBH",242,1320,4.330578512396694,19,0.10707456978967496,3,1,0.035606060606060606,0.6239669421487604,0.3760330578512397,2,1320,4.6,2,4.6,0.0,1320.0,1.0000000000000002,1.0000000000000002,1.0,0.0,0
B09F5Z694W,"R323N508KO5VMR,R1C2X37S59TO4B,R25UIJAM26JMGL,R3B7Y8E7QNUYOP,R1PH3YZVBU4KKT,R2WLFM05B2CXXU,R3DCHC8ODVBGAP,R36UJ8EW67NBJ8",1033,5668,4.360116166505325,64,0.023439260761775976,0,0,0.030698659139026113,0.4259438528557599,0.57405614714424,0,5668,3.8,1,3.8,0.0,5668.0,0.0,0.0,0.0,0.0,0
B0B25LQQPC,"R2ZRD154AT00TN,R3L76N34IVRAX6,R12UEJEYKOVC8X,R3GAOZKSESNEO4,R2DFA3EK07XPQO,R11GWINZ2PW06X,R19LZZQS4ZQGQ6,R2SH0PV3XYF4NG",484,2632,4.2727272727272725,26,0.05276013678553981,0,1,0.041033434650455926,0.5144628099173554,0.4855371900826446,0,2632,4.3,1,4.3,0.0,2632.0,0.0,0.0,0.0,0.0,0
B07GVGTSLN,"R10365HEDURWI9,R5RP542IMC4OI,RX2HFWXTTQDTS,R2636VYPMOZV9,RW2Z2YM3K8UV5,RVNGA0FEAXYHI,R2K7MABWMAQE26,R33YS4PO3JWU23",201,1127,4.477611940298507,13,0.054748603351955305,1,0,0.03371783496007098,0.5771144278606966,0.4228855721393035,0,1127,4.2,2,4.2,0.0,1127.0,1.0,1.0,1.0,0.0,0
B01LYLJ99X,"RHINAF5XZTNSB,R2MV5SCZODNS7N,R29OYK770YQY7B,R2Z7DBSSRDF206,R2OXL4LSDBE7OC,R26JU6NE3CKF6P,R1G19TM00P58C,R1BI8J8CW8LH64",107,587,4.308411214953271,12,0.057649667405764965,1,0,0.06473594548551959,0.7383177570093458,0.2616822429906542,0,587,4.2,1,4.2,0.0,587.0,0.0,0.0,0.0,0.0,0
B014SZPBM4,"R1RXFMVZ8EKN3Q,R2YX4PL3F59OHC,RUDJ9ISAQDD3B,R308RAFFO7RANL,R2AV85XOQ7KR6O,R1ZFK8N1J8X6BY,R18VD7VF8AEMCV,R35JPXHI3F33IB",155,848,4.367741935483871,14,0.06202723146747353,0,0,0.05188679245283019,0.6645161290322581,0.33548387096774196,0,848,4.4,1,4.4,0.0,848.0,0.0,0.0,0.0,0.0,0
B08CZHGHKH,"RXZ81N4MLYOJV,RSP3LVQQTLFHS,R2UXGNDYUTV459,R28D154XP60HC3,R2JGEMVYSCKSMJ,RTYO6OF7GIUIT,R1VM0YRY453I9F,R380AS2WJQL3HN",191,996,4.0732984293193715,19,0.05921052631578947,0,0,0.060240963855421686,0.675392670157068,0.32460732984293195,0,996,3.9,1,3.9,0.0,996.0,0.0,0.0,0.0,0.0,0
B0B2RBP83P,"R2WGS6Q7F9F4Y5,R1VS2WU12H9Z2C,RMPKJJKZC848Y,R4AMYK7Z8U971,R2RU2H3FY7R8JW,R2BQB4B9QNZ12P,R1B7GP3CDJYWX3,R1XRDM19EARF9P",338,1883,4.381656804733728,37,0.053461274845784786,0,0,0.0403611258629846,0.5650887573964497,0.4349112426035503,1,1883,4.0,1,4.0,0.0,1883.0,0.0,0.0,0.0,0.0,0
B078W65FJ7,"R1ENIO169KEJPW,R1V9WVGGU6G0SZ,R1CS1EB6REPXU6,R124CFJ8HVQXQW,R2UUTWT22U0UM4,R1NKNVVZBRBSKX,RIZ4B3XEDA5K2,R2N30KA75TRVCA",361,1913,4.227146814404432,21,0.029683377308707123,2,0,0.026659696811291166,0.4930747922437673,0.5069252077562327,0,1913,4.2,1,4.2,0.0,1913.0,0.0,0.0,0.0,0.0,0
B08S74GTBT,"R1PUDD2V2KQP06,R1LRN5EFJ0Y717,R1S7Q7UW9FO9LY,R3J9HR69Y4XKV5,RQ6P92L8AVQVW,R3L08DWQKGHDK7,R2EUWEVREWQ4SL,R1POJ3SHK8MNS0",466,2556,4.375536480686695,30,0.03741999015263417,0,0,0.023474178403755867,0.5300429184549357,0.4699570815450644,0,2556,3.7,1,3.7,0.0,2556.0,0.0,0.0,0.0,0.0,0
B0B9BD2YL4,"R1HOV97NOJFX4W,R3BIRU7WH404ND,RAU26U2KP1OQH,R15BZZ2VBVMJ4V,R29G5QZ1EZB3KF,R3UFXXP9B7DVUJ,R1RVSNGA4SCXX4,R2HT0UTCAOMW1J",344,1875,4.305232558139535,16,0.03192934782608696,0,0,0.025066666666666668,0.5406976744186046,0.45930232558139533,2,1875,4.5,2,4.5,0.0,1875.0,1.0000000000000089,1.0000000000000089,1.0,0.0,0
B0BMXMLSMM,"R14ZOPYFHOYYRQ,R1GQH74NUCJZZ7,R1BNWIYBRSI1Z6,R347KU67LE6JEH,RMGA8IGV2WQDX,R2782FIPC5T4KM,R220M468LVHIE1,RA1PNAU355MLG",196,1092,4.489795918367347,11,0.03784403669724771,0,0,0.03205128205128205,0.5408163265306123,0.45918367346938777,1,1092,4.5,2,4.5,0.0,1092.0,1.0000000000000009,1.0000000000000009,1.0,0.0,0
B0141EZMAI,"R3AZDEK3MQA3RA,RXF3HCCBWV0VB,R6CVYFDUXBS36,R1QMN1WQJIWAB7,R2MOVGGWRV4ZPE,R2Z00XYFTN4T2Y,R294UWCBOTKD8H,R3NPDCAH895UHB",113,637,4.530973451327434,4,0.03571428571428571,0,0,0.03767660910518053,0.6902654867256637,0.30973451327433627,0,637,3.6,2,3.6,0.0,637.0,1.0000000000000002,1.0000000000000002,1.0,0.0,0
B07QMRHWJD,"RTNU6RMF947TL,R2EDFUKTI01DH4,R2DXZK9Y1QZKSU,R1X0SKU3MLH5BS,R3RR7IUQGDTSNR,R2Z407G3IUP73E,R2JFEOGWTTUVMM,R3F3YRVOF923CK",230,1244,4.326086956521739,12,0.031155778894472363,0,0,0.03054662379421222,0.5521739130434783,0.44782608695652176,0,1244,4.3,1,4.3,0.0,1244.0,0.0,0.0,0.0,0.0,0
B07W7Z6DVL,"R2NQLS6I62ASDV,RIT3TAH74G3JM,R3V03S1XKJWJ4F,RTNPJ485GGG0B,R37FLGM56SKQDQ,R3LPNHIQDOG8J9,R13ZLVXBTCNIUC,R1CEC872UPQJTP",110,580,4.218181818181818,8,0.05627705627705628,0,0,0.04482758620689655,0.5727272727272728,0.42727272727272725,0,580,4.1,1,4.1,0.0,580.0,0.0,0.0,0.0,0.0,0
B07WMS7TWB,"RVSI68M0EPAVZ,ROQNJTEGAA7VN,R1YNME95M4J2H7,R17RLWB0UMGULZ,R3N9JK1RH8STLG,R30Y52H4BDOPGE,R2VJ4LI8OPJ6TJ,R9N6QZH6MI5P4",761,4066,4.1931668856767415,69,0.06794258373205742,2,2,0.03295622233152976,0.4507227332457293,0.5492772667542707,0,4066,3.9,1,3.9,0.0,4066.0,0.0,0.0,0.0,0.0,0
B00H47GVGY,"R2PFPVD7QTRJC6,RI7CEYXWJ4WUJ,R26D8KBCMOE84W,R19IYA3EBVQNHL,R28KN014376DH8,R2MRD2AYGLWP61,RXV0W64L9ITU1,R1VBNBY9DR8FJ9",88,471,4.261363636363637,7,0.04582210242587601,0,0,0.04883227176220807,0.6590909090909091,0.3409090909090909,0,471,3.6,1,3.6,0.0,471.0,0.0,0.0,0.0,0.0,0
B07VX71FZP,"R35ER803GJHN21,R28J7FISAIMQI1,R1Y9J4QQ06U3WN,R1Q08JSHK5T03E,RTTCI4WPA20T0,R1PC85VCE15LM6,R3AIUHXWWU3Y64,R2UO2UH9UCUYJ0",86,470,4.255813953488372,13,0.08192090395480225,0,0,0.0851063829787234,0.5232558139534884,0.47674418604651164,0,470,4.0,1,4.0,0.0,470.0,0.0,0.0,0.0,0.0,0
B07NCKMXVZ,"R3C4MJ8AHKD85X,R37VBDPMWP0C2Q,RW0LXEHCN4GNH,R15XRU3CK9QJH5,R3249U1QZNGT1F,R2YWR1DW9SZNN2,R3LUVGT7CIHP3C,R71B6O4PJPF1A",198,1061,4.2727272727272725,15,0.04290822407628129,0,0,0.04147031102733271,0.5757575757575758,0.42424242424242425,1,1061,4.1,1,4.1,0.0,1061.0,0.0,0.0,0.0,0.0,0
B0B61DSF17,"R3RYMJ2WU0SE6K,R227GDWBCUSPRB,R286TLT09XAP0T,RIM7DE0ZQWVZC,R25KRHUD4YX0FP,R213I1AK7MT44H,R7MF48JTCLE3I,R35SELFZYYMUZP",103,572,4.41747572815534,7,0.05518763796909492,0,0,0.043706293706293704,0.6116504854368932,0.3883495145631068,0,572,3.7,1,3.7,0.0,572.0,0.0,0.0,0.0,0.0,0
B07VQGVL68,"R2EGEMPWBI2FRM,RVKAO44KF8EF2,RI96NGZIWTIRY,R3P7QO38TZ591S,R1S48QX02VP0F8,RHPAZK9629WGB,R2FCIF9RYZF42Z,R1PDWR0TBE0Y7C",104,565,4.355769230769231,8,0.04,0,0,0.04070796460176991,0.625,0.375,0,565,3.9,1,3.9,0.0,565.0,0.0,0.0,0.0,0.0,0
B01LWYDEQ7,"R284SZGRNQQXYS,R3O2GOW05S3YSF,R28FXK3KNQP51T,R10HDAKYPSY8DY,RRHPL4BMSGAYI,R36VHNVQVB9LZQ,RM8OH7G4FEYF2,R281F6NM4QUQ2K",157,821,4.10828025477707,7,0.03271028037383177,1,0,0.0389768574908648,0.5987261146496815,0.4012738853503185,0,821,4.1,1,4.1,0.0,821.0,0.0,0.0,0.0,0.0,0
B07VNFP3C2,"R3QP7PGD3SMG5I,R3ANC3TLK8732Y,RE9NKZ6CH2C3S,R2KGRD3G11ZE61,R38DXL79EKGXCA,R3MFG4MODO6DW6,R1X00FRQGJ1J7M,R1SX47T0QOY50H",249,1406,4.518072289156627,16,0.032114183764495985,0,0,0.031294452347083924,0.6305220883534136,0.36947791164658633,1,1406,3.9,1,3.9,0.0,1406.0,0.0,0.0,0.0,0.0,0
B00LUGTJGO,"R2556DFD2ZXACT,RT20S82LT3HZF,R5PBZ2AGECCNG,R1XSSAS2EQFOVQ,R2HJ4MWS6TL6WQ,RVBQL14APCWFY,R2WCBDYBF6XI7R,R9MK42KRU62FP",77,407,4.220779220779221,7,0.07278481012658228,0,0,0.08353808353808354,0.7142857142857143,0.2857142857142857,0,407,3.9,1,3.9,0.0,407.0,0.0,0.0,0.0,0.0,0
B01MQZ7J8K,"R2HZ5T2XT2798Y,R28I6WAWTMIYM4,R3EU822EF5KFY,RAKJKLDU074QU,RS7UBBKWLI55Z,R27KBQUHQTGHED,R3F2RL6ZJQTR56,RZF02EKCFFWGK",86,509,4.72093023255814,10,0.05925925925925926,0,0,0.0550098231827112,0.7441860465116279,0.2558139534883721,0,509,3.9,1,3.9,0.0,509.0,0.0,0.0,0.0,0.0,0
B01GFTEV5Y,"RRHMKA6B4XPL7,RY4GOMU0VCJ6I,R2UUJP85K7YKSM,ROS8J8LJM2XVI,RAIDTB825PVVB,R3OQN6ALK8PU16,R2UQJ0K34UMKUX,R3G0MU15OGGN78",236,1229,4.11864406779661,17,0.03205791106514995,0,0,0.03417412530512612,0.5847457627118644,0.4152542372881356,0,1229,3.8,1,3.8,0.0,1229.0,0.0,0.0,0.0,0.0,0
B00NW4UWN6,"R2OV4KZZ6XRELD,R2NCVAGOIOJ3T9,R3IT25FXKUMTLG,R11NV4VR04QD1Q,R23TFS98AJGVBP,RLO8C2QNQ5TH,R15DH1CRJ7FWKD,R35TV0FXFCYQ7I",252,1328,4.186507936507937,17,0.030389363722697058,0,0,0.029367469879518073,0.5753968253968254,0.4246031746031746,0,1328,3.8,1,3.8,0.0,1328.0,0.0,0.0,0.0,0.0,0
B01NCVJMKX,"R2MP2RC761IOHP,R2ZSKNB3CB2RWC,R35EVJOKZHKDLL,R2HBA84L1S9KKW,RDWMFBKOBMYGY,R2Z9AE3YXBSR2C,R30A4W4FNOBF2H,R3MS03C3MG2C7C",616,3220,4.152597402597403,48,0.023191823899371068,0,0,0.023291925465838508,0.4172077922077922,0.5827922077922078,2,3220,4.1,1,4.1,0.0,3220.0,0.0,0.0,0.0,0.0,1
B00O24PUO6,"R7PI4N37TBENX,R3I2QVDWKPGC9X,R2LQQ6C82WI6BM,R3FO563J6UPF3T,R24CIFW4SYVOYS,RU9KVASNZ0OC3,R1OQURWFW1ZVPV,R2CKGXKYTAVL1F",193,1008,4.0880829015544045,14,0.029715762273901807,0,0,0.04265873015873016,0.5492227979274611,0.45077720207253885,1,1008,4.1,1,4.1,0.0,1008.0,0.0,0.0,0.0,0.0,0
B07GXPDLYQ,"RC4P64ZDVMZCM,R36FWR9CD7IDB9,RZIKHTHHFH1HV,R1TGDKQE54FA2J,RW5C887MDJQZV,R13SM3HJNFXCUQ,R28PNX6EWUIWHL,R28EVOHYE4S212",175,929,4.194285714285714,15,0.02997275204359673,2,0,0.03767491926803014,0.5542857142857143,0.44571428571428573,0,929,3.3,1,3.3,0.0,929.0,0.0,0.0,0.0,0.0,0
B01C8P29N0,"RN09522VLQZIP,RCXEZXWETXG3,R3NJ39MOXXHP2D,R350NLPEFNPHPG,R1P56R44Z4N1H6,R3PQCDKA1JZC5J,RF5IPHWYF1726,R1ABBZP8P5GKQD",152,914,4.822368421052632,12,0.051175656984785614,2,0,0.04157549234135667,0.6578947368421053,0.34210526315789475,0,914,4.2,1,4.2,0.0,914.0,0.0,0.0,0.0,0.0,0
B08KDBLMQP,"R1SSAFQAM97XHV,R131W5582A5499,RDE1ESVYI4CAI,R2RN8NCKNI5DZ4,RRQ95R1ZRK9NS,R3PJ930B4YQATF,R2V2HJSJQBW2CM,R1C7QRPXGO6AI3",172,787,3.395348837209302,8,0.039723661485319514,0,0,0.043202033036848796,0.6802325581395349,0.31976744186046513,1,787,4.0,1,4.0,0.0,787.0,0.0,0.0,0.0,0.0,0
B078JDNZJ8,"R1A8JNU8MFLA7O,R2U25KOA2BKH1Z,R2KGC42T422YER,R35EUWKBBEGRNB,R3ATDC4RIULGSV,REILW6738EJTP,R1YLD6RPVA8MU9,R2F1RVL1LCI2S",328,1914,4.713414634146342,29,0.02990897269180754,2,0,0.03239289446185998,0.5304878048780488,0.4695121951219512,0,1914,4.3,1,4.3,0.0,1914.0,0.0,0.0,0.0,0.0,0
B01M5F614J,"R352VUE5QTHFFF,R2RC6R2E0OMNQ9,RJ12UME7RFM5D,R22YTLRMKBWQM,R3BTY7HUJDNKG8,R3R812J0VVBD0A,R32X1CLMKWWKDE,R12N4I2XRPP114",296,1616,4.378378378378378,26,0.04925723221266615,0,2,0.0297029702970297,0.5608108108108109,0.4391891891891892,0,1616,4.0,1,4.0,0.0,1616.0,0.0,0.0,0.0,0.0,0
B083GKDRKR,"R28QM0P3RHPNCA,R2C7MCJCGZE9XH,RBX2T333MBFDW,RGOII6UHDBYOT,RDVZX2VNEXWBJ,RIIJNBY14TAEF,RNHUBO94L9NVZ,R2E1X7DV8KUF1D",196,1065,4.198979591836735,21,0.04151404151404151,2,0,0.05539906103286385,0.6275510204081632,0.37244897959183676,0,1065,4.5,1,4.5,0.0,1065.0,0.0,0.0,0.0,0.0,0
B097R2V1W8,"R3C9QHHIKL25X,R2GR5HNF37OK9H,R2D3UNSYPKZPEU,RWC90IUA5DUMH,RB3V1I84PKVH4,R12D2U23M2187O,R2TJFFSM0TFRTM,R22G5J4Q8W0QFW",160,891,4.48125,15,0.04486251808972504,0,0,0.052749719416386086,0.69375,0.30625,0,891,4.1,1,4.1,0.0,891.0,0.0,0.0,0.0,0.0,0
B07YR26BJ3,"R2CHW3XC8GDNT5,RFAF6MDWADF00,R23QEG8B7XCK1D,R2S0FMCLE93A6C,R3FVV3CRZDOTB4,R32B17ZRIFM6DK,R3V12FGGUVZMOD,RH6S639ZX7JLT",167,944,4.455089820359281,14,0.028225806451612902,0,0,0.048728813559322036,0.562874251497006,0.437125748502994,0,944,4.0,1,4.0,0.0,944.0,0.0,0.0,0.0,0.0,0
B097R45BH8,"R3F6A5JNIS8BKN,RJIVL7YN5KMKL,R5B8NDUDBMN6W,R23GKZFUJMY8QV,RDYVX68OZFVLI,R1LP0ND0ZDZGGH,R2TF08PD7O9XTJ,R1IDV66IOQUN6C",190,1067,4.457894736842105,16,0.07627118644067797,0,0,0.03655107778819119,0.6631578947368421,0.3368421052631579,0,1067,4.2,1,4.2,0.0,1067.0,0.0,0.0,0.0,0.0,0
B09X5C9VLK,"R13NH1L2MEEDOH,R2EJHR16R59BAG,R3HAH8XOGKHIXW,R17F67QP052I6V,R1ALQKLZ6VYQ60,R1BT7T8Z44ABYG,R2XLWIOFDI6ZSP,R2S1CVBMATHCP6",96,583,4.989583333333333,10,0.046218487394957986,0,0,0.04288164665523156,0.6979166666666666,0.3020833333333333,1,583,3.8,1,3.8,0.0,583.0,0.0,0.0,0.0,0.0,0
B01C8P29T4,"RJRMSM1RS2W29,R1FUD6WTEWE55Z,R4GY3NDK1NKOJ,R38TZP7WV0VCU6,R181U3E7BIFOGL,R2DYRVQL68LUYF,R384I01GDFXYKP,R2PHC69QRUFILG",139,771,4.388489208633094,12,0.052100840336134456,2,0,0.058365758754863814,0.60431654676259,0.39568345323741005,2,771,4.2,1,4.2,0.0,771.0,0.0,0.0,0.0,0.0,0
B00HVXS7WC,"R143O8SM7QE4W5,RQBZ31QLH40O,R3KZC4ST0RAK64,R2PVFA4RIQ1WL1,R2XIVM74HXUSEW,R1C7Q0M8AFXEVH,R3A13PH3SRI7XM,RX58FZYTDEIBU",91,490,4.153846153846154,12,0.07180851063829788,0,0,0.0673469387755102,0.6153846153846154,0.38461538461538464,0,490,4.2,1,4.2,0.0,490.0,0.0,0.0,0.0,0.0,0
B096YCN3SD,"R2QR5PM0ELMWD3,RZFX345XRS4V2,R352PKGSDAV1AW,R1ADWIR5IE7VTW,R3MBQFNM21T9KF,R1SOOON7GH1FJU,R3JFY66W19993Z,R2T4620MS8F12N",129,693,4.224806201550388,13,0.06805293005671077,0,0,0.0707070707070707,0.6046511627906976,0.3953488372093023,0,693,3.6,1,3.6,0.0,693.0,0.0,0.0,0.0,0.0,0
B09LQH3SD9,"R2OBP2X45UMKY,R1G8BV220OV6QB,RSCD0432EVS8F,R2UUNBV2RXZFTV,R19ESU0Z989JZ,R20ZKROW9KONFG,R16LDZIOWBV5AK,R2A0LOXVERHXL7",161,855,4.186335403726708,17,0.11897590361445783,1,0,0.06198830409356725,0.6894409937888198,0.3105590062111801,0,855,3.8,1,3.8,0.0,855.0,0.0,0.0,0.0,0.0,0
B09KNMLH4Y,"R27SHBAT3K3F1R,R3EMA46KP56OXK,R2D7V4YKNKCXD4,R3UHV5AN1DF5H3,RV77H2T0BJN4V,R3O7GL8KXFAPBF,R2HXBI1ECJPV3J,R2QICML7QBXEC0",223,1225,4.3408071748878925,16,0.033264033264033266,0,0,0.05142857142857143,0.5919282511210763,0.4080717488789238,1,1225,4.1,1,4.1,0.0,1225.0,0.0,0.0,0.0,0.0,0
B00ABMASXG,"RRXL16HKP2N8T,R393T7L96T42QM,R1AKC2C4ZC3TTS,R2HZAE8933X17E,R3R9U30Y3LL03Z,R3MQR2IAST1ABB,R1HZ9B0WMCF7N2,RKFAA9SRDAAR0",199,1012,3.9899497487437188,14,0.03430749682337993,0,0,0.037549407114624504,0.5477386934673367,0.45226130653266333,0,1012,4.1,1,4.1,0.0,1012.0,0.0,0.0,0.0,0.0,0
B07QDSN9V6,"R2KXEQMYGQGIP3,ROBRVYJQR5A81,R2FKC4JNAQC8XB,R3P6GI329T63NN,R14ZFU2T66RJZV,R2CV8RLRP5J7O5,R311N5TCOLN080,R1SVR7X4MBEVT",164,828,3.9451219512195124,11,0.03869969040247678,0,0,0.042270531400966184,0.5304878048780488,0.4695121951219512,1,828,4.1,1,4.1,0.0,828.0,0.0,0.0,0.0,0.0,0
B00YMJ0OI8,"R14ACX2RTXLHYX,R3J3Q72YY1P7V8,RARQJ27WIF1OJ,R2TPR12UVBF64N,R22Y8NE6V63V9O,R1VZ6UI5AM70RB,R30OIQ72ROOPO7,R25BAU2IP6DAPW",149,788,4.1879194630872485,11,0.04071661237785016,0,0,0.03934010152284264,0.6510067114093959,0.348993288590604,0,788,4.1,1,4.1,0.0,788.0,0.0,0.0,0.0,0.0,0
B0B8XNPQPN,"R12B5CYZJNMJ8U,R32EKF5FX50T0C,R3IN47V9QGF1K8,R3CL181R3N0TCN,R2ZR4F1TUAY3MT,RF70HM6O98GV9,RN4L9AGI1M35U,R3QISO0RQ0Q3Y9",292,1587,4.318493150684931,27,0.03110047846889952,1,0,0.035916824196597356,0.5753424657534246,0.4246575342465753,1,1587,4.2,1,4.2,0.0,1587.0,0.0,0.0,0.0,0.0,0
B0814P4L98,"R13P4JW3JTQ20L,R2SCPX6U0LMXGX,R3L4ND79MO2CRG,R2POE009U0A4JH,R101TILZBOMQ6F,R33U1N9CEPKMUI,R26BFL8JZYQC4F,R14BVAFCMFPDDX",87,503,4.666666666666667,13,0.06015037593984962,0,0,0.06759443339960239,0.6436781609195402,0.3563218390804598,1,503,4.0,1,4.0,0.0,503.0,0.0,0.0,0.0,0.0,0
B008QTK47Q,"R15OH35Q9GBPXD,R1TM2Y96J4GB3H,RXPI0WC1C9QAK,RH11TBBZE9F1S,R1R6QT7MSELRON,R1STE4UF85D4HE,R1AHNATNU8WZ9Q,RCOBXDIQSU3M5",3149,18850,4.61225785963798,226,0.050630266731666554,0,2,0.027639257294429707,0.30390600190536676,0.6960939980946332,0,18850,4.3,1,4.3,0.0,18850.0,0.0,0.0,0.0,0.0,0
B088ZTJT2R,"R1HLV52BSW2J74,R3TNI0JHPOWSE6,R1E17Z1ZU7IEFH,R3RT5I5JOFAPWD,R2MEOYKZYP0J2I,R2H579I6NH2BT7,R12SFXHRPKR19Z,R1GYEM1YCJ5DD1",1033,5627,4.3252662149080345,49,0.017338437288898896,0,4,0.031455482495112846,0.4085188770571152,0.5914811229428848,2,5627,4.2,1,4.2,0.0,5627.0,0.0,0.0,0.0,0.0,1
B0BK1K598K,"R1EU51LVE60B7C,R18PRSQIFU4R7M,R19E4QY5JWKCDD,R3KJZPFCPU10HY,R7IC04YHLBUXZ,R1O3ABBLOBUAOQ,R3U5F3UJMK0DZP,RS0ZV034M4T2G",121,704,4.7190082644628095,8,0.05263157894736842,0,0,0.041193181818181816,0.5950413223140496,0.4049586776859504,0,704,4.2,1,4.2,0.0,704.0,0.0,0.0,0.0,0.0,0
B09Y5FZK9N,"RBEG7QZLRCJDN,R28QMPIJNBM5OK,R14J3NXQ5NAC7R,RKRTDX4HUEL24,RHALLXNBV1RXU,R3D6738NEAKY6,R37JRTFT78JQZP,R6IZF0GLY43S",205,1102,4.278048780487805,22,0.045924225028702644,0,0,0.043557168784029036,0.5414634146341464,0.4585365853658537,1,1102,3.7,1,3.7,0.0,1102.0,0.0,0.0,0.0,0.0,0
B09J2SCVQT,"R1B9F9IRGMO01I,R1RO3J9EEFFHMF,RLXVHHR81VC4Q,R2XA4OT3Q76L0T,R1HBCLTEUAY2M3,R11UPSK2R29X8M,R2NDNJ4SQ59K19,RLNOOCUPB3G8H",236,1323,4.427966101694915,17,0.03362151777137368,0,0,0.04081632653061224,0.5254237288135594,0.4745762711864407,0,1323,4.1,1,4.1,0.0,1323.0,0.0,0.0,0.0,0.0,0
B00TDD0YM4,"R1P8LA1US4WV0S,R13BIW8MBG5VX1,RPJVB23K2QB2Z,R2AH0ULO6G9Q9B,R3EVYZ8A3LVBC9,R3QWMJ5DS2A0B9,R1V4PTSXK0QY54,ROUIP06IT2CPE",156,858,4.384615384615385,9,0.04105571847507331,0,0,0.039627039627039624,0.5833333333333334,0.4166666666666667,1,858,4.4,1,4.4,0.0,858.0,0.0,0.0,0.0,0.0,0
B078KRFWQB,"R2CQXUNYCW3XME,R2KAKW6DIB247K,R2JS1CRHA1ZVXX,R22QERXUM2BL5Z,R383MV0MEIDU7H,R2SKAQP8H3C1JO,R2YFUOABG0IRC6,R2BOI1RPBGON4U",197,1064,4.284263959390863,15,0.04600484261501211,0,0,0.05075187969924812,0.6345177664974619,0.36548223350253806,0,1064,3.8,1,3.8,0.0,1064.0,0.0,0.0,0.0,0.0,0
B07SRM58TP,"R2UOEYQ2VM1TH,RZDYJDLTYVU7Y,R1BBUKP0LQXX24,R13WVC502PM2JO,R3HZ2W80EMHUG2,R3ES0KDR3E4O9P,R2RNRH4SM11DC6,RYS9FSF2IYAMQ",687,3817,4.384279475982533,47,0.020639147802929428,1,0,0.037201991092481006,0.45414847161572053,0.5458515283842795,0,3817,4.0,1,4.0,0.0,3817.0,0.0,0.0,0.0,0.0,0
B00EDJJ7FS,"R20RA7F53RKEWU,RX5JXI5MY648T,R1P43OQ1EQ8EIT,R18PMGZTANNTV7,R1UZ4DMD2H0S1H,R1I1N1NYQ2TMVX,R3CZD69S9SFWJT,R3IRM4HQ0TXTJB",1090,5893,4.165137614678899,77,0.028392577688352336,0,3,0.044459528253860514,0.363302752293578,0.636697247706422,0,5893,4.2,1,4.2,0.0,5893.0,0.0,0.0,0.0,0.0,0
B0832W3B7Q,"RWY553B13GWAK,R23QMRIS0UXNQL,R2ZZZJ36VTNHMV,R38CKW00NINQ49,R1FBBD2SP4W76F,R3C67N77WGMHKM,R1GQ8VSBRXN2GB,R2B8DPA0SN9518",128,735,4.6171875,9,0.043993231810490696,0,0,0.03537414965986395,0.6328125,0.3671875,0,735,3.8,1,3.8,0.0,735.0,0.0,0.0,0.0,0.0,0
B07WNK1FFN,"R27191EB7KCEZP,R3KKAMYDQAI5WH,R3MSYM05H7OI65,R1KCIHR6YIA803,R2RVRY8NZ4GKVX,RPM4MVT8HNIXD,RXKHOEIGETJQK,RNQ3UU0QIAJO3",791,4325,4.342604298356511,60,0.028045574057843997,0,0,0.026127167630057804,0.4424778761061947,0.5575221238938053,1,4325,4.2,1,4.2,0.0,4325.0,0.0,0.0,0.0,0.0,1
B009P2LK08,"R2Z21OHZH69ASO,R3SYP2PI42JEC,R2YFP1LKOMNN5J,R33NMVBM2NHVRJ,RQCGOLYO4S7UF,R3NI7GYUBF68Y7,R2XGVVTMBU4PQP,RC2P508NWBM5I",206,825,2.7281553398058254,12,0.06066176470588235,0,0,0.04727272727272727,0.5436893203883495,0.4563106796116505,0,825,4.0,1,4.0,0.0,825.0,0.0,0.0,0.0,0.0,0
B07DGD4Z4C,"R1MX1ES6AZNSD8,R222NCQOR0GD05,RSLWFI693E1IC,RKS2GT83G9XWF,R2ZJA3OLIBCR6J,R3GIIUNIWHKBGU,R2A08NUNO1EBI3,R15G7XHEWED07R",152,850,4.493421052631579,12,0.054814814814814816,0,0,0.03411764705882353,0.6118421052631579,0.3881578947368421,0,850,3.9,1,3.9,0.0,850.0,0.0,0.0,0.0,0.0,0
B07GMFY9QM,"RA7Q9QDG5JCPA,R22K8FW0YEB5RU,R2BVDAB2VQXQ5K,R9MSI1TDK6AI7,RU2SGN0UVZU6E,ROIO5NPQ0WAKA,R3M83FVS6RZHFI,R3QMLOKIJFMZ4P",134,687,4.014925373134329,8,0.058161350844277676,2,0,0.042212518195050945,0.5746268656716418,0.4253731343283582,0,687,4.3,1,4.3,0.0,687.0,0.0,0.0,0.0,0.0,0
B0BGPN4GGH,"R32KN5G7FW7ZJ9,RGFPF1FPU9POV,R166LGSC344H4W",49,278,4.653061224489796,3,0.030837004405286344,0,0,0.025179856115107913,0.7346938775510204,0.2653061224489796,0,278,3.8,1,3.8,0.0,278.0,0.0,0.0,0.0,0.0,0
B0B2DZ5S6R,"R13JNSWNKVVI9T,R2JSC7U8B4MA2C,RRNJOTGQVMBP9,R2IEKQ2HBHTPYC,R3PJHP1S75AYAW,R12BP3F974Z6HW,R39E7VJSOOBTO8,RAB464T30GKBZ",90,518,4.5,13,0.05925925925925926,1,0,0.06756756756756757,0.7,0.3,0,518,4.0,1,4.0,0.0,518.0,0.0,0.0,0.0,0.0,0
B07S851WX5,"R3B1NJNBALUM2H,R1EFUHICJGU63W,R3HFY8AWPFLRNT,R3LVLRY6NMIF7B,R2Y0A81BUR7EDN,R33DUUU55Z1BOA,R32UYDCW4OGWK2,R1XBU0BS4M545R",253,1320,4.122529644268774,11,0.02422480620155039,1,0,0.031818181818181815,0.5889328063241107,0.41106719367588934,0,1320,4.2,1,4.2,0.0,1320.0,0.0,0.0,0.0,0.0,0
B01MY839VW,"R3K3UN3YSLI8K9,RE7V0E8WMQXEZ,R1G9EQA21P73JD,R3HUUS03G360Q3,R36NLGQ9NGSPCE,R1KB6EXTCM1C1H,R2YGR0FZXDNLXL,R1X3FG1SX99UKT",101,548,4.306930693069307,9,0.046189376443418015,0,0,0.05656934306569343,0.6336633663366337,0.36633663366336633,0,548,4.2,1,4.2,0.0,548.0,0.0,0.0,0.0,0.0,0
B09LV1CMGH,"R2GKWK7SWXRZHR,R3ME9LEM264R7O,R2B4QC6Z8AM7H1,RZLN7G4GGELUS,R26JLYEZYUE691,R2ZHISR958ZRRA,R2GXFJHTKM6SQ5,R29Z3ZW915UAB9",155,779,3.8516129032258064,13,0.05363321799307959,0,0,0.04621309370988447,0.6709677419354839,0.32903225806451614,1,779,3.6,1,3.6,0.0,779.0,0.0,0.0,0.0,0.0,0
B01EY310UM,"R3RTCJ45K1TVI5,R2TNNBN083XH9K,R2FLP6EL0L0JOS,R1RLWIOVF1FTHT,R9N90QYWD7OVZ,R1J6WTXOR5BCPR,RGAWUJYXKIWME,R3L2SDIE2FLY0Z",93,484,4.086021505376344,6,0.10344827586206896,0,0,0.047520661157024795,0.5913978494623656,0.40860215053763443,0,484,4.3,1,4.3,0.0,484.0,0.0,0.0,0.0,0.0,0
B09NL7LBWT,"R72U42YTSBK1O,R10B9A5RIHMWPY,R1ATLW10SEN45D,RHLZDSUTN4WQ,R2CREC0HRFEXPQ,R3BW6OLRVHFFWR,R1HUWMLHIVMIKD,R2S8FH6HRDDSCF",280,1544,4.378571428571429,29,0.02042483660130719,0,0,0.03432642487046632,0.5107142857142857,0.48928571428571427,3,1544,4.0,1,4.0,0.0,1544.0,0.0,0.0,0.0,0.0,0
B008YW8M0G,"R3CBVBYG86OTNE,R1ORPCJXGPUPVE,R37U89LOKROQXX,R2T042UGY7VP5N,R2Z4FJ0M105SGA,R22ODR0WD8IETY,RB0722F22JJV4,R2QCWTQIE87QBV",133,743,4.428571428571429,9,0.04251700680272109,0,0,0.04306864064602961,0.6015037593984962,0.39849624060150374,0,743,4.2,1,4.2,0.0,743.0,0.0,0.0,0.0,0.0,0
B097R3XH9R,"RHFP87WF4XV8F,R518SEQWS6UN3,R2SSQY5IJHOMR9,R18ORA3QQMPD6D,R47L546EDBNEC,R2FMLW4ZS4UMFX,R3SVFIOXQ99SOJ,R2QHH7W2X55NO9",141,767,4.319148936170213,13,0.05084745762711865,0,0,0.041720990873533245,0.7092198581560284,0.2907801418439716,0,767,4.1,1,4.1,0.0,767.0,0.0,0.0,0.0,0.0,0
B08TM71L54,"R1DFQV12SBF48C,R2ZGW8UHY6BQD,R2K40LX6HLG4KR,R2TWSF8LLSTBK3,R1SWDMF0MUV9S6,RPQO0HYCTUH5T,R3EGTJAA4SWQD1,R3DIL16GD1YVNB",364,1964,4.293956043956044,34,0.0224791265253693,1,0,0.03360488798370672,0.532967032967033,0.46703296703296704,1,1964,4.0,1,4.0,0.0,1964.0,0.0,0.0,0.0,0.0,0
B0BPBXNQQT,"RZO6XGE3P1DX,R3RCHNNZ1GVHBL,R32VH8C2WKSPBO,RHPUY1L6EN7BY,RIVPXD585WKHV,RJBJT7A32QWPV,R1E92T2MFYX7MK,R2K5O9IMJOXBEX",117,607,4.145299145299146,3,0.03917525773195876,0,0,0.032948929159802305,0.5128205128205128,0.48717948717948717,0,607,4.3,1,4.3,0.0,607.0,0.0,0.0,0.0,0.0,0
B00W56GLOQ,"R2YKA1GGN5SFQE,RTTEA9QADDEHQ,R1BDGOIPZLHU2G,RM02DLDK8Q9KI,R2FJWWKXNWRCSL,R1I0EQAJVORCDA,R29U6K5WH64OHN,R1AWHL4BABVEDS",411,2231,4.306569343065694,33,0.02385008517887564,2,0,0.03451367099955177,0.46472019464720193,0.5352798053527981,0,2231,4.0,1,4.0,0.0,2231.0,0.0,0.0,0.0,0.0,0
B0883KDSXC,"R3DHTSOB1MY0F8,R26JO5R53V41U4,R101VJD80D1Z15,RWULGXZ2D26AB,R2K0DC0RJV28S5,R3ONAP5KD4Q7QH,R6GTVCFXBWOXH,R13MW2BGCZLD8H",59,326,4.440677966101695,9,0.11885245901639344,0,0,0.11042944785276074,0.7457627118644068,0.2542372881355932,0,326,3.9,1,3.9,0.0,326.0,0.0,0.0,0.0,0.0,0
B078V8R9BS,"RVAAWJ5HR7RIW,R721PFMOZ1ZA7,R2HWABS4MOVI9G,R186LHMB2LEVGF,R171FM8L9EECPR,R10ZCCIEHFV5NF,R1YCURS5X1FQES,R28EUGRAUN436B",142,750,4.161971830985915,10,0.034071550255536626,0,0,0.03866666666666667,0.647887323943662,0.352112676056338,0,750,4.2,1,4.2,0.0,750.0,0.0,0.0,0.0,0.0,0
B08GSQXLJ2,"RYZ8HY7V1JOX0,R15W9YNUHPIVOA,R53M82T1POPU,RHIVLM50D4L50,R2U3O1QBYLBWRS,RAXM0B85QNFMQ,R52YG96EXD03Q,R3BD16X4UBSUZT",342,2006,4.7368421052631575,16,0.03041589075108628,0,0,0.023429710867397806,0.5116959064327485,0.48830409356725146,0,2006,4.1,1,4.1,0.0,2006.0,0.0,0.0,0.0,0.0,0
B01M5B0TPW,"ROFN3NUPDY258,RIN8HIN341K9M,R3EEILWVIR596A,R212U2C7WSD2JX,R3WKLPJAQHGX0,R2KTBHHUQRW3CA,R3HHOGWJYSJSB3,R3C57OMUNT7LU5",303,1685,4.481848184818482,26,0.029498525073746312,4,0,0.029080118694362018,0.5643564356435643,0.43564356435643564,1,1685,4.4,1,4.4,0.0,1685.0,0.0,0.0,0.0,0.0,1
B082KVTRW8,"R1J9OKSG2W4I8B,RNUAYGA4DMRC3,R2KEXCUZDLX4JM,R1JA8CJ88GCQBW,R3QZ5MNLOXLYOJ,RWVKTGUMXNHW6,R23Z4SCVPIU17S,R31840VH3LEY09",79,425,4.253164556962025,5,0.06441717791411043,0,0,0.06352941176470588,0.620253164556962,0.379746835443038,1,425,4.0,1,4.0,0.0,425.0,0.0,0.0,0.0,0.0,0
B08CFJBZRK,"RJ9UNCLT4UGVW,R1WU3UJKULS586,R1B72Y9UYMCWVG,R23L241XIDFJB3,RZ0VG2M2MCERQ,R22UFBT27YYXB,R3MGVFU1ZMOBFD,R2VOFP1CZA700L",132,726,4.348484848484849,11,0.04409171075837742,0,0,0.0371900826446281,0.6136363636363636,0.38636363636363635,1,726,3.8,1,3.8,0.0,726.0,0.0,0.0,0.0,0.0,0
B07H3WDC4X,"R1VMENOQG4X4G8,R3IIEUKG1YSWAI,R3OXTS2IRETRU3,R1XKM8QOGIHV22,R23A496I1RGZE6,R1T3OG0I4EWZ3U,RSJ54MT2ZA62K,R2HKEZ0IYD1DZ9",353,1801,3.9943342776203967,26,0.03258508327299059,0,0,0.0416435313714603,0.5155807365439093,0.48441926345609065,1,1801,4.0,1,4.0,0.0,1801.0,0.0,0.0,0.0,0.0,0
B09ZTZ9N3Q,"R3VGVVQLQT97ML,R1Y56E8635Y7QD,RT5YXKE0NNQ8F,R2GEEMC0X545J5,R3KWBNS9ODP471,R3JEC32DYAIG6W,R1VD5AUGPRPO7H,R17S3I8NWLC4F1",180,935,4.0,6,0.04055944055944056,0,0,0.053475935828877004,0.5222222222222223,0.4777777777777778,0,935,3.1,1,3.1,0.0,935.0,0.0,0.0,0.0,0.0,0
B083P71WKK,"R2Q0HVU9HQYNAO,R1OZZ5G1ZCM0EO,R1919QG9AN4GQK,R2VN0XDC0OW8L0,R1SEP4WEGNE51N,R2ZWFXXHXYUE8T,R1BRBMJQSQ0DYE,R1RPBTYBT8DYMT",122,662,4.327868852459017,14,0.06031128404669261,1,0,0.07250755287009064,0.5737704918032787,0.4262295081967213,0,662,4.3,1,4.3,0.0,662.0,0.0,0.0,0.0,0.0,0
B097R4D42G,"R6J12JP3JTH6C,R248K7KLOFX63T,R2L9NIJL2B64D6,R3ABOR236EQ7BG,R1UHIUJB5KVIQJ,R1LB16AI14U5D7,R2BB93LFDY6684,R2434EOFPB1SHN",251,1470,4.764940239043825,19,0.02735042735042735,0,0,0.031292517006802724,0.5697211155378487,0.4302788844621514,1,1470,4.2,1,4.2,0.0,1470.0,0.0,0.0,0.0,0.0,0
B07MKMFKPG,"R1JTUZX1N4PB0Q,R3B09N3U7H83ID,R1OTV47779RDA9,R2MQVFFGUF68HF,RNR1ZWXYAVZB1,R2D6WQYG47AV4E,R2F9BO4HLTQ6YH,R3NTM54N8T1YCL",1431,7804,4.327044025157233,130,0.030228355511746345,0,0,0.02806253203485392,0.37735849056603776,0.6226415094339622,1,7804,4.4,1,4.4,0.0,7804.0,0.0,0.0,0.0,0.0,1
B0949FPSFY,"R1B9VBHIA1B6YJ,RTDFS7CJWZ7Z9,R1YP1C1QB10QCD,RWBH0HJW2II45,R1FWK8U9SNC5ZM,R3OQFNCN0XCNKV,R151B4W3HCJDLT,RCELKVG2GR6IG",387,2098,4.281653746770026,26,0.03216019417475728,0,1,0.03765490943755958,0.49612403100775193,0.5038759689922481,1,2098,4.1,1,4.1,0.0,2098.0,0.0,0.0,0.0,0.0,0
B08F47T4X5,"R37CHVALZ1PLJG,R2DLNWVOG65T2N,R1OXPNJF31B34Y,R1VVNP7FCJG1NN,R2JI9O83E5RUI,R2TNDYT4SMKKMQ,R34BRCDN96SCK5,R32BKKKHT3F1P3",137,765,4.452554744525547,10,0.04262295081967213,0,0,0.043137254901960784,0.5912408759124088,0.40875912408759124,1,765,4.2,1,4.2,0.0,765.0,0.0,0.0,0.0,0.0,0
B01M0505SJ,"RT1WYUXVBO1SA,R1JS6GSMVKIL88,RVAITDIGNV43K,R3R8PESWWVT8XO,R2U3RDKWADJN30,RAUIJTIWYWXZO,R5IN013LBDOSD,R1214YKOSWOBHC",140,829,4.785714285714286,8,0.02878787878787879,0,0,0.030156815440289506,0.6142857142857143,0.38571428571428573,0,829,4.1,1,4.1,0.0,829.0,0.0,0.0,0.0,0.0,0
B08D6RCM3Q,"R3JQM04HFALWJX,R3DI9SP7OE34C9,R2RL7RJ6QY2YRW,R2OGLI7UQD4OD8,R3U8L7PHH3OIZC,R6KSB6ZQJ1N9,R26R5DS3LBXK1,R1VK57CI0VREP",128,690,4.2890625,13,0.0616822429906542,1,0,0.06376811594202898,0.6796875,0.3203125,0,690,4.1,1,4.1,0.0,690.0,0.0,0.0,0.0,0.0,0
B009P2LITG,"R3A1SIG9EP9AZE,R1L38OH40ISFFV,R2GOHLBL7K97JD,RL2BJ2CXUV5RX,RI4AALZTE7G17,R3M6UUHPBSVWBJ,RS9M0L1XRI2AT,R1IHK1MJBO1L8X",123,680,4.390243902439025,11,0.0762081784386617,0,0,0.047058823529411764,0.6991869918699187,0.3008130081300813,1,680,4.1,1,4.1,0.0,680.0,0.0,0.0,0.0,0.0,0
B00V9NHDI4,"R3DIC1PKBZ9GQG,RWMXE334TZ0PH,R39LOZ2XWCT0YP,R3VHQRRATDBKW3,RX4PUH3NZTZHT,R2VQDV7DN7CU5W,R14X4SYV6YO5SV,RAXXIP39FK2ZL",186,1048,4.505376344086022,17,0.0539568345323741,2,1,0.035305343511450385,0.5591397849462365,0.44086021505376344,0,1048,3.9,1,3.9,0.0,1048.0,0.0,0.0,0.0,0.0,0
B07WGPBXY9,"R2YO9JLN30A1KG,R6ZS6BQ48ID7H,RS0V18ODCDQYA,R4DZTYE4O453G,R3039214P7QOXS,RJC9WVXKSYT99,RC8319TSKZZXN,R2C00975BDT0FR",144,794,4.340277777777778,21,0.0496,0,2,0.04659949622166247,0.6388888888888888,0.3611111111111111,0,794,3.9,1,3.9,0.0,794.0,0.0,0.0,0.0,0.0,0
B00KRCBA6E,"R3RNBI15LHZP4A,RISUZF7W6LE2K,R10FSXTXXK9XYF,R2BQKY1TVJYAS6,R3471IKLH5WNBP,RSL3RF7SXG9CZ,RT90DRDTG154I,RGXQJUL1WL355",259,1391,4.212355212355212,22,0.04450757575757576,3,10,0.054636951833213515,0.5328185328185329,0.4671814671814672,1,1391,3.8,1,3.8,0.0,1391.0,0.0,0.0,0.0,0.0,0
B0B3X2BY3M,"R3KN7L5WYSR0QX,R9S8ITSL78R5U,RPLQJZOGRLKVX,RLYFQIPR3R7CX,R33HUOHF3IL2CM,R34FJ47D26EV7N,R1EVL6MX9LL7WN,R6DAU516QU91Z",173,971,4.554913294797688,6,0.04086845466155811,1,0,0.026776519052523172,0.5895953757225434,0.41040462427745666,0,971,4.0,1,4.0,0.0,971.0,0.0,0.0,0.0,0.0,0
B00F159RIK,"R2GGV4P4HG0X8B,R53JNVT67N0WC,R9UERN9FGRIX9,R2US3C091Y5ARU,R2HO7NRHHFVU0C,R2KPHXYR0CVC3R,RTBK03ZGZJSAC,RFDIHHBHV6149",84,456,4.345238095238095,7,0.06353591160220995,0,0,0.046052631578947366,0.5357142857142857,0.4642857142857143,0,456,4.2,1,4.2,0.0,456.0,0.0,0.0,0.0,0.0,0
B08MV82R99,"R2J2IOT0TNI4A3,R1QZAKLANOSUFY,R14AS7M62D2KQM,R2BFUZH6EQZAEL,R2ZKYL29SIG5A3,R2OFJVIMAW1O90,R2XY66AR8RK3HZ,R1EAHDQFHPDQUT",140,613,3.107142857142857,7,0.04439252336448598,0,0,0.048939641109298535,0.5928571428571429,0.40714285714285714,0,613,4.1,1,4.1,0.0,613.0,0.0,0.0,0.0,0.0,0
B09VKWGZD7,"R29L0E3P64C6H5,R25VCXJ891RAYE,RG7LDRDT2XW44,R1F97CSIBQ7F3H,R35MC54M7PLU14,R1BBR0MU78BRXK,R39C4QE74H9OU6,R24VYXU03FZS0A",323,1750,4.287925696594427,48,0.028592375366568914,3,0,0.045142857142857144,0.44891640866873067,0.5510835913312694,0,1750,4.3,1,4.3,0.0,1750.0,0.0,0.0,0.0,0.0,0
B009P2LK80,"R46KBLJ4XGT53,R3MF95QMC31H35,ROL6AMVOS7M31,RQ5130GKWN0HP,R32BWJB87WA6L9,R2MGDWN8G3RSC2,R388CGQNXAHDE2,R265Q8SU92ZX8Q",373,1968,4.184986595174263,24,0.03238341968911917,0,0,0.0350609756097561,0.5522788203753352,0.4477211796246649,0,1968,3.7,1,3.7,0.0,1968.0,0.0,0.0,0.0,0.0,0
B00A7PLVU6,"RZU7M4VT3VR9I,R34QGD0WN73BME,R3GPSO444Z45JY,R8V5HHELYQBN5,R1G5OOXJUH8OOQ,R1PJIEUCR1A06F,R2401CXS8NQ487,R2S7S3AL8MC5ZU",104,523,3.923076923076923,6,0.045,0,0,0.0497131931166348,0.6538461538461539,0.34615384615384615,1,523,4.2,1,4.2,0.0,523.0,0.0,0.0,0.0,0.0,0
B0B25DJ352,"R3B2VNS1Q5M7NI,R2FKC4BNR12YR,R2QL8IDEY4CYMQ,R29W5GFT7N67BK,R52TPUGTJPEEN,R1VMPT5F3R92O1,R2XIY1Q0JEYNIH,RHJOMDBO7WS73",180,959,4.2444444444444445,11,0.052700922266139656,0,0,0.040667361835245046,0.5666666666666667,0.43333333333333335,1,959,4.3,1,4.3,0.0,959.0,0.0,0.0,0.0,0.0,0
B013B2WGT6,"R3W4R95XAZYMHH,R2YRO4XIULCK99,R1ZVNKQLPAUPBF,R13W8DDVDXK6T5,R2IPFX7782Q30U,R3LN2K5C6IXQJN,R2TEQS2T0L15D8,RE17RGP11IXFB",220,1189,4.3,22,0.031746031746031744,1,0,0.03784693019343986,0.5772727272727273,0.42272727272727273,2,1189,4.3,1,4.3,0.0,1189.0,0.0,0.0,0.0,0.0,0
B097RJ867P,"R1A0SO04CI28XA,RUEU6D8W0ESGK,R1T919CASQEMR1,R1HG6W50P22SO6,R2K9WFWQZRDRKR,R1RBKHL1S7T79X,RUBTHCF19J4V,R29F4J434SCT1D",211,1200,4.5545023696682465,20,0.042842215256008356,1,0,0.034166666666666665,0.6066350710900474,0.3933649289099526,0,1200,4.4,1,4.4,0.0,1200.0,0.0,0.0,0.0,0.0,0
B091V8HK8Z,"R2WPRTHSHZCDS5,R2W0ORTQOGIIZF,RIBJBDPVX394D,R3933GDKAVC9EN,R29MO5VSDLP6NL,R3IE847XT3SPSB,R188KHDVSCEEY0,R1KYNNIQ0JW7C8",109,587,4.238532110091743,12,0.09345794392523364,3,0,0.09710391822827939,0.5596330275229358,0.44036697247706424,0,587,3.8,1,3.8,0.0,587.0,0.0,0.0,0.0,0.0,0
B071VNHMX2,"R18OC1M5ERXJ0,R2VDUDAU7MGHVM,RVLRZGC6D01FK,R1ZX1J20BL0RDU,R1BPNRYUL32FN5,R1I3ZV1S9Z08AL,R2ILU2ZYAIN700,R3LEO43599XYH1",165,966,4.739393939393939,18,0.04353393085787452,0,0,0.038302277432712216,0.6424242424242425,0.3575757575757576,0,966,4.5,1,4.5,0.0,966.0,0.0,0.0,0.0,0.0,0
B08MVSGXMY,"R3CDTV5JOEQJB6,R2OOA2Q6V7X8S6,R1VANIESY8QF0E,RYL1C4JQ1KCOH,R35KJ7NCHW1X1E,RIKQ3HQUQVC0Q,R2BSID2R1SF0GZ,R2SSCAXKIHE4Y6",170,943,4.435294117647059,9,0.04672897196261682,1,0,0.030752916224814422,0.6882352941176471,0.31176470588235294,1,943,3.8,1,3.8,0.0,943.0,0.0,0.0,0.0,0.0,0
B00H0B29DI,"R2B84AYCEVIUNW,RMWY1UTR0CJR3,RMA1TQHKE89WV,R2FS78A2WRAN90,R15E6DDVQN9C2,R2UWUP980GHPEU,RAG8BKBQRDKAD,R34270LQWK88DA",1425,7757,4.2357894736842105,80,0.043677770224337185,2,6,0.04486270465386103,0.3831578947368421,0.6168421052631579,2,7757,3.8,1,3.8,0.0,7757.0,0.0,0.0,0.0,0.0,1
B01GZSQJPA,"R33ZSGGVAEU2PL,R2UWRSENOS2J8R,RB3KGEQP8LOJ1,R2GAN84BM7PMBE,RVQ4ZTYZQXEP5,R1TUZAFJG24UKV,RHHZ7GL342YDW,R1JZ7EB8RY3DOO",160,898,4.49375,14,0.033426183844011144,0,1,0.036748329621380846,0.69375,0.30625,0,898,4.1,1,4.1,0.0,898.0,0.0,0.0,0.0,0.0,0
B08VGFX2B6,"R20PP3QU2OXVOH,R24JMSEEM3755G,R1IWN9BPDUY3BS,R19B3I4NRNXU86,R32K7NCIA17OJN,RGRROWWT9JAHP,R1P7PAXB06JTJU,R13JQ20APUVZ1O",165,891,4.315151515151515,10,0.042134831460674156,0,0,0.03254769921436588,0.6303030303030303,0.3696969696969697,0,891,4.1,1,4.1,0.0,891.0,0.0,0.0,0.0,0.0,0
B09GYBZPHF,"R3LQ2TPKG42KG8,R1MWKBSQIK2J04,RWB0U0JJ3NG4J,R3PKUJGSWS6X6T,R2UVD7MDXJ06D6,R5JWWU7OUVRAK,R24PULBZDL0QM1,R1NZ6RZXK2W0S7",153,752,3.7254901960784315,14,0.044169611307420496,0,0,0.05452127659574468,0.6013071895424836,0.39869281045751637,0,752,3.8,1,3.8,0.0,752.0,0.0,0.0,0.0,0.0,0
B0B4KPCBSH,"R31M7C08CPXCB3,R25R4S2V6XLP70,RCOR7R8N8DCVR,R30CBX7NG9VUZ6,RT55L3CO3TSZ6,RRO6AFAOOQJAK,R3D0ONOZPIAWS9,R1ZOXK6L3BJ049",221,1248,4.529411764705882,16,0.035140562248995984,0,0,0.03205128205128205,0.5927601809954751,0.4072398190045249,0,1248,3.3,1,3.3,0.0,1248.0,0.0,0.0,0.0,0.0,0
B09CGLY5CX,"R7X2SNIY1SC15,RG8BSIGRIQFID,R3BN90I5BQ14ZV,R131YF9XI5CCEX,R3O40F4X6UJHEZ,R8K4AKD25TGGM,R1G7J0WCVPAH6R,RASSFJPXJD0WU",110,610,4.4,3,0.03734439834024896,0,0,0.03770491803278689,0.6727272727272727,0.32727272727272727,0,610,4.0,1,4.0,0.0,610.0,0.0,0.0,0.0,0.0,0
B09JN37WBX,"R1XULCDQK9G8I7,RHPQ553ZWQIME,RNQB4SFH4DX7B,RMGGBMIVVTPJU,RDJVGMEMJEEZM,R11I303S1BQCT9,R1H7KY4OIM4XC3,R13OEY5VD2OOR7",118,657,4.47457627118644,12,0.06432748538011696,0,0,0.060882800608828,0.6864406779661016,0.3135593220338983,2,657,4.6,1,4.6,0.0,657.0,0.0,0.0,0.0,0.0,0
B01I1LDZGA,"R3SMQ18FRX81ZM,RM8D6XNWRSKRD,R20K0WT99IF7SW,R2HR4PDE372C8Y,R14YIMXOROB60G,R21FDK7L8Q1LUO,R2NXFE1SH67GQC,R1EYKC1W1EPYIL",195,1054,4.158974358974359,18,0.03337453646477132,2,0,0.04269449715370019,0.5435897435897435,0.4564102564102564,0,1054,3.9,1,3.9,0.0,1054.0,0.0,0.0,0.0,0.0,0
B0BN2576GQ,"R5GIMGF2NA526,R2XWYU5AL9FITX",41,229,4.341463414634147,3,0.033707865168539325,0,0,0.043668122270742356,0.9024390243902439,0.0975609756097561,0,229,3.7,1,3.7,0.0,229.0,0.0,0.0,0.0,0.0,0
B06XPYRWV5,"RPHKXENT6881N,R14GIM1TQZM2WS,R22GCXSWUPXZ37,R1BODEGMFJ7WTL,R2NHEH4AZSRE24,R1WO9OM8O2713U,RS2T771TLOD14,R32DSGGUO0K1G0",133,750,4.548872180451128,14,0.046357615894039736,0,0,0.03866666666666667,0.6466165413533834,0.3533834586466165,0,750,4.2,1,4.2,0.0,750.0,0.0,0.0,0.0,0.0,0
B01N1XVVLC,"R21ED050VWAF23,R3EA9NKMCKHQUN,R387DPEXYRMJVW,R37X1B6A8MRS2G,R34OFX5U5EEJNN,R2RAGNI18M2ZT9,R1ZKGW1E97R6UE,R1PWCV334TATWX",486,2373,3.808641975308642,36,0.02885682574916759,0,0,0.025284450063211124,0.48148148148148145,0.5185185185185185,2,2373,4.1,1,4.1,0.0,2373.0,0.0,0.0,0.0,0.0,0
B00O2R38C4,"R3G68H04E1SWMO,RQPUD710DM4CJ,R3LKDTQ3F3YBBP,R2I80SWXJJ8NVS,RLJKQ3A9HU77X,R2LZZWYUQPL9MH,R2KNV63N41W1CA,R2YEAAIS3ZXXW4",201,1122,4.482587064676617,17,0.038331454340473504,1,0,0.04723707664884135,0.5870646766169154,0.4129353233830846,0,1122,4.1,1,4.1,0.0,1122.0,0.0,0.0,0.0,0.0,0
B0B2CZTCL2,"R1C4CJG4YFPOQZ,RQHLZKD65C2,R1LPNPFT8RUFN7,R1QAZXMA5885V5,RZW6HFWRZFZSM,R3HJO9H24LZ86,RP49KRXSTSAZO,R2C43NGT4YSFCZ",324,1730,4.283950617283951,18,0.02688953488372093,0,0,0.028323699421965318,0.5524691358024691,0.44753086419753085,0,1730,3.8,1,3.8,0.0,1730.0,0.0,0.0,0.0,0.0,0
B00PVT30YI,"R2UUBE6SD6DQ9Y,RYT31I1KBXJ0V,R4JW61N9AEDHA,R2DFCN1ASN82RE,R8FKFWXGMFKWC,RS75WH30OYOY3,R2SK1NLKEM8K2X,R3EIW26LRB8R4P",183,928,3.9344262295081966,17,0.07391910739191074,5,1,0.04525862068965517,0.5191256830601093,0.4808743169398907,0,928,4.1,1,4.1,0.0,928.0,0.0,0.0,0.0,0.0,0
B00SH18114,"R1NAAWWJ35RMQR,R3S2CEY1ZBAKJJ,R38NYOW9S7HMO0,R3HDEMCCETO0EJ,R2NU3DH06WH2AY,R2Y5029I4S9DKF,RSJC3VP7IBJJY,R2IBCZ7N2I5JI4",166,904,4.301204819277109,16,0.04922644163150492,0,0,0.04314159292035398,0.5963855421686747,0.4036144578313253,1,904,4.6,1,4.6,0.0,904.0,0.0,0.0,0.0,0.0,0
B00E9G8KOY,"R3E4HUJ56AF24X,R3SEMQ02KZ7NN5,R3JNI0V7L0UEHY,R1PDJF9WLDOJZS,R3O35YTLY12KW4,R2U39FEDPQZCPN,R3R825GTA0F2EB,R3IAO81DOA9DOK",96,540,4.572916666666667,1,0.04783599088838269,0,0,0.03333333333333333,0.6354166666666666,0.3645833333333333,0,540,4.1,1,4.1,0.0,540.0,0.0,0.0,0.0,0.0,0
B00H3H03Q4,"R2KI2IDJL2BY7K,R1KYGT5PRP2IEC,R2HEJVRW7X3SPT,R2VESGVS16ALQY,R32M7U7Z9W2OU1,R1MRHN8DMJZGJY,R17V0HLP8F6QN1,R3NCHTJEG96BIG",45,254,4.5777777777777775,3,0.07881773399014778,0,0,0.07086614173228346,0.6444444444444445,0.35555555555555557,0,254,4.2,1,4.2,0.0,254.0,0.0,0.0,0.0,0.0,0
B0756K5DYZ,"R4FRMNYYMSIBC,R3L7S5SH36JCUJ,R1YN1N7YNW7AIJ,RF6JADMLOSANJ,R14CIKGGK258KG,R3E1LOFVZINEMG,R3J7G7NK5FW8U9,R13DVAUMRLLEK8",113,601,4.265486725663717,9,0.06896551724137931,0,0,0.06655574043261231,0.6991150442477876,0.3008849557522124,0,601,3.9,1,3.9,0.0,601.0,0.0,0.0,0.0,0.0,0
B0188KPKB2,"R2YFSMMIRV8IPD,R27QQGJOAE6DGX,R2ERM6UKGXZ0JU,R25VZN18D8ZKXO,R2I9QXQ7GDNCHK,R2EQ5AV50NYVRH,R1AQZR852OXC6W,RVC7CUNCVWKT0",98,545,4.418367346938775,6,0.04861111111111111,0,0,0.04220183486238532,0.6632653061224489,0.336734693877551,0,545,4.1,1,4.1,0.0,545.0,0.0,0.0,0.0,0.0,0
B091KNVNS9,"R29ILL57SN471R,R3CAGP76ZXUZZA,RIB8B25Y91N0Y,R1AAW2JH0C8ABZ,REO6KS9OTSOLA,R3D2RS12J4S2B1,R31SLKS6LD3XU1,R2NJHP9OAM0TRZ",96,507,4.166666666666667,4,0.05822784810126582,0,0,0.045364891518737675,0.6666666666666666,0.3333333333333333,0,507,4.1,1,4.1,0.0,507.0,0.0,0.0,0.0,0.0,0
B075JJ5NQC,"R2PD0ZPWRGTUJG,RTS3Q7O97I2P7,R1ZXJ9R8WX5DF7,R3GFYL52VNNQE6,RYQLHSHBY786Z,R1DO6BQM7OB7KF,R3V94LO1BMB55D,R11Q826IS7DFMG",43,240,4.558139534883721,2,0.08205128205128205,0,0,0.0625,0.7906976744186046,0.20930232558139536,0,240,4.0,1,4.0,0.0,240.0,0.0,0.0,0.0,0.0,0
B0B5KZ3C53,"RVJJVCMWN8Y41,R14A126YKLIWX,RJC5HHN4FL2JC,R1APUQA31CW43L,R2K9GKKR6MR93W,R11HJ548X7I0KV,R3GDVPN872JGGU,RJ3JAJU16YNQM",303,1462,3.722772277227723,16,0.02491103202846975,0,0,0.029411764705882353,0.5346534653465347,0.46534653465346537,1,1462,3.7,1,3.7,0.0,1462.0,0.0,0.0,0.0,0.0,0
B09NTHQRW3,"R2DCP4Q11B1C32,R355OON0DQZ7G1,R3G1G06J7O6ZO7,R37AW7ZXTQ47JI,R2HA5H3EQB936G,RIEIASWD1PQYW,RRCUB6J7H9WK8,RKC66BZO3QSXE",287,1489,4.10801393728223,22,0.04213241616509028,0,0,0.038280725319006045,0.5505226480836237,0.44947735191637633,0,1489,4.1,1,4.1,0.0,1489.0,0.0,0.0,0.0,0.0,0
B008YW3CYM,"R2HZX52OZX1DSZ,R1RIP30E4OV9HY,RKBKMUMLLEFJZ,R235OIEM1YE5VP,R19Y9MV672O2K9,R1BQY5JVY4A6ZN,RUKFW1KM46G2K,RTZTMUWT2I4GS",199,1114,4.452261306532663,15,0.04323094425483504,0,1,0.0421903052064632,0.5728643216080402,0.4271356783919598,1,1114,4.1,1,4.1,0.0,1114.0,0.0,0.0,0.0,0.0,0
B07QHHCB27,"R1S4Y5TIEL5G8R,R1SGD2AC3S8KEG,R3JP8FW93ND491,R3HWDXEJX098MC,R3FCWGOVQZII60,RCQ75ERMBZMJ5,R1PYXQO11OT86M,R2R1QS9VQ64ZCO",184,998,4.385869565217392,10,0.028642590286425903,0,0,0.025050100200400802,0.625,0.375,0,998,4.1,1,4.1,0.0,998.0,0.0,0.0,0.0,0.0,0
B0BMFD94VD,"R34X4JUGZSMYZ3,R2TB24I6XAJI0Z,R3RXQPQONGB1ZD,R22SRYSCQLD82X,R21QE5K1YSVD6,R16HPFUZ08GGKB",63,378,4.873015873015873,2,0.035830618892508145,0,0,0.05555555555555555,0.6507936507936508,0.3492063492063492,0,378,3.3,1,3.3,0.0,378.0,0.0,0.0,0.0,0.0,0
B00HZIOGXW,"RP16HJYUCT002,R3GZTZYTLP44FR,R19XRLSCH2Y5CF,R6R86HD57LOXJ,R2X8UW5NDZWYUK,R3NED3VC2G6UB3,RNGWBEEZP77VF,R2MRS41GH0VLP0",175,922,4.137142857142857,12,0.08543417366946779,0,0,0.039045553145336226,0.5885714285714285,0.4114285714285714,1,922,4.1,1,4.1,0.0,922.0,0.0,0.0,0.0,0.0,0
B09CKSYBLR,"RUF8L2BWE5FXM,RO31NNHWLOQF4,RBSI4Y0V4BQ0A,R10UVB3K1LK8T6,RBPZ3TL6JUGB7,R2TVC6SLRPOAJU,R4UCVBMFQCOB2,ROWPNMWIGNJ78",125,648,4.016,9,0.036,0,3,0.05709876543209876,0.624,0.376,0,648,4.1,1,4.1,0.0,648.0,0.0,0.0,0.0,0.0,0
B072J83V9W,"R1PZ2XBD6GD0UY,RMQA2CY9FRUOR,R55EXM1PLX7BM,R26ZJ9VXF4PWCA,R2S9JPUNTGN4DX,R2M8WSNRMQDR8C,RNY8DA1733V0U,R1F1ZMII16AUTP",1296,7380,4.349537037037037,78,0.02799712849964106,1,0,0.025880758807588077,0.36419753086419754,0.6358024691358025,0,7380,4.4,1,4.4,0.0,7380.0,0.0,0.0,0.0,0.0,0
B09MTLG4TP,"R2CZP30I91CUT0,RXZL00UV67477,R6ZMVE3VFMOTC,R2I6TTT5KYXNTV,R2GN5SX03J3GX6,R2GOTOGR1W1XL9,R2U3WOI0TIDIEB,R35L3DFIR2VJXK",178,915,4.044943820224719,11,0.03194444444444444,0,0,0.03278688524590164,0.5280898876404494,0.47191011235955055,2,915,4.3,1,4.3,0.0,915.0,0.0,0.0,0.0,0.0,0
B097XJQZ8H,"R2CCAIITXBUWWK,R34WQMRY9WM6SZ,RMO1CT02OKUNJ,R2RMMS8KOSZFRR,RHABSU5NRAV4F,R1DLWFDXTPMUND,RMT3S18UOGE3G,R2GPPUURLGA92X",332,1984,4.77710843373494,31,0.02465233881163085,0,0,0.03780241935483871,0.5150602409638554,0.48493975903614456,0,1984,4.1,1,4.1,0.0,1984.0,0.0,0.0,0.0,0.0,0
B00935MD1C,"RK2SK2T9306PY,R1NOMIUDTGHCGD,RW21FMMFE7BFI,RHNPI4ITBJ1DZ,R1KTIYVU8CINBK,R2RSJBZJN8UU71,R7UCJZNVINTCF,R3EAXIJ37NBEG7",57,333,4.824561403508772,2,0.06181818181818182,0,0,0.04504504504504504,0.6491228070175439,0.3508771929824561,1,333,3.7,1,3.7,0.0,333.0,0.0,0.0,0.0,0.0,0
B0BR4F878Q,"R2WHW4PEF14WOD,R2DCCZWUGI0O0K,R1FA1HH6VL1RAL",38,212,4.5,2,0.05952380952380952,0,0,0.02830188679245283,0.7631578947368421,0.23684210526315788,2,212,4.8,1,4.8,0.0,212.0,0.0,0.0,0.0,0.0,0
B0B3G5XZN5,"R27BUVT5CYDJ4X,R1G8GRI01F5Q5F,R3FDZTVK38PZJW,RD4E7SRKUIIAA,R21HKT5W7PTQ6N,RM9IAPXXFI5L,RAK9U4VEYZCB7,R2WJ7II930TLUO",265,1454,4.324528301886793,22,0.0353356890459364,0,0,0.0515818431911967,0.5811320754716981,0.4188679245283019,0,1454,4.5,1,4.5,0.0,1454.0,0.0,0.0,0.0,0.0,0
B07WKB69RS,"R36G8V9B8EIG4Z,R1UQJ38MFDF636,R3GHKCA6I36EBF,R18AIQACXT7PHC,R195YCVDM72DUH,R2WQTWSNOHI3GW,R1XYEVCQ9QZ69I,RQIV7RKXG033Q",290,1655,4.568965517241379,24,0.17180277349768874,0,0,0.03444108761329305,0.5586206896551724,0.4413793103448276,0,1655,4.0,1,4.0,0.0,1655.0,0.0,0.0,0.0,0.0,0
B09DL9978Y,"R3DYK05V939SQQ,R3KM8XQNWHJ7SW,R1SJ4CTWGTJ76Q,R2U2FM7CGUNYST,R315NLYKTWFJX2,R2D852O0DSZ1EG,R1QTNL2ADP427,R30ZEL9WYE5DVP",88,512,4.693181818181818,6,0.054455445544554455,0,0,0.05078125,0.6590909090909091,0.3409090909090909,0,512,4.1,1,4.1,0.0,512.0,0.0,0.0,0.0,0.0,0
B06XMZV7RH,"R3KA8I1JO7VWHM,RGN972IS97APK,R19V3GRW0VRBAC,RAXEY84M4ISW1,R1PSYUMKHDXHVU,R1625BVG24Y7M,R1KYTADP38QAD0,RTX0APKPL4NRR",106,593,4.490566037735849,6,0.04439746300211417,0,0,0.045531197301854974,0.6509433962264151,0.3490566037735849,0,593,3.9,1,3.9,0.0,593.0,0.0,0.0,0.0,0.0,0
B09WMTJPG7,"R2EMWU4SGRHF3S,R3426BT3R5BO5T,RLO3JXRM2INDT,R3GACMOLXD7OVV,RZTG7YA8FY53X,R2DLIVX26S8EQB,R18R92YT47JI00,RLPZWUOSK6F4U",383,2121,4.415143603133159,39,0.031044776119402984,0,0,0.03583215464403583,0.556135770234987,0.44386422976501305,0,2121,4.1,1,4.1,0.0,2121.0,0.0,0.0,0.0,0.0,0
B09ZK6THRR,"RTBI29BIALOQ4,R2Q29R8EM2KDMM,R2OD88UTINAZSL,R32MZ6ODLN2H45,R21CNC8OVM396T,RUHJ2QE6OWH81,R2S56ZTRZ86VN0,R2G6SFWPU9FYII",72,397,4.388888888888889,8,0.07395498392282958,1,0,0.08564231738035265,0.6944444444444444,0.3055555555555556,0,397,4.2,1,4.2,0.0,397.0,0.0,0.0,0.0,0.0,0
B07MP21WJD,"R2KZ25NB09PATY,R1XF8C95D03EEC,R1GVL4PLXBCL2L,R2ZE7W8O3H9N0D,R3G7TLZ13MZLMX,R2K04Z11HTJYRK,R2FWJPPT7MVMW0,R3LFL6Y72YQGDZ",84,473,4.4523809523809526,7,0.05630026809651475,0,0,0.048625792811839326,0.6904761904761905,0.30952380952380953,1,473,4.1,1,4.1,0.0,473.0,0.0,0.0,0.0,0.0,0
B09XB1R2F3,"R5Z3PXJSYP16A,R3SCTI2ZS83HM4,R1ZK4MSQURH3VQ,RGEJZY2OM7YJ2,R2CITAVLIYLHU7,R3MZJHQ8REYS8C,R1MSAB5BD0D8JE,R1MTUFX2G4V92J",188,978,4.132978723404255,13,0.028350515463917526,0,0,0.03374233128834356,0.5531914893617021,0.44680851063829785,1,978,3.5,1,3.5,0.0,978.0,0.0,0.0,0.0,0.0,0
B08Y5QJXSR,"R2IIQ5X1KFC218,R3GC9FMTX9ZRBD,R1KTDK3ZQXXKD1,R3BU5QCZ6URHIV,R2IUXE2RH8OJ2A,RTJCKSW3MGDCJ,R25B5M8BFZ5APO,R3IYSZRJ55ATP3",103,584,4.427184466019417,6,0.0334075723830735,0,0,0.05136986301369863,0.7475728155339806,0.2524271844660194,0,584,4.3,1,4.3,0.0,584.0,0.0,0.0,0.0,0.0,0
B07WJXCTG9,"R2US7Y06YM7OHR,R2OAKOAGTGVUTN,R3DVFQGVFX84XI,R1WAPDS97JZKIA,R1ESX1X8D1NBKP,R2AUA7VTJ8T109,R2UBSM7L5I24EO,R1G0Q0UJ7FBXGP",193,772,2.7927461139896375,4,0.031835205992509365,0,0,0.029792746113989636,0.5751295336787565,0.42487046632124353,0,772,3.9,1,3.9,0.0,772.0,0.0,0.0,0.0,0.0,0
B09NBZ36F7,"R3OIY3XB4667JN,R343JP2QEQ4OU1,R1YVJDFTPY1227,R3LVWE3Q7WY798,R7GMXPSA7U047,R2ZI5FCZK684JN,R2CTSF9ABMHN6C,R3T9C8BMA8PF8P",73,409,4.438356164383562,2,0.05263157894736842,0,0,0.04645476772616137,0.684931506849315,0.3150684931506849,0,409,4.2,1,4.2,0.0,409.0,0.0,0.0,0.0,0.0,0
B0912WJ87V,"R3TOOFPX256D59,R1PR50BDQOEIIO,R392FI4QWXWOX5,R85UZWVZHVWQF,R67DCS6U6YAX1,R1D0FB7K1UOFSJ,R24HHC45FGAWV3,R26PXJ8P5Q5FHH",244,1321,4.311475409836065,15,0.039047619047619046,2,0,0.03179409538228615,0.5901639344262295,0.4098360655737705,1,1321,3.8,1,3.8,0.0,1321.0,0.0,0.0,0.0,0.0,0
B0BMTZ4T1D,"R2SBOJRVH87Z3A,R2JZAP6U9T86EI,R2FUR9B0B9PHCM,R31RUINAE4JQ9V,R1L8EBC22RKCG5",127,717,4.566929133858268,8,0.025906735751295335,0,0,0.02789400278940028,0.6771653543307087,0.3228346456692913,0,717,4.5,1,4.5,0.0,717.0,0.0,0.0,0.0,0.0,0
B07Z51CGGH,"R2IPVSKOO0624U,R358NA83FQL4AE,R2J3IJ37A0TYAL,R114CSTYEOW1ID,R1OFIM5CH5R92R,R26HJA1WW7OTY7,R1LTHOMTCR3MDP,R2U47H32CGIZL5",183,1031,4.551912568306011,15,0.04441776710684274,0,0,0.03394762366634336,0.5628415300546448,0.4371584699453552,0,1031,3.8,1,3.8,0.0,1031.0,0.0,0.0,0.0,0.0,0
B0BDG6QDYD,"RSV9TZFCZGNJM,R2OQAPQPWJ13ZS,R145ESVWL5NKD8,RKVEH58EIOD7R,RPYQ3EMAHHNIH,R2706B6WB0LN1M,R10DZEZJUT4T6K,R3LIDV3FE4WP2U",132,746,4.53030303030303,11,0.047217537942664416,0,0,0.045576407506702415,0.6212121212121212,0.3787878787878788,0,746,4.1,1,4.1,0.0,746.0,0.0,0.0,0.0,0.0,0
B00YQLG7GK,"R1D9RWNUO50OL2,R3UBUQT5L25WJV,R41I3GR7DNRBK,R3JJ8CIALK6GJI,R2B50JTABPD6LS,R248KORTE9C15N,R26RTMICLY2WE5,R1DZ4NVSGNARIJ",118,616,4.135593220338983,13,0.09876543209876543,1,0,0.04707792207792208,0.6949152542372882,0.3050847457627119,1,616,4.2,1,4.2,0.0,616.0,0.0,0.0,0.0,0.0,0
B00SMJPA9C,"R8MWH2C3FSEK3,R38S0MZVLY0VRM,RFMS5SU0JSYPQ,REHZI4HEMEHJV,R142J5WJGIJ8CO,R2Q5B4SXB4J04I,R1HBTSY0F2IO9D,R3P3N5PQLDHLYS",108,565,4.175925925925926,7,0.0639269406392694,0,0,0.06902654867256637,0.7037037037037037,0.2962962962962963,1,565,4.1,1,4.1,0.0,565.0,0.0,0.0,0.0,0.0,0
B0B9RN5X8B,"R1LI60GXHA0P4R,R3B6HW9V910CZO,RLHRRVTR54DUP,R28T406GWSUMTK,R1JKFY2MLYJM5Z,R27FGZ9C2NRC3J,R3CVRZ2P93GWFR,R21YSBO429830L",81,464,4.567901234567901,8,0.04657534246575343,0,0,0.0603448275862069,0.6666666666666666,0.3333333333333333,0,464,4.2,1,4.2,0.0,464.0,0.0,0.0,0.0,0.0,0
B08QW937WV,"RXW65D85E5PT7,R26KGH1T4JLVKC,R3M3ZC7HMK17L,R26H1DURWI8AZR,R3JH5EEXSYW5G6,R35C9T5EDL0MJG,R2RSK1JGLBTS0C,R1WSD60MD51CKK",63,354,4.412698412698413,6,0.05755395683453238,0,0,0.062146892655367235,0.6507936507936508,0.3492063492063492,2,354,4.5,1,4.5,0.0,354.0,0.0,0.0,0.0,0.0,0
B0B4PPD89B,"R2YLDT44YPDA2G,R39360RU5VF8V5,R17JJCUW7LT3JK,R2XRDEM927X3FR,R337QVI8OQCWBB,R2Z2ZTUR54RPC9,R3P4FG9657U0PS,RMKT12XVNLW9K",145,813,4.43448275862069,18,0.0421216848673947,0,0,0.04920049200492005,0.6206896551724138,0.3793103448275862,0,813,4.0,1,4.0,0.0,813.0,0.0,0.0,0.0,0.0,0
B08GM5S4CQ,"R3N1KWPD82KCJH,RUP7RE9R1GMG7,R1EM1ELIZK4UQO,R1KENVOUNW6R1X,R1N5J4AH4O9X4T,R35QA88TXAIRTF,R1AGOOCPLSM5ZG,R1NA3LLEM31J5M",313,1823,4.674121405750799,18,0.024104683195592287,13,0,0.033461327482172246,0.5207667731629393,0.4792332268370607,0,1823,4.4,1,4.4,0.0,1823.0,0.0,0.0,0.0,0.0,0
B00NM6MO26,"RM6F2CS52ASGD,RTFZIQRITFCIV,R32FXB6GR3QTL0,R22YPCRTDOIQDE,R35AWS6LOXIHFR,RE4SLVEI48Q4Z,R325EKU2FKEM30,R1JRI27AL0H5MD",181,955,4.138121546961326,24,0.05313351498637602,0,0,0.048167539267015703,0.6077348066298343,0.39226519337016574,0,955,4.0,1,4.0,0.0,955.0,0.0,0.0,0.0,0.0,0
B083M7WPZD,"R3JP9GW6RDG7YF,R2WZQXQJGPUSL9,R3SDM4NN6LFSL,R1MPD1Z1RVWED5,R2DFHZQ2DIC252,R3VXTRX34YFXJ9,R1LCIITYYC3DTG,R16NO3UIEZYUMI",70,399,4.642857142857143,2,0.043076923076923075,0,0,0.045112781954887216,0.6571428571428571,0.34285714285714286,0,399,4.0,1,4.0,0.0,399.0,0.0,0.0,0.0,0.0,0
B07GLSKXS1,"R3JRCWMWKXH9IB,R3G026EMLP0VS7,R24JJEFAXZH2J6,R24WHQLDAXAB92,R21V0OVOI8IF8N,RC1OYQZGSAU8Y,R1R8U1O073H76A,R1NVGNWTYT0WZV",95,535,4.494736842105263,10,0.057279236276849645,2,5,0.05420560747663551,0.6947368421052632,0.30526315789473685,0,535,3.9,1,3.9,0.0,535.0,0.0,0.0,0.0,0.0,0
B09F6KL23R,"R3UIZ85E8RCFUT,R2S1HZIXB203EH,R272XKO2RCSBFJ,R2YTL99CZ1KY8F,R2Q3F8S96PYJK5,R3D0YV4YZWF58X,R3NU9GCTSLCR29,R2EX9GSKA1K6IA",151,875,4.655629139072848,19,0.12805755395683452,0,0,0.052571428571428575,0.6556291390728477,0.3443708609271523,0,875,4.0,1,4.0,0.0,875.0,0.0,0.0,0.0,0.0,0
B094G9L9LT,"R18T6LNT4V3WIK,R3J5KJWXWZ9BTL,R27KT7RSJUJ9WK,R24X9LMOOX690Y,RUN0V9GG0NY3K,R898UMT5A5N06,R3EGALHA5I1H5M,RHNR43R07U1HL",137,747,4.357664233576642,16,0.04020100502512563,0,0,0.041499330655957165,0.6642335766423357,0.3357664233576642,1,747,3.8,1,3.8,0.0,747.0,0.0,0.0,0.0,0.0,0
B09FZ89DK6,"R1ZCNUY4FGIBT4,R3PFYE8GPM1BM2,R1PLX62UCX8BEO,RPOJFOW2F49SE,R17TPTBCK87IBF,R3EOBXZZQZEMTI,RW9RTATRE2350,R25FU8ACFGF47V",260,1504,4.680769230769231,25,0.05615194054500413,0,0,0.030585106382978722,0.5538461538461539,0.4461538461538462,0,1504,4.2,1,4.2,0.0,1504.0,0.0,0.0,0.0,0.0,0
B0811VCGL5,"R3PCNE5292DYOG,R6AQ69P24LF60,R260VRUGIHTL9U,R2V10DMI0YG00Z,R26Y3HWJKWSAH,R27ZKRDRKTDH8Q,R2C7WEVAS7L3VM,R2KDBRE8342H5P",899,4995,4.388209121245828,51,0.0368066355624676,1,1,0.03063063063063063,0.4727474972191324,0.5272525027808677,0,4995,4.3,1,4.3,0.0,4995.0,0.0,0.0,0.0,0.0,0
B07FXLC2G2,"R3EJ8Q3TMPSQR3,R1LN1C5CM8PCGA,R3KY2YEIO4VRG3,R3VPNPIBWBPUB1,R2MIYHSE2VT4HJ,R2GSMFZARPURF8,RLEOSHQWOXO2M,R24AZS90ZJ7KRC",130,714,4.4,11,0.06315789473684211,0,1,0.036414565826330535,0.6307692307692307,0.36923076923076925,0,714,4.2,1,4.2,0.0,714.0,0.0,0.0,0.0,0.0,0
B01LYU3BZF,"R2LMXNB7ADDJWB,R3V1ETN1KQ4QL2,R3GOQBMSH5MIUG,R3MDULNGS6SJBE,R73PI9VTV760M,R2B1S5L1253SQ9,R1GZGDHSXXGJHC,R1XINIJIB8NIAC",167,922,4.419161676646707,12,0.03934871099050204,0,0,0.03579175704989154,0.6167664670658682,0.38323353293413176,1,922,4.3,1,4.3,0.0,922.0,0.0,0.0,0.0,0.0,0
B083RC4WFJ,"R1BE774NJ5R2DX,R1U4G4C65P8D4G,R2WMQC1KWG94P7,R2J2KA1OUGEH3L,R2Q7JZD5DQRYLN,R1B31T0G8VFWWH,R7K5AJJ5YJMCJ,R1IMH92PEPVZ3Y",139,772,4.438848920863309,11,0.03403565640194489,0,0,0.04015544041450777,0.5899280575539568,0.41007194244604317,1,772,4.2,1,4.2,0.0,772.0,0.0,0.0,0.0,0.0,0
B09SFRNKSR,"R3CXWGXJIO3QD4,R317WT80E3F4I2,R2TEW122AFHO0N,R2L87VHBYI2A1V,R2NO3GT7CX9TX1,R1H7XDUE2AFTOJ,RW5LMN5G0IGL3,R38ZOGEKGSJBCV",158,843,4.2405063291139244,8,0.029850746268656716,2,0,0.03558718861209965,0.5632911392405063,0.43670886075949367,2,843,4.4,1,4.4,0.0,843.0,0.0,0.0,0.0,0.0,0
B07NRTCDS5,"RXN6DPSJFAMLA,RNC0MI1CWR8H9,R4E5DYXHHGZTD,R5D0HBQWAXYEP,RM8086AZAWNQB,R1Q5I4OT08XBBP,R1N1J6DCG6LIYP,RMZG7RNEPFOII",125,622,3.952,4,0.032586558044806514,1,0,0.03054662379421222,0.664,0.336,1,622,3.8,1,3.8,0.0,622.0,0.0,0.0,0.0,0.0,0
B07SPVMSC6,"R15AE2SXC1IIK3,RQHVUM93NUCOU,R2DX0NQ3S7KOQ4,R14DYCKOFGZ3G4,R3Q6AZSWSPY4RH,R3JJWGTD07H7HX,R1CHWJNGGBUZD6,RK96X31K91U0O",153,834,4.34640522875817,11,0.04711246200607903,0,0,0.03597122302158273,0.6470588235294118,0.35294117647058826,0,834,4.1,1,4.1,0.0,834.0,0.0,0.0,0.0,0.0,0
B09H3BXWTK,"R4B8YJ4015C8C,R2XKAK7JRBGM2C,RJ6E5TLJP5Z7S,R21Y12O2T0TTRL,R1A5CC17IZ91M2,R1BO82C1MOQXP,R2I0URMKJL9FJX,R3V5CR48TYWKVC",195,1104,4.553846153846154,21,0.044673539518900345,0,0,0.049818840579710144,0.6,0.4,0,1104,3.9,1,3.9,0.0,1104.0,0.0,0.0,0.0,0.0,0
B0073QGKAS,"R1HBS1IAS9P3EK,R3B3INPXIQLFGO,R3U26KEWXGCBX2,R2MHLMK5VBQRD,R35MGIOUQQHXWK,RO3LTHQ4OZR1F,R35ZZ86LVZLBDC,R3KVONT5CWWQ1V",122,676,4.401639344262295,11,0.0450281425891182,0,0,0.051775147928994084,0.6311475409836066,0.36885245901639346,0,676,4.3,1,4.3,0.0,676.0,0.0,0.0,0.0,0.0,0
B08GJ57MKL,"R33RASBIQKH1EX,RBOPA6420OHEP,R200UL35KLRW7R,RJP0K4KZDD2HP,R1PMRQ6KVUO5UV,R20LSQBJM9GWDK,R2FMPKSMQSCODD,R120D3AP6AXFGR",547,2992,4.396709323583181,35,0.03341687552213868,0,0,0.0213903743315508,0.49177330895795246,0.5082266910420475,1,2992,4.4,1,4.4,0.0,2992.0,0.0,0.0,0.0,0.0,0
B009DA69W6,"R3ILP34L4UM7UI,R1M3L7485NFGSE,R68JE2G98FHTQ,R2DX8OAP0HXXWP,R2LZF3QSCI31HQ,RCGA8MAYBXPJV,R2OPEWC0J4VGCD,R18ICGMNS6POJN",131,673,4.038167938931298,9,0.03238095238095238,0,0,0.04309063893016345,0.6335877862595419,0.366412213740458,0,673,3.6,1,3.6,0.0,673.0,0.0,0.0,0.0,0.0,0
B099PR2GQJ,"R36V1YMVL43QN7,R265AK6OA2TC8X,R1ARTHG7JGRQZM,R2BW4R43F7KEE6,R2DCCCB33HJNSM,R3RIE0EEY4D6AU,R34NVXTC9AB26E,R2DBNW5O341SEP",235,1279,4.3446808510638295,22,0.032640949554896145,0,0,0.03674745895230649,0.5914893617021276,0.4085106382978723,2,1279,3.8,1,3.8,0.0,1279.0,0.0,0.0,0.0,0.0,0
B08G8H8DPL,"R1WOCZISS1XXUR,R2M762SF95HF4B,RC6AWPQ7PREJZ,R17NZIN8DSAOFP,R3A3W9KP62H29B,R38E6QSOIKQFIR,R3EUCFMNX3LPQX,R1FVMAOCOXBG2H",162,881,4.302469135802469,14,0.052941176470588235,0,0,0.0681044267877412,0.6234567901234568,0.3765432098765432,0,881,4.0,1,4.0,0.0,881.0,0.0,0.0,0.0,0.0,0
B08VGM3YMF,"R1JIP74022FMDC,R31SG7WHIC9NCU,R3A3PKTJCGIGIL,RNS7CWZGDI8R0,R11GZVOGK994MO,R38Y84L9CYB7F8,R63Y7I2Q7B0RH,RWBU98UIH3EG4",140,753,4.292857142857143,14,0.04658901830282862,3,0,0.041168658698539175,0.6,0.4,1,753,4.1,1,4.1,0.0,753.0,0.0,0.0,0.0,0.0,0
B08TTRVWKY,"R1SPFVN2778DYH,R2GUT54B310MIN,R2WBP8YTLS3OPJ,R10U91ZIGVUEQI,R3OLO46FXE0Y7M,R16UMFRRYVRO2D,R36C315MIJHD4N,R150MFQR8MGSDT",116,625,4.267241379310345,10,0.04251012145748988,0,0,0.0416,0.6120689655172413,0.3879310344827586,2,625,4.3,1,4.3,0.0,625.0,0.0,0.0,0.0,0.0,0
B07T4D9FNY,"R13QV6AOAYQU6G,R3L6R136L1ST2P,RF99IXGAWSCF8,R1XDPHF5KVF70,R1TR4LHDJK4QWM,RB564J68ZBB84,R1WXATOTR9V2BE,R36V83UCGEC2K2",78,422,4.243589743589744,10,0.04892966360856269,5,0,0.06635071090047394,0.6666666666666666,0.3333333333333333,1,422,4.0,1,4.0,0.0,422.0,0.0,0.0,0.0,0.0,1
B07RX42D3D,"R1CKI4SPAMK1GB,R2FIM2IXDA4XI9,R1UTSUUY3RC5VJ,R1LJCG64HWSE2H,R1RQCLLYGGFIZ,R2VEEENKBTSZM7,R5DI7U9X7CQ6L,R34PTECLSNQ92Q",99,551,4.404040404040404,6,0.03917050691244239,0,0,0.0544464609800363,0.5757575757575758,0.42424242424242425,0,551,3.9,1,3.9,0.0,551.0,0.0,0.0,0.0,0.0,0
B08WRKSF9D,"R3AR7U6LZEKGDZ,R2559XZPCVQQRB,R3C4WERXJ1FXVW,R37J6M8XU8J2UN,R2CIXVM89ZQOMB,RSOZUVKUZCPUL,R2C54R87M3BF97,R2PJG45RZVC1AG",288,1698,4.777777777777778,19,0.025241276911655532,0,0,0.03121319199057715,0.5763888888888888,0.4236111111111111,0,1698,4.4,1,4.4,0.0,1698.0,0.0,0.0,0.0,0.0,0
B09R83SFYV,"R4TD9COGBSNUW,R1N9BISDU5DUKY,R2WUK4CHR50M6P,R3Q3J9ZCQW08SJ,R3R09SQ3LQZWP0,ROG94W9K5IZPP,R19LU5HO0C5G6R,R2SI5AOVPWRB0D",120,691,4.608333333333333,12,0.027124773960216998,0,0,0.04775687409551375,0.6916666666666667,0.30833333333333335,1,691,3.7,1,3.7,0.0,691.0,0.0,0.0,0.0,0.0,0
B07989VV5K,"R3LRZAZO84DZ6K,R2YW5LSIWDR1XE,R6ML5G46VYY0P,R11DL2AWM51JUU,R1B80KWS9LCB8X,RVX4OJQUR5ZVE,RPBCYAHF3NX4E,R14KVXYDLAEBHR",105,571,4.352380952380952,5,0.03991130820399113,0,0,0.040280210157618214,0.6190476190476191,0.38095238095238093,0,571,3.6,1,3.6,0.0,571.0,0.0,0.0,0.0,0.0,0
B07FL3WRX5,"RXAODV2OHBKW4,R2AV4UYNGRE33Q,R3KJCPWOGYC672,R2RZ8II2EGKEUF,R20LI4O45SMFP7,R1HPQHT13QYKBK,R110CR4AD558XA,R2GAR49XG4B2MR",350,1881,4.248571428571428,31,0.03160726294552791,0,1,0.03721424774056353,0.4685714285714286,0.5314285714285715,0,1881,3.7,1,3.7,0.0,1881.0,0.0,0.0,0.0,0.0,0
B0BPCJM7TB,"R35KB9ZGJU69DM,R2WAUSC1WTJAI1,R3602Y24JS49JI,R1TBI06WZKGIRG,R20MFO7K9BOV48,R3V4ZRTE667XFW,R1YAJKA5XF1GJY,R24VC2SIKJTTCC",127,674,4.188976377952756,11,0.04331450094161959,0,0,0.04302670623145401,0.5511811023622047,0.44881889763779526,0,674,4.0,1,4.0,0.0,674.0,0.0,0.0,0.0,0.0,0
B08H673XKN,"RICLGKGN5RFBD,RQV7WIBD0GS06,R25UI50GV8IC8H,R2LFQN3J98VK9K,R1ATYWNQEP9IRU,R1OKGK70LYSD46,R2LV882ASO4EJM,R1J8XIRST0HDN6",243,1390,4.592592592592593,22,0.03164556962025317,0,0,0.03093525179856115,0.6090534979423868,0.39094650205761317,1,1390,4.2,1,4.2,0.0,1390.0,0.0,0.0,0.0,0.0,0
B07DXRGWDJ,"R31T82ERD3ZMK4,R18IERM1VRE4RO,R94MCO9Z1XEG2,R288LHAQ8X9S9P,R1NW1X48RSET1Z,R2G5RVERUGUY9G,R16IY5HPEMSUGV,R1S5FD0D8T44R5",323,1715,4.222910216718266,26,0.027225901398086828,1,0,0.03206997084548105,0.5015479876160991,0.4984520123839009,0,1715,3.8,1,3.8,0.0,1715.0,0.0,0.0,0.0,0.0,0
B08243SKCK,"RA88ON37S8GZ5,R1N9K09PK3ETZK,R2HG9API98AHDB,R10P5LB5B4388O,RGDHODCPC089K,R3RSVTS2C7Q2A5,R3H72Y074V957G,RN321J53AKU0K",129,776,4.782945736434108,15,0.03727714748784441,3,0,0.05670103092783505,0.6201550387596899,0.3798449612403101,1,776,4.2,1,4.2,0.0,776.0,0.0,0.0,0.0,0.0,0
B09SPTNG58,"R19X0TLJFOL8RV,R3H2XBOSPH6NZR,R187CEHOWSXVIR,R3D78DM0715YW3,R1ZTUD2LMQZ1O0,R2HMMLCLTHHYZ9,R3ETS7YB3Q999V,R8L7UK03RGGA",109,542,3.7339449541284404,8,0.03225806451612903,0,1,0.055350553505535055,0.7431192660550459,0.25688073394495414,0,542,3.9,1,3.9,0.0,542.0,0.0,0.0,0.0,0.0,0
B083J64CBB,"R1SRW5MRZ2F6VG,R2BTFTYIMXI30J,R26S60TY88S2K0,R253NRG08YZO1Y,RZAQWZXPXX0WI,R6SYJU2XCOP39,R355AITAQWV51A,R3UYCY0PK6T5JS",145,772,4.213793103448276,11,0.03273322422258593,0,0,0.042746113989637305,0.5172413793103449,0.4827586206896552,0,772,4.0,1,4.0,0.0,772.0,0.0,0.0,0.0,0.0,0
B08JV91JTK,"R3OF7DKU80WNEX,R2D3JX3CMCDYQ7,R2NDSGQUOW1UFI,R39U97UD4PTKP0,R1R7Q9BYUN7EJM,R7PB9YYX02O1S,R407TEVC3CYBY,R1TQ2SCBEDK1NZ",190,975,4.036842105263158,16,0.05046480743691899,3,0,0.041025641025641026,0.6210526315789474,0.37894736842105264,1,975,4.1,1,4.1,0.0,975.0,0.0,0.0,0.0,0.0,0
B0BQ3K23Y1,"R3907SDNN9VR5Y,R1NNMXA39722T8,RXQNT49DKJ26S,R22MNVNS4IIKG3,R2CQDP0G85P8C0,RMJZ65KLW040B,R2M6EZZQ3RC4AX,RLWCOK6XMDAGC",445,2396,4.276404494382023,42,0.037407797681770286,2,0,0.031302170283806344,0.4337078651685393,0.5662921348314607,1,2396,4.8,1,4.8,0.0,2396.0,0.0,0.0,0.0,0.0,1
B09MT94QLL,"R1DIZ1VVBM3XF3,R3RUTUF4VKRG87,R3BKZ1CNXYB14D,R3375SVOFCYTFF,R1EYL0456QZ6TD,R7Q0TY2ZGMMIN,R2TFE2JWK585DQ,ROSY5BMO160S8",86,511,4.72093023255814,8,0.07435897435897436,0,0,0.08610567514677103,0.7441860465116279,0.2558139534883721,1,511,4.2,1,4.2,0.0,511.0,0.0,0.0,0.0,0.0,0
B07NKNBTT3,"R1S5MM420VK5O,R256KIA5SVIYEY,R1G3NQY6VPZ0W2,R27PE0BR7AFI5K,R30IFO0Q1K73E9,R2AVU3XTD27ZHS,R2VKAANDZUB2TJ,R6GQW6RKQ9MK5",218,1158,4.197247706422019,16,0.038419319429198684,2,0,0.03454231433506045,0.5871559633027523,0.41284403669724773,1,1158,4.1,1,4.1,0.0,1158.0,0.0,0.0,0.0,0.0,0
B09KPXTZXN,"RAYWMRZPZ14X1,R3DDSZWJ24VK4Z,R3SLQOT4AZDXOJ,R1XNL0XA54KUAZ,R144WYY5PBRA6,R3QCRFDNP1RZM5,R36H099OCB985O,R32C98BJ9DRL79",97,568,4.731958762886598,9,0.03508771929824561,2,0,0.04401408450704225,0.6391752577319587,0.36082474226804123,0,568,4.0,1,4.0,0.0,568.0,0.0,0.0,0.0,0.0,0
B078HG2ZPS,"R1TKOA0N93W0AF,RZSQX768Q8BRO,R38TTOMI01SZ0M,R2LTDUDDQF0HE0,R3DNOKYB0YB2DZ,R1FGO0SSUJD2TV,R35S3OO2N2ZEAK,R34JI2S82934EL",67,378,4.507462686567164,5,0.059602649006622516,2,0,0.06084656084656084,0.6417910447761194,0.3582089552238806,0,378,3.9,1,3.9,0.0,378.0,0.0,0.0,0.0,0.0,0
B07N2MGB3G,"R1R0861UO92Z4S,R3TWKN96MA3YTC,RVNYJGF3TJ1HH,R3SO8N3OF4401O,R1349PEO0YF938,R2XTBG5BD9S04B,R242RHYD9YBYGQ,RT127W0ZQV4V6",264,1448,4.3106060606060606,21,0.03904170363797693,0,0,0.03660220994475138,0.5681818181818182,0.4318181818181818,1,1448,4.1,1,4.1,0.0,1448.0,0.0,0.0,0.0,0.0,0
B008LN8KDM,"R1F0HJV54WA6Y1,R31EQO2072ECK1,R13WG12278YLU8,R3NE8OQ3WPJOT9,R3VLPV94UNTN7D,RB55IVR4IJ658,R25GNVDCF8MRK4,RITW7QXM8HJHT",161,823,4.0062111801242235,14,0.05124223602484472,0,0,0.0425273390036452,0.5590062111801242,0.4409937888198758,0,823,4.3,1,4.3,0.0,823.0,0.0,0.0,0.0,0.0,0
B08MZNT7GP,"R27CJ1292FG4JG,R1M9SWXRIZJVWU,RVITAAYFIMZKT,RNQDSVULD4JIE,R2D1S7Q52J4VXW,R25IJXPUWT8LFK,R3RITYKX4MWYCK,RP43KMMRPV2Q3",339,1980,4.787610619469026,23,0.029906542056074768,2,0,0.030303030303030304,0.5988200589970502,0.40117994100294985,1,1980,4.1,1,4.1,0.0,1980.0,0.0,0.0,0.0,0.0,0
B009P2L7CO,"R2QBFLBABR9GF,R3IJW3DL5R0M17,RTLJ2SFPAH8LU,R2RYJL2TSW8T52,RC81G65D5P4SW,R3J5PW39AP2MFD,R21CUQNQ5BSFGH,R1XBT0HSF7NCKJ",50,264,3.96,2,0.05583756345177665,0,0,0.056818181818181816,0.66,0.34,0,264,4.2,1,4.2,0.0,264.0,0.0,0.0,0.0,0.0,0
B07YC8JHMB,"R14L8SQPUEZAEJ,RGR9FMKB5LX06,R1R0YDAA1E3OBE,RYC3XH9C3EBWK,R12GSMU9X7QCRL,R3IQIN3KU0Q3XX,R1747LGCOQKZPN,R1IBV1QIKU5QG7",480,2574,4.279166666666667,28,0.02294921875,0,0,0.020202020202020204,0.45208333333333334,0.5479166666666667,1,2574,3.9,1,3.9,0.0,2574.0,0.0,0.0,0.0,0.0,0
B0BNQMF152,"R188HVUJ3OC30R,R1FIJ9CPDW3WLE,R3NBFPDHO752C6,R1IL2YSPHL7Y9J,RRO3M2JQNUPLE,R3CNLHNBUYL7L8,R1GMZP3OAY2PQ4,R2JUW2AKU9TZVF",149,773,4.053691275167785,11,0.06988352745424292,0,0,0.042690815006468305,0.5704697986577181,0.42953020134228187,1,773,3.7,1,3.7,0.0,773.0,0.0,0.0,0.0,0.0,0
B08J7VCT12,"R2IC3MR8NSZXMB,R9DLK5R9IBY7H,R3QAFK08KOEM4X,RX0A7QAF3B8I7,R3DM3S7H8XLU0,R2ZXJGVOZAF18U,R13OM9G76N34OR,R2I7KZEBT2RJPK",159,875,4.333333333333333,20,0.041666666666666664,0,0,0.045714285714285714,0.6855345911949685,0.31446540880503143,1,875,4.1,1,4.1,0.0,875.0,0.0,0.0,0.0,0.0,0
B0989W6J2F,"R2K6SJH759C5FH,R32T8N4D11SFYS,R2AJIRID0O5M69,R3AFS0Z7NAVP9Y,R1ASKR3Y6EFO9Y,R18WQH7TYX092,R21411AL26C3MR,RW5XWAMBITKJR",160,881,4.40625,13,0.03443328550932568,0,0,0.03745743473325766,0.56875,0.43125,0,881,4.0,1,4.0,0.0,881.0,0.0,0.0,0.0,0.0,0
B0B84KSH3X,"R2HFE6XNQS0UP8,R2BSCK1PAXQ5NH,RZPZS0APQWNRT,R1C19Z7Y860MKY,RZRHOS2N9ZVJM,RUC6VSV4LU9P4,RN8096LY7UFUJ,R355G76ECUQ7GN",100,552,4.49,7,0.04017857142857143,0,0,0.03985507246376811,0.62,0.38,0,552,3.8,1,3.8,0.0,552.0,0.0,0.0,0.0,0.0,0
B08HLC7Z3G,"R21ZV0J85EQUOH,R2VSWW07HYJWQ8,R1EL7FF3GX730L,R1RT1L8WRAQY5D,R5KGDEFAJ5RVH,R3INXSK9AF574O,RVDYX9SNZJ6MQ,R169WUUXF4ZIUZ",297,1684,4.558922558922559,23,0.02744807121661721,0,0,0.029691211401425176,0.5925925925925926,0.4074074074074074,2,1684,4.2,1,4.2,0.0,1684.0,0.0,0.0,0.0,0.0,0
B0BN6M3TCM,"R2QT3QBL25HBTG,R3E449S1ZWR7F9,RLHERK8U1LREO,R1NHGLXW1QKLBC,R2MQH21SEZOIUM,R31ZE4UADPDRG4,R3B8J75DKKAPIZ,RYXRDTE7LINT1",282,1440,3.9680851063829787,20,0.028751123090745734,7,0,0.034722222222222224,0.5106382978723404,0.48936170212765956,2,1440,4.6,1,4.6,0.0,1440.0,0.0,0.0,0.0,0.0,1
B01L6MT7E0,"R34PWVCC9VENM9,R14WKFJ1BTMD1B,RZRUE1VLMP3QK,R12RV1CVRJOA3Y,R1UVYM31CNIFTO,R2R6FPO6X0GQO4,R7D2D2BOMAUTO,R16S2JKUS18GAB",1393,7494,4.282124910265614,80,0.03029790115098172,1,0,0.02241793434747798,0.35678391959798994,0.6432160804020101,1,7494,4.1,1,4.1,0.0,7494.0,0.0,0.0,0.0,0.0,1
B0B9F9PT8R,"RNFDIM9PF1C9U,R36YHQKR1456NC,R3SZ6SM72UXPT9,RZYOW4CYXKVOE,R12ZDG5WML5E1Z,RORVGP6V0EP21,RNHLZSPMRSBN3,R2R3PMS05CDPY4",534,2913,4.342696629213483,43,0.026828212894850715,2,0,0.03604531410916581,0.46441947565543074,0.5355805243445693,1,2913,3.3,1,3.3,0.0,2913.0,0.0,0.0,0.0,0.0,0
B0883LQJ6B,"R293AKJY0KAYU2,R1CKLC9EOIW0CO,R1SFNUH4BC29Q4,R23FF4AI11EGQG,R2ITLBT3D3QIFF,RZ2TK6IVJL936,R1ZCONBNFKG8ZC,R1OJUIJC0SV7DS",171,880,4.087719298245614,10,0.03597122302158273,0,0,0.029545454545454545,0.5789473684210527,0.42105263157894735,0,880,4.2,1,4.2,0.0,880.0,0.0,0.0,0.0,0.0,0
B099Z83VRC,"RCZZ3OE0HNTMR,RKY1OFMHN5A3D,R143FGMXO612N1,R37QUY4LLQBPG3,R2D85FE1SVH9R7,R1JEMHPSAGZKDW,RS2R19WDEHUNL,R1UW9TNRNUY15B",283,1439,4.0,22,0.03371783496007098,1,0,0.029881862404447533,0.49469964664310956,0.5053003533568905,1,1439,4.3,1,4.3,0.0,1439.0,0.0,0.0,0.0,0.0,0
B00S9BSJC8,"R35S3FG2J2TJAM,R14JYWLSY6VOZW,R10TNWC8M5M8E9,R1YCJPR648EPXQ,R1ZR7S45YOQHKX,R23T81UVKR2YSW,R1YGKMW5AF14T9,R30ID8UXCDX35K",1113,5786,4.108715184186882,57,0.02067297118979547,2,0,0.023332181126857934,0.38724168912848156,0.6127583108715184,0,5786,4.3,1,4.3,0.0,5786.0,0.0,0.0,0.0,0.0,0
B0B4SJKRDF,"R1UQOSA7I0B6CT,R1JP6NH8K5NZU5,R2I5H53LBQO3LU,R2GHLGUZHUPKYI,R2LGD1DSKBGHES,R2TZD3HUFR98EF",144,849,4.729166666666667,16,0.038348082595870206,0,0,0.04122497055359246,0.6597222222222222,0.3402777777777778,2,849,4.3,1,4.3,0.0,849.0,0.0,0.0,0.0,0.0,0
B0BM4KTNL1,"R1YXOQ6ZZI33LZ,R17FVMZGPYPOYZ,R23NCERA0R891T,R2UV8DYD8AD2EH,R3C4W7ZA3D6KJV,R1N02TVQHTIFVX",136,729,4.220588235294118,9,0.023008849557522124,0,0,0.04252400548696845,0.5661764705882353,0.4338235294117647,0,729,4.7,1,4.7,0.0,729.0,0.0,0.0,0.0,0.0,0
B08S6RKT4L,"R3BIC1KGACDYI0,R1CCVQBZR4Q9VB,RZIRE8MUDAZ82,R1NRMX4OA3SKEO,R1MVQCC2Q3ABZ1,R33SSIWTU7O0HN,R1S3TX7C3GKBWE,R2JTNGSHLWKQHT",233,1349,4.643776824034335,11,0.034482758620689655,0,0,0.03187546330615271,0.5321888412017167,0.4678111587982833,1,1349,4.4,1,4.4,0.0,1349.0,0.0,0.0,0.0,0.0,0
B09SZ5TWHW,"R2DY63XZUWM7SE,R1PZLXZL2ME6XT,R2VZRY72JJLPH3,R15RBOQE6F587T,R1ABQ9XJSD1B9N,RM0HKLK17HGWT,R6D68WWCYXIE6,R5Z1TDHJJTBCN",215,1247,4.688372093023256,16,0.03880597014925373,0,0,0.030473135525260625,0.6511627906976745,0.3488372093023256,0,1247,3.9,1,3.9,0.0,1247.0,0.0,0.0,0.0,0.0,0
B0BLC2BYPX,"R1M11VMLH6I3TN,R2OLOOGNHQ37ZA,R3PIVKT8BNMA4G,R3IEB79VMJ4KUB,R2FW55EB4WH4HM,RKHYI4QXIDG0B,RR30YFP5QKZZZ,R13ATADDWQX8CT",266,1357,4.003759398496241,15,0.029217719132893498,1,0,0.029476787030213707,0.5,0.5,2,1357,4.7,1,4.7,0.0,1357.0,0.0,0.0,0.0,0.0,0
B00P0R95EA,"R2QFJ90TFMGE4S,R35KQ2BQ7TKJS8,RBD5L7F8BAR71,R1ZYMEO92ST8E2,R1DLFFF7N1G9JT,RYJAAGZ3I6ERK,R33ND5PEC4ILD9,R2N2T71KGYJX0",48,284,4.8125,4,0.08333333333333333,0,0,0.06690140845070422,0.5833333333333334,0.4166666666666667,0,284,4.1,1,4.1,0.0,284.0,0.0,0.0,0.0,0.0,0
B07W4HTS8Q,"R371P01X49V8QV,R3MMP5A1MKKZZP,R1VI6TV1VNY0H6,R2MLAH3IBE9WB6,R2CGNL0P1F07CF,R1SLP1FDAIRDIA,RTCE1LHDI5MSC,R2U1JC1BKWWUFG",124,719,4.669354838709677,7,0.0328719723183391,0,0,0.03616133518776078,0.5725806451612904,0.4274193548387097,0,719,3.8,1,3.8,0.0,719.0,0.0,0.0,0.0,0.0,0
B078JBK4GX,"RGW48SIV6YSO8,R3UPD9POT3K5MD,RRT9OUXNV4IJU,R3JP8EI4SKB6TT,R36P6ISAFGCWW9,R1M33EDRD5XY8P,R19ILBYMSDBQAC,R2GS46H4UYEI4U",183,1048,4.579234972677596,23,0.06097560975609756,1,0,0.05057251908396947,0.6120218579234973,0.3879781420765027,3,1048,4.4,1,4.4,0.0,1048.0,0.0,0.0,0.0,0.0,0
B08S7V8YTN,"R1V0UIG80MWSGS,RZNM6HFXBWRJW,R1D9GBPIVP6Z8M,RL8HUBRTJ3LLL,R39RGFCIUFXU4H,R3S475ZLFA6K5C,R3RBBXW4E5LKWH,R1PZJRA2K6Y7HE",144,815,4.527777777777778,15,0.03533026113671275,0,0,0.044171779141104296,0.6458333333333334,0.3541666666666667,0,815,4.3,1,4.3,0.0,815.0,0.0,0.0,0.0,0.0,0
B07H5PBN54,"RCFFXI7HE5S1O,R3DIB02TOTSYSE,R2LUFMT90IY4QA,RXT32QTE7RUQ1,R2HOQ536IJUJM4,R1DSBS8TI7TATL,RWQ5WXJM5SYQM,R1QYJE3308FNC3",238,1260,4.180672268907563,13,0.024193548387096774,0,0,0.030952380952380953,0.4957983193277311,0.5042016806722689,0,1260,3.4,1,3.4,0.0,1260.0,0.0,0.0,0.0,0.0,0
B07YCBSCYB,"R2PK3LURGV7XMK,R17NQ1RVQ187WB,RBRUS2N936FP7,R32Z3826SCWBZC,R3N8TTZEOCVIC9,R397WT8ZINS4R3,R38K7QGV2GYAXT,RL5X2D0KMAID9",110,648,4.7272727272727275,15,0.06432748538011696,0,0,0.06790123456790123,0.6818181818181818,0.3181818181818182,0,648,4.2,1,4.2,0.0,648.0,0.0,0.0,0.0,0.0,0
B098T9CJVQ,"R3V76M88BH6XO4,R11F7S14S5Z1DR,R2K6M2964OJY62,RZQSRHICMZS4I,R3QJ8DYTSW3N7V,R6223NK3BQ0MR,R1Y2FUQ6U2C4TT,R3DARIZBJ8DE4P",126,690,4.404761904761905,7,0.03804347826086957,2,0,0.0391304347826087,0.5634920634920635,0.4365079365079365,0,690,3.7,1,3.7,0.0,690.0,0.0,0.0,0.0,0.0,0
B01KCSGBU2,"R18ZEYSRNCERR7,RZSF37HFFK0LN,R39D1A1FW10AMZ,R2KMCPSQCAAIEI,R31QEV79S8TQLC,R3CCT4DZ7PNCLT,RI7WWH1O32LTQ,RN9O9A0ARA83",250,1411,4.552,15,0.04332449160035367,2,0,0.029766123316796598,0.58,0.42,2,1411,4.3,1,4.3,0.0,1411.0,0.0,0.0,0.0,0.0,0
B095XCRDQW,"R35LX6CSWTNYSC,R1CUUHI7XOHG6J,R1GBNN50EN0PFS,R3NOMC4L51HI68,R1YMZK0C9NM9TJ,R17GMX3E73L0PD,R3T6DF21D1TVYC,R37MXBYQP6B9UG",288,1553,4.302083333333333,20,0.036824877250409165,0,0,0.03992273019961365,0.5138888888888888,0.4861111111111111,0,1553,4.3,1,4.3,0.0,1553.0,0.0,0.0,0.0,0.0,0
B09CTWFV5W,"R374MN6Y3HGVY6,R2TDXG58UA6LMS,R2KZ02C2SJ7WKJ,R2NOIFFPNAB8AD,R3JX5JS9CX0TLE,R3LZ0DBRARBRZO,R3DIAJAW70VG81,RMQ3KAMNNQ2X2",170,918,4.2176470588235295,16,0.1093969144460028,0,0,0.05337690631808279,0.6470588235294118,0.35294117647058826,1,918,4.4,1,4.4,0.0,918.0,0.0,0.0,0.0,0.0,0
B0B7NWGXS6,"R2TWO1XR7BGSHO,R1683BA4KIYFUI,R2BTLKVDN71QOW",51,279,4.313725490196078,3,0.04186046511627907,0,0,0.04659498207885305,0.8235294117647058,0.17647058823529413,1,279,4.1,1,4.1,0.0,279.0,0.0,0.0,0.0,0.0,0
B07DZ986Q2,"R34X9P95PZ5OX2,R2W61LLRNDPTLV,R1MD9WI5AP8ZQV,R37H76FMO5LQWM,RQ8LTTD9ZAD0U,R2EWX5R32OVIH5,RU43GXLFBAS8O,R1LF03KFL5GO3P",672,3515,4.127976190476191,35,0.022366522366522368,0,0,0.026458036984352774,0.4375,0.5625,1,3515,4.0,1,4.0,0.0,3515.0,0.0,0.0,0.0,0.0,1
B07KKJPTWB,"R1475ZJ873I5NE,R1IODQVRWH6ZY2,R2LZX8J3H6DOT5,R96JMMJFCJKL3,RW8C24FXP79KC,R1U7FGBOZ7LLXT,R1VVM3Y8P761OK,R3KYSOHRGRXD0Z",211,1139,4.218009478672986,21,0.05393258426966292,1,0,0.041264266900790166,0.5497630331753555,0.45023696682464454,0,1139,4.4,1,4.4,0.0,1139.0,0.0,0.0,0.0,0.0,0
B071R3LHFM,"R3INNJUH4JO9LK,R15QDC1Z7MA197,R1XO3PU241VKRL,RYERQXE72BWDZ,R1JHTSAJC61WZ3,R3P0PRTL84LY6I,R2Z85B5IROTGYA,R2EH4DVWTBAL9C",227,1247,4.361233480176211,15,0.038461538461538464,0,0,0.038492381716118684,0.5682819383259912,0.43171806167400884,1,1247,3.8,1,3.8,0.0,1247.0,0.0,0.0,0.0,0.0,0
B086X18Q71,"RZXPK0F5S2VTS,RHQXPF9G54YP4,R3MQ0FZCHTDIXT,R2YQQJIT5CF1YI,RQFWTYF7ISOCK,R2WARTYO91TQ5U,R2ZQ5A84YMYF5L,R2EAC2MQLUOE2O",216,1211,4.462962962962963,18,0.026970954356846474,0,0,0.04128819157720892,0.5833333333333334,0.4166666666666667,2,1211,4.3,1,4.3,0.0,1211.0,0.0,0.0,0.0,0.0,0
B07WVQG8WZ,"R11V5OCJYQY6WC,RIR8457ELA3D6,R2GWHK7KGBQ6DM,R1EV61F6P7A11I,R2DEONSP7S2QXE,R1ROPAJBYWFX3L,R3RP22I8F1KJ3G,RS323H3S7TUW3",574,2963,4.066202090592334,36,0.0329004329004329,0,0,0.031049611879851502,0.47038327526132406,0.5296167247386759,1,2963,3.8,1,3.8,0.0,2963.0,0.0,0.0,0.0,0.0,0
B0BFBNXS94,"R1WJ8T3U9P42IU,RM9RH8FX9U95D,R31M8UXT7NLOMY,R18Q7M2R00EW68,R11NHZQ8OKA9U0",71,408,4.633802816901408,12,0.08201892744479496,2,0,0.09068627450980392,0.676056338028169,0.323943661971831,0,408,2.3,1,2.3,0.0,408.0,0.0,0.0,0.0,0.0,0
B071113J7M,"R2WEI6XJR33OD9,R27A6L849E7GSZ,R1AEVMWF3LYR1W,R1HWDFBGDTAD8T,RW1MNAXV6W46C,R29GE7YKSLFUEI,RVPA011CN6KFC,R3RPSQIJV4SO8P",224,1304,4.59375,23,0.0341130604288499,1,0,0.04371165644171779,0.5982142857142857,0.4017857142857143,2,1304,4.5,1,4.5,0.0,1304.0,0.0,0.0,0.0,0.0,0
B09YLWT89W,"R1FX2ZCKMJB7HV,RW80Q6XC18TR1,R388KPB8P0EVTW,RH57438QTA6TG,ROZVZWR5N5XFF,R32RTSWNYGFNT3,RHK4K6M2PFZCT,R21IS8D23018BF",1713,9437,4.443666082895505,83,0.13407150480256136,13,0,0.02002755112853661,0.3420899007589025,0.6579100992410974,3,9437,4.0,1,4.0,0.0,9437.0,0.0,0.0,0.0,0.0,1
B0814LP6S9,"R1O4RWDUJDLH8G,R3BHQM50VHKHN1,RZZBLKLCKMBIO,R33B3888A0I1MF,R27C7F23ZUFG99,R3J5SC94G7LHOG,R31TAZ4NSJ9QJU,R2OO48A4CJ6ZWL",116,606,4.086206896551724,10,0.0405982905982906,2,0,0.06930693069306931,0.7241379310344828,0.27586206896551724,0,606,3.7,1,3.7,0.0,606.0,0.0,0.0,0.0,0.0,0
B07BKSSDR2,"R3KLZUQCUHHOAX,R2QQZX4QI5G707,R2PMOA0FRZQJH8,R1Z7A1FJINTOUW",370,2124,4.608108108108108,18,0.07896287566293458,1,0,0.029661016949152543,0.5918918918918918,0.4081081081081081,0,2124,4.0,1,4.0,0.0,2124.0,0.0,0.0,0.0,0.0,0
B09VGS66FV,"R3K8P7GKLOHOW3,R968YTI3QLHUU,R2WLXSMP9D425C,R3JQEX1BFY9D39,R3FG2NLHXHGVP,R3HUBJJJS3DO4T,R2661I4M86YGDU,R34YWIBFYLRQ7S",227,1280,4.493392070484582,22,0.025540275049115914,0,0,0.0390625,0.6211453744493393,0.3788546255506608,0,1280,4.4,1,4.4,0.0,1280.0,0.0,0.0,0.0,0.0,0
B07RCGTZ4M,"R59S0ST3CRK72,R32DQPFQOKWAPF,R1LBZ0AGEZPCJS,RICD6CW1J29LM,RZCQSN74LHT1B,R39HW9DHHNXMZY,RKVFIWXJ28K5E,R6VPUQX7S0ZXK",471,2611,4.4225053078556265,36,0.0316147859922179,0,1,0.03255457679050172,0.5265392781316348,0.4734607218683652,0,2611,4.1,1,4.1,0.0,2611.0,0.0,0.0,0.0,0.0,0
B0747VDH9L,"RF9Y5B4XM5YZ6,R24N6TZUI4NUAR,RMMHFQPA8C5FJ,RTE5VGSY9115Z,RRPKO7B62TUN8,RMW15G5GM7HKY,R3PNOFAB5MTZMN,R3L5QGDIMQZJ0F",303,1658,4.33993399339934,27,0.040832049306625574,0,0,0.04221954161640531,0.5544554455445545,0.44554455445544555,1,1658,4.4,1,4.4,0.0,1658.0,0.0,0.0,0.0,0.0,0
B08XLR6DSB,"RYO77QIQ3J77O,RTT5VLIVBXJ9G,RDVYDNR6YE0P9,R2N4W7YVIYXMD4,R1DZ7H2MK3UDMT,R23LLGX9FMWWT3,R39UMH72QKWB0W,R67UM0U4KH8C0",169,879,4.094674556213017,11,0.036127167630057806,0,0,0.04664391353811149,0.591715976331361,0.40828402366863903,0,879,3.1,1,3.1,0.0,879.0,0.0,0.0,0.0,0.0,0
B08H6CZSHT,"RK56D57RLGNG7,R3SZTBONWK6EEB,RW0XZ8GFEVSHT,R1ONWKUQ97UR0Z,R31QLHY7PDUZ58,R3PN59YSGTFQA4,R313IF9FNSCCXG,RGABQNB8MCJIV",98,550,4.459183673469388,9,0.05542725173210162,0,0,0.056363636363636366,0.6428571428571429,0.35714285714285715,2,550,4.3,1,4.3,0.0,550.0,0.0,0.0,0.0,0.0,0
B07CVR2L5K,"R2O8A01MW8OG45,R17SZCFHFXSBJ4,R15YIPPTFN5V7W,RVMI19H090GN5,R1UQMESC400YOE,R3N9DZ2JDGIAWQ,R2SYKE16W886JJ,R2YD92F7BXAMZH",217,1215,4.483870967741935,20,0.033092037228541885,0,0,0.040329218106995884,0.6036866359447005,0.39631336405529954,1,1215,4.4,1,4.4,0.0,1215.0,0.0,0.0,0.0,0.0,0
B09J4YQYX3,"R2UIJV14OIMCZV,R1458J40NJSVIT,RXW8PLIUVJ2OE,R9A1OF3EW7MGN,R28WD8ETADFIKR,R1PELVV3KOBO73,R3P3AYLYQSCIHC,R218TWEQR99LCG",268,1502,4.436567164179104,29,0.03637901861252115,1,0,0.03861517976031957,0.5634328358208955,0.43656716417910446,0,1502,4.4,1,4.4,0.0,1502.0,0.0,0.0,0.0,0.0,0
B0B2DD8BQ8,"R21NO0SUPFUAO5,R2GPXUN1O93HXF,R1DWVFYYKKIK74,R3I6NJUB4QS3U6,RBQO4ZTLRXA60,R7ESCSWWQ9CMY,R2XS80YVEE2VLG,R20M9438YP7Z2E",277,1451,4.097472924187725,34,0.03760071620411817,6,0,0.042729152308752585,0.5523465703971119,0.44765342960288806,1,1451,4.1,1,4.1,0.0,1451.0,0.0,0.0,0.0,0.0,1
B0123P3PWE,"R2700E7W1TZOD3,RJYAUT0FRKDMB,RL8FH0EY6MYW2,R3LQZ1MVHYQ0AH,RA44P2P2I6OAT,R1RY147GD1ET8M,RYTQA3YC8EVSL,R2UK87WTHHEQLI",197,1069,4.274111675126903,11,0.07777777777777778,0,2,0.057998129092609915,0.6040609137055838,0.39593908629441626,0,1069,4.1,1,4.1,0.0,1069.0,0.0,0.0,0.0,0.0,0
B08HDCWDXD,"R1EOXYGHBYOOB9,R2MQLUR661FKOA,R235YDZ5Q9LII7,R26GBAZJ5NKP2J,R170382TYOYO5I,RJHX6V54VZFP4,R5YSMPE1H316Q,R3021SP9CQ8U4W",147,805,4.360544217687075,15,0.0380952380952381,0,0,0.043478260869565216,0.5850340136054422,0.41496598639455784,0,805,4.0,1,4.0,0.0,805.0,0.0,0.0,0.0,0.0,0
B0836JGZ74,"R1EHLWVCNS1GYC,R12TMIZDRWREBE,R77IQG19KY16L,R3V9KCNAJ0PXQ,R2MAC7AI6X08LW,R17D4S6KU2SOBU,R1QO6EVD5EQ2MJ,R3FUW4VZQRFKQ5",135,640,3.533333333333333,10,0.041928721174004195,0,0,0.0421875,0.5555555555555556,0.4444444444444444,0,640,3.6,1,3.6,0.0,640.0,0.0,0.0,0.0,0.0,0
B0BCKJJN8R,"R2B3FENTTL8FY5,R2LLTOR4VYRSUP,R38QJJ3J9FUKGT,R1F6I0EPG64UKU,R1RMEFMJ2K9U77,R2N6SGIK0RA7CZ,RVMWQ6RR0C1HY,R3UBFGKNSPP1T",420,2330,4.464285714285714,10,0.030066815144766147,0,0,0.026609442060085836,0.4523809523809524,0.5476190476190477,1,2330,3.9,1,3.9,0.0,2330.0,0.0,0.0,0.0,0.0,0
B008P7IF02,"R2FNV0NZDLWHE,R2M99BK02MCDNV,R2P5UQ0XEPCTOW,R1J2HEVC2FWFAN,R2RIUPW9S9ZHGN,R2LV0EOIWD1E49,R1D75XFJREJIF7,R2K5FL56JA45QK",1474,7967,4.2720488466757125,141,0.1563299232736573,0,1,0.03188151123383959,0.38466757123473544,0.6153324287652646,1,7967,3.9,1,3.9,0.0,7967.0,0.0,0.0,0.0,0.0,1
B08CNLYKW5,"R13SXCYDWPZD7M,R27X89M6VNZAZ6,R13PRENBWGTJL4,R1DIQOKB8QYLUH,R2FHZN2WCMLBOH,R2AOJHZMUZ7G2I,R91I40PR8A2CN,R2IZYQKHGOMD5L",110,551,3.881818181818182,10,0.05502392344497608,0,0,0.045372050816696916,0.7636363636363637,0.23636363636363636,0,551,3.8,1,3.8,0.0,551.0,0.0,0.0,0.0,0.0,0
B08C7TYHPB,"R1785DO8M4HFFD,R348X4GTO6PQU9,R1VCNIW9SC311F,R2D84AXLIIYENV,R1CW2N7FWCQ2E9,R8KYBGAM1VF8Y,R33F0EVLTMR7Q0,R3P48DOOF0CDJ8",114,558,3.8157894736842106,6,0.046189376443418015,0,0,0.04121863799283154,0.5087719298245614,0.49122807017543857,0,558,4.1,1,4.1,0.0,558.0,0.0,0.0,0.0,0.0,0
B08VJFYH6N,"R1QPP4497NVNZ0,R3TCP13OGSIO0A,R537ORAZ3D691,R1FR1SGYIKT2UT,R2BGMFCU9XSZIO,R29PA6GTSHBZT5,R2F2GEQ7YAXRSD,R3FJPTSYA7QLDQ",318,1715,4.270440251572327,33,0.044676098287416234,0,0,0.037317784256559766,0.5471698113207547,0.4528301886792453,0,1715,4.1,1,4.1,0.0,1715.0,0.0,0.0,0.0,0.0,0
B08235JZFB,"R1YXTYLLFSDN6F,R2IU9VU91K2RIN,R13T54P444JQ2A,R2PQUB36L5O64N,R1KII9H1CWAA05,R22699HYNGFQ3F,R3VW949SRSI8DG,R33VXW5FCRM538",114,649,4.552631578947368,12,0.044921875,0,1,0.05238828967642527,0.6666666666666666,0.3333333333333333,0,649,4.1,1,4.1,0.0,649.0,0.0,0.0,0.0,0.0,0
B078XFKBZL,"R364MSHPSCBSZC,RKEUW208YEVV5,R1HDU0OEUM7U2H,RE3OPNCDGNAGC,R28G1EME0HSGGY,R1YR3D0NQE0YA6,R8VXX7ZVUBYGD,R2TDWGLITZUANO",234,1257,4.282051282051282,17,0.044399596367305755,0,0,0.03341288782816229,0.5769230769230769,0.4230769230769231,0,1257,3.8,1,3.8,0.0,1257.0,0.0,0.0,0.0,0.0,0
B01M265AAK,"R1RIXV8K7LNZPG,RV401DJ0XBW51,RXUB8YDK5V29B,R39J7BNAZRV82W,R19LI8LD47VTRC,R2MH08WHCZODCE,R3FSG9EKSAV3RH,RLS3Q3GQ6V9X5",442,2328,4.108597285067873,39,0.030201342281879196,0,0,0.03565292096219931,0.5294117647058824,0.47058823529411764,2,2328,4.3,1,4.3,0.0,2328.0,0.0,0.0,0.0,0.0,0
B0B694PXQJ,"RV3NO42W0C95H,R1JQHFJM4G2WI6,R2P9PNOUDS613K,RN3HT9PBUD3NZ,R3JA7B5ISXAC5G,R1KJ8O69J9KEI2,R3FWP3NBL54127,R2KTH8A4IY9ZZQ",150,883,4.713333333333333,15,0.039603960396039604,0,0,0.04869762174405436,0.5066666666666667,0.49333333333333335,3,883,4.5,1,4.5,0.0,883.0,0.0,0.0,0.0,0.0,0
B00B3VFJY2,"R2ED9VEPT3A38F,R2TW58C4LDA0HB,R2FV708D23KCXU,R1ASXINH1OT6DR,R3E1ULB5JMK8M8,R5HEJW9MXSBSN,R1JLHUKHV02599,R3QWATH0CEY9UB",49,255,4.163265306122449,3,0.07960199004975124,0,0,0.07058823529411765,0.7142857142857143,0.2857142857142857,0,255,4.2,1,4.2,0.0,255.0,0.0,0.0,0.0,0.0,0
B08W9BK4MD,"R2OA6WLUYP9I0P,R2HMQ0VOKWQ62Y,R2HSP5VBSX6NB1,R5R3XSEYG901F,R127MA65JNSOWI,RYSCU07717MB5,REWASLCJXLZ0P,R3LMQYP4S3TZ1D",155,846,4.329032258064516,20,0.05263157894736842,6,0,0.054373522458628844,0.6451612903225806,0.3548387096774194,1,846,3.9,1,3.9,0.0,846.0,0.0,0.0,0.0,0.0,1
B09X5HD5T1,"R2DHVCKWVHZBDL,RQZRV02WQM827,R2BSNORS4S8Y5O,R29IBNM5TII6SZ,R38ON0Z6Q9J451,R1R37QKX0HRTS,R2YU28MLKMSTYH,R29Q1VTK27KFLC",217,1197,4.377880184331797,23,0.028481012658227847,0,0,0.036758563074352546,0.6082949308755761,0.391705069124424,2,1197,3.5,1,3.5,0.0,1197.0,0.0,0.0,0.0,0.0,0
B08H6B3G96,"RYDPEWV9WC0PU,R3L51B7RDHW16V,R100Y29EI0KGW9,R31K3QIMP4B1CU,RR7DW11JUGVUX,R2CUG4B7G56O7U,R2XR0OPWFJK2OG,R1SOHNFLA9IKXL",227,1176,4.110132158590308,13,0.03322615219721329,0,0,0.027210884353741496,0.5947136563876652,0.4052863436123348,0,1176,4.3,1,4.3,0.0,1176.0,0.0,0.0,0.0,0.0,0
B09N3BFP4M,"R23G8LLBD9D4H3,R2SU25E3ZH4JEH,RCOH95A6KJB8J,RR11J9T0OGAT7,R3HMJ84LRX3RFE,R1PA4J2DPWMUX4,R1ULQ43S9KU1K1,R2T4O0DRQL3QIP",121,689,4.628099173553719,11,0.06826568265682657,0,0,0.055152394775036286,0.7107438016528925,0.2892561983471074,0,689,3.9,1,3.9,0.0,689.0,0.0,0.0,0.0,0.0,0
B09DSQXCM8,"R2XK30UZ0P7UXJ,R3NQKJO364XETX,R1CYYHWHYX2NX1,R3KATRBZJYOAFW,R1GZC1U1UELK8E,RNQ8FWEZB09XX,RYW158D6ZC85D,RHI3BSTRUG006",239,1244,4.092050209205021,23,0.03483606557377049,3,0,0.04019292604501608,0.5271966527196653,0.47280334728033474,0,1244,3.9,1,3.9,0.0,1244.0,0.0,0.0,0.0,0.0,0
B01M69WCZ6,"R3JY7DEIB727Q4,RERB22NNP18BZ,RE6LIDZ65EW5G,R1YO7O7DO2O5U6,R1A6I4INOCGWBG,R1ARO6W0N7HC7F,R1VGL0ZOWEIDPZ,R22OSYPO6IBZ8O",228,1265,4.425438596491228,20,0.028798411122144985,0,0,0.03241106719367589,0.6359649122807017,0.36403508771929827,1,1265,4.0,1,4.0,0.0,1265.0,0.0,0.0,0.0,0.0,0
B0BM9H2NY9,"R2DHTJGY77MOP0,R36IXNHZC037AW,R3GPHUMRV75VWK,R2DO6A5Z7D5XSI,R15XQF7WAO4JPS,R2I9R8AJ9WCXXC,R1Q6IO5RWUTRT8,RF5Y8BO9PDVBD",88,441,3.977272727272727,7,0.05763688760806916,5,0,0.05215419501133787,0.5,0.5,0,441,4.7,1,4.7,0.0,441.0,0.0,0.0,0.0,0.0,0
B099FDW2ZF,"R380FB13JOT72K,R2RNY0K3PT2PAU,R2KEZ6LFKH1BOT,RJ1FQK256DKD5,R3TXMZ9OL1L7MI,RI4DLEXTUDQ8,R2SR5699KY8T7X,RY24YLHPCI7XM",292,1529,4.1438356164383565,23,0.03488372093023256,5,0,0.031393067364290386,0.5273972602739726,0.4726027397260274,0,1529,4.1,1,4.1,0.0,1529.0,0.0,0.0,0.0,0.0,0
B0B935YNR7,"R131UUX5RGGPM6,R1QT715X5TOYH0,R3GOHZPUGY57VL,R2X5IYZIUB4MVE,R964KPPOLNHFJ,R2X77NBYOU06B5,RDRCHM3EVHLZP,R1QKKV15C79IXH",102,613,4.813725490196078,7,0.04276985743380855,0,0,0.048939641109298535,0.7549019607843137,0.24509803921568626,1,613,3.8,1,3.8,0.0,613.0,0.0,0.0,0.0,0.0,0
B07JGCGNDG,"R1Q8U0KHBE4RAJ,R3M5X5REVHJUFI,R2G64QBZXNF1G2,R7HQDX5RMXVNS,R3J3KGQAFR06WR,RXZ2UHPZ7431G,R1OF1W4L7V2MFV,R37WO2GKN6E3Q9",109,574,4.174311926605505,10,0.07289293849658314,0,5,0.07665505226480836,0.6238532110091743,0.3761467889908257,1,574,4.1,1,4.1,0.0,574.0,0.0,0.0,0.0,0.0,0
B07GWTWFS2,"RXPUKJKEHY256,R1DXJ48GMFWOZD,R24RXWIR7PL4IW,R12KBR8IKSS7J2,R1MJZTN0DNDU71,RMUCAZHGYK1RB,R2KJM0QA35OC7I,R1UYOQA2722J9E",306,1715,4.450980392156863,32,0.028888888888888888,0,0,0.04256559766763848,0.5392156862745098,0.46078431372549017,0,1715,4.1,1,4.1,0.0,1715.0,0.0,0.0,0.0,0.0,0
B09KRHXTLN,"R2H4C76KXFUF5N,R2X2MGZJI8JOV5,R2PHMY74SQMCM4,R2EOV466KP2TSZ,R3HO5I93IRXGK4,R1IKS35P0F8TAJ,R3GCXN4RSB3T4Z,R3GM1KFHUQJ886",89,502,4.53932584269663,6,0.04271356783919598,0,0,0.05179282868525897,0.6853932584269663,0.3146067415730337,0,502,3.9,1,3.9,0.0,502.0,0.0,0.0,0.0,0.0,0
B09H34V36W,"R1QHY0304RCZS6,RV3GIBR7FUXWH,R3M83QIXOQMO9J,R227LWX8C4MTYQ,R1B938V5HN71BQ,R2K9QFBTB6FYEF,R2K0ND1WP31RYH,R35YG940TYIGK5",219,1190,4.383561643835616,9,0.027083333333333334,0,0,0.024369747899159664,0.5205479452054794,0.4794520547945205,0,1190,3.8,1,3.8,0.0,1190.0,0.0,0.0,0.0,0.0,0
B09J2QCKKM,"R2PDTLV982BZ70,R2DG09GG88T9WZ,R2FI87586PEKJ8,R3BT931YPQDPLF,R2609G1V725LV1,R29G2BHEEMZ8TK,R12M631S82DWX9,R3HBBWJEZQNBH4",238,1254,4.205882352941177,11,0.022022022022022022,0,0,0.023923444976076555,0.5378151260504201,0.46218487394957986,0,1254,4.1,1,4.1,0.0,1254.0,0.0,0.0,0.0,0.0,0
B09XRBJ94N,"R2P85TVQQPR3XX,R3IGUN8ESO1GE5,RAO29VFIR7Y20,R21E4GVF798QBC,R2600ZN2HS1KVZ,R44ZNSYWMMKWH,R5E0YEMP9TLPD,R11PAFU64U5LGV",358,1976,4.402234636871508,31,0.030670926517571886,5,0,0.039473684210526314,0.5195530726256983,0.48044692737430167,0,1976,4.3,1,4.3,0.0,1976.0,0.0,0.0,0.0,0.0,0
B07SLNG3LW,"RPH459PHQQOP4,R17ZRY0K8T3ZVJ,R1UCB8TXKZ7JE0,R1YM20O66MTQUR,R1R7T8TNV9C1DX,R3OCX18B6XDQ39,RRIN800K9UFKC,R8EDW68GK5IJK",142,787,4.436619718309859,12,0.03333333333333333,0,0,0.043202033036848796,0.5422535211267606,0.45774647887323944,1,787,3.9,1,3.9,0.0,787.0,0.0,0.0,0.0,0.0,0
B0BNDGL26T,"RGB7OLWZEBW2D,R35V1I6KBBWDA1,R2S9K0UTNSD0L6,R3RC91ZJN8FXRE,RHM5Q098AI06R,R2QOHI14M69TVA,R2PQH5L3O1O0F4,R3TYY0655P2RMO",312,1624,4.134615384615385,18,0.024390243902439025,0,0,0.02770935960591133,0.5448717948717948,0.4551282051282051,0,1624,2.8,1,2.8,0.0,1624.0,0.0,0.0,0.0,0.0,0
B095PWLLY6,"R4F2HUXYO2V7U,R26UCI4JLBHQQA,RQH9Q1TBCSHWW,RLNUKMIVTZF3D,R3L9VSEBHFY0CO,R3RD12MBAHBOGJ,R3JX5CDKU775U,R1UOXH0VDEH21G",103,537,4.019417475728155,12,0.06280193236714976,0,0,0.06517690875232775,0.6116504854368932,0.3883495145631068,0,537,4.0,1,4.0,0.0,537.0,0.0,0.0,0.0,0.0,0
B07Y9PY6Y1,"R3MKON00OQCF7T,RACP11DCWDX8H,R2AFW2I68NL7DV,R2Z8JARJBUORLB,R12IW90EHDETBO,R23PRYLHN54BOF,R3NY4R1RGDRP6I,R2EKZLAZBSNIGH",272,1432,4.169117647058823,20,0.02920353982300885,0,0,0.029329608938547486,0.5367647058823529,0.4632352941176471,1,1432,4.5,1,4.5,0.0,1432.0,0.0,0.0,0.0,0.0,0
B0BJ966M5K,"R410I44U1ORFS,R2EL6RDO42L8HA,R2LMSC4S998NYI,R2RVMZV1I42LGA,ROS3I3HXBLAYE,R2V70PAEVT1EYU,R1GYY0PDUBZVOK,R2180U6SP2A0B1",158,951,4.89873417721519,22,0.057971014492753624,0,0,0.056782334384858045,0.5443037974683544,0.45569620253164556,1,951,4.6,1,4.6,0.0,951.0,0.0,0.0,0.0,0.0,0
B086GVRP63,"R3NLWGZTKSITSC,R1NCNL2F8KAM4L,R32I8HG9OTUY0V,R1Y6YHN4M285CN,RIR2EVLB3KG1Q,R2KUZ1CLHNTJAY,R27RDEPJ1W7VOQ,RQWPQXKORWT5I",459,2520,4.339869281045751,30,0.026727181038830056,0,0,0.030952380952380953,0.5359477124183006,0.46405228758169936,1,2520,4.1,1,4.1,0.0,2520.0,0.0,0.0,0.0,0.0,0
B08MVXPTDG,"R1KQ8JLFP0TG78,R1NBW7YR79U41D,R3J7GSQFAQVB31,RBQNYREQ6R6XW,RSL0KWN4H04GJ,R2NZ0UNFFXKZUB,R23D039HGB5VNX,R12EIACNZU7VVH",97,567,4.752577319587629,5,0.046875,0,0,0.04056437389770723,0.7422680412371134,0.25773195876288657,0,567,4.1,1,4.1,0.0,567.0,0.0,0.0,0.0,0.0,0
B0BMZ6SY89,"RRZOYTJL6LAHO,R3L2TDS1XKX1T7,R2RGIFD5MNW5ES,RWMH1CZ8YZVA1,R4ES2CY3SDLGW,R1Z3JXTI330QGA,RVC3N6LRSJBX6,RAA5Z4UFLIC05",137,819,4.883211678832117,2,0.02848575712143928,0,0,0.031746031746031744,0.635036496350365,0.36496350364963503,1,819,3.4,1,3.4,0.0,819.0,0.0,0.0,0.0,0.0,0
B09P1MFKG1,"R2REMFEEN6UKBC,R29TQDV31QHMAP,RSC1YPIBXFW9B,R3M0C49RRYPXKN,R1P7N12X78US49,R17PHQ7LHY70GL,R1E8B0LMBUZ21K",79,466,4.670886075949367,8,0.04878048780487805,0,0,0.05150214592274678,0.5443037974683544,0.45569620253164556,3,466,4.6,1,4.6,0.0,466.0,0.0,0.0,0.0,0.0,0
B01LY9W8AF,"R3ORPP4CPI5V9S,R2M6DE07UL43TF,R37BE8EXG1TX8H,R31M0VY9OTJB9I,R2ZQ1L37VEHS9C,R2BKJHDM07WI0G,R357SWC6WSG1AM,R2H4OG72VGEPXR",130,707,4.3307692307692305,16,0.05755395683453238,1,0,0.056577086280056574,0.6230769230769231,0.3769230769230769,1,707,4.2,1,4.2,0.0,707.0,0.0,0.0,0.0,0.0,0
B07ZJND9B9,"R1SWHPJDUW2G3M,R2RFQJDQF5BT8,RPGTYXQGC3TXI,R3TFGARGJENEPY,ROG4D0YGDQMH,R3HAW9CAE08DZ5,R1LA2HMRSTZGUS,R2NOWT8O685BUW",118,601,4.016949152542373,9,0.04439746300211417,0,0,0.04326123128119801,0.6949152542372882,0.3050847457627119,0,601,3.9,1,3.9,0.0,601.0,0.0,0.0,0.0,0.0,0
B0B2CWRDB1,"RWSKUEMV0AS0P,R2YZOJVWTFMYAH,R17E9QT7OVVJVX,R3KPQIECAK271I,R2UJ9SFJ6B6U93,R1670TIBLR378H,R14R0I9YVONH86,R1FIR49JO1CT41",148,780,4.168918918918919,9,0.04918032786885246,1,0,0.035897435897435895,0.43243243243243246,0.5675675675675675,0,780,4.2,1,4.2,0.0,780.0,0.0,0.0,0.0,0.0,0
B072NCN9M4,"R3TVMEHW7XIWSU,R20EKADK19NV0G,R3AGXOFMA1Z00Q,R97FQ3X9NLEAL,R3D45IE6H47RBM,R1HL2KTGD7AU9J,R39IL0Q9V5M18U,R7M2JXHO1GESO",1411,7722,4.350815024805103,71,0.03648915187376726,0,0,0.026029526029526028,0.3756201275690999,0.6243798724309001,0,7722,4.2,1,4.2,0.0,7722.0,0.0,0.0,0.0,0.0,0
B08SKZ2RMG,"R2TBG87E7UU7IT,R8OA8PY28PACZ,R3PAX3XE02N0SU,R1A1WNBXQ3ZV8U,R27MAAIUO0M5EU,R2EI5EUGGANOP4,RAGDDQU7ERLG3,R1091DNAFCQ1ML",196,996,3.938775510204082,10,0.02990897269180754,0,0,0.04116465863453815,0.47959183673469385,0.5204081632653061,2,996,4.1,1,4.1,0.0,996.0,0.0,0.0,0.0,0.0,0
B0B53DS4TF,"R2FHIBV8JE4CTB,R315K0BCU0KVKO,RD129PA7KQQOR,R3BTQPGZLTN48E,RH0STL2LKD7N5,RVNS9SRGUWUT3,R25CXUY1Y74QGF,R1SIGI0M0INPVB",236,1315,4.440677966101695,23,0.03629417382999045,0,0,0.037262357414448666,0.5466101694915254,0.4533898305084746,1,1315,4.8,1,4.8,0.0,1315.0,0.0,0.0,0.0,0.0,0
B08BJN4MP3,"RTYS2009LXZ0F,R3DHH1B1DC2OGH,R26KSH3RBQKGT2,R214TVL0DAXY0G,R22XPNBA0P52JE,R2JCG39HM3XZKI,R30UMY6PRVGYKT,R398R1U5AOLEWZ",257,1409,4.365758754863813,20,0.052534562211981564,0,0,0.04045422285308729,0.5291828793774319,0.4708171206225681,1,1409,4.4,1,4.4,0.0,1409.0,0.0,0.0,0.0,0.0,0
B0BCYQY9X5,"R2ZPWCXL5SRL4K,RZQBPVMZ63GKC,R3PZ9M9NRLFCBK,R2VMQ0VVXS5IEG,R2C46FNV1C79UY,R3BAG45K66JWS0,R2L5BXFZ44VH08,R1DNIFUE8H5EEW",218,1301,4.876146788990826,24,0.03314393939393939,0,0,0.03689469638739431,0.6422018348623854,0.3577981651376147,1,1301,4.3,1,4.3,0.0,1301.0,0.0,0.0,0.0,0.0,0
B009UORDX4,"RUQ8WLFE1FRJ2,R3INJM16FB1HRU,R2SK87JCLEZXU5,R2ETO1K77ZMSKV,R2H68423RYLXB,R1WFAYRPS9QE0I,R3G4YE2Z67KWF,R10VUNRCJ444H",81,438,4.246913580246914,9,0.061224489795918366,0,0,0.0547945205479452,0.691358024691358,0.30864197530864196,1,438,4.3,1,4.3,0.0,438.0,0.0,0.0,0.0,0.0,0
B08VGDBF3B,"R1STWXMMXCIH5R,R2NMOFESF8XUH0,R1ZCZPBQQ9KJK5,R1ENHRHV4PYK80,R3JYYAE7E8XMB7,R23AXNSZOR242M,RS4EISO2SVH41,R19H4V5VDOUHHC",124,655,4.153225806451613,11,0.05533596837944664,0,1,0.06564885496183206,0.6854838709677419,0.31451612903225806,0,655,4.0,1,4.0,0.0,655.0,0.0,0.0,0.0,0.0,0
B012ELCYUG,"RN9VBZPCHG67H,RSK3T9GASN96L,RPWBSG3KWA82A,RWGY8K9HNDNRU,R3L1XUQPJ929C7,R2XKLKC7UXH808,RM4IBEHSZRD8V,RAZEY6CB0C851",75,374,3.973333333333333,4,0.05387205387205387,0,0,0.05080213903743316,0.6133333333333333,0.38666666666666666,0,374,4.3,1,4.3,0.0,374.0,0.0,0.0,0.0,0.0,0
B07S9M8YTY,"R2T2IQ3NPMSEPC,R1RYD1G1L822TU,R3JBMU1NFJ68VJ,R2WSQQANOVVMW7,R3OIOOP7OOI9B,RXH86NNRUTTSM,R263I1US66YJWE,R1278X0YFW7IYM",84,470,4.464285714285714,11,0.058666666666666666,0,0,0.05531914893617021,0.6190476190476191,0.38095238095238093,0,470,4.0,1,4.0,0.0,470.0,0.0,0.0,0.0,0.0,0
B0B19VJXQZ,"R1BD0HURZRIGKV,RKQY8Y6U3Y4BT",1430,7908,4.391608391608392,82,0.02981724911830715,0,0,0.028831562974203338,0.3202797202797203,0.6797202797202797,0,7908,4.4,1,4.4,0.0,7908.0,0.0,0.0,0.0,0.0,0
B00SMFPJG0,"R3K3LMO7VBZ15E,RIMQ7KGAFAY45,R1KDTPUO1RHWGT,RNJPU360H19UG,RRC1X279O3BYB,R3TS5E690D6AFF,R3S2E5C2I6JD1P,R1JSM9LLIPIPIE",96,529,4.364583333333333,6,0.04326923076923077,0,0,0.04725897920604915,0.5,0.5,0,529,4.1,1,4.1,0.0,529.0,0.0,0.0,0.0,0.0,0
B0BHYLCL19,"R2JQPA2EQ0WL1U,R3U349CN4O5SC6,R1J878MPQE23PD,R2R9RFXWTHCR3,R2X9MHLA6MM34,RHA2MO1Y7A64J,R19QO4H7S5AZSB,R2GYKQI0LU6PCG",182,989,4.34065934065934,13,0.03417721518987342,0,0,0.033367037411526794,0.5494505494505495,0.45054945054945056,2,989,3.6,1,3.6,0.0,989.0,0.0,0.0,0.0,0.0,0
B0BPJBTB3F,"R1OO2ED6615EX1,RR4S5JTJMCPA5",40,257,4.95,7,0.04040404040404041,0,0,0.08171206225680934,0.8,0.2,1,257,2.0,1,2.0,0.0,257.0,0.0,0.0,0.0,0.0,0
B08MXJYB2V,"R2MUOQFFMUBSEX,R2TTPMZXY7I60N,R3J2S0BEM61SOV,RNGB4OZTF3NE9,RPWGHZZ206ZUQ,R215KMCB5Y5BKK,R2XVLVMLVK698V,R3MMCNIWBVZHMH",76,384,3.8947368421052633,3,0.060810810810810814,0,0,0.0546875,0.5526315789473685,0.4473684210526316,0,384,4.0,1,4.0,0.0,384.0,0.0,0.0,0.0,0.0,0
B081B1JL35,"RWIX4QGK0HB47,R2U607V82KC6LR,R34XJ1XQ2W72IB,R1IGS6R7QZHIL3,R24GH90H9QAC3X,R2CGSX3HLMIJZL,R1N6Y6SLVTC950,R2HZOPWZKCIJXD",76,402,4.171052631578948,8,0.08360128617363344,0,0,0.08208955223880597,0.5657894736842105,0.4342105263157895,0,402,3.7,1,3.7,0.0,402.0,0.0,0.0,0.0,0.0,0
B09VL9KFDB,"R1B00RU3SHI9Q9,RHQJ6BFGU8S7I,RG5NSLD24104J,R3JPZAMX1OKWEU,RR77HDAK29S5E,RI9OJ89Z7HZ5F,R3T0U6U3J4PDPY,R2FFZ4RWVYRVJO",122,691,4.565573770491803,8,0.03231597845601436,0,0,0.04052098408104197,0.5983606557377049,0.4016393442622951,0,691,3.8,1,3.8,0.0,691.0,0.0,0.0,0.0,0.0,0
B0B1MDZV9C,"RN9FDFWKUWE27,R9ERTYK7DPN51,R17LPFA7PQVV2Q,R1VIJFIRWTTF1F,R30ZXKRSMH8MBC,R3V395NK0BE964,R30BJ29AF18U6C,R2HZN4EOJBDZU2",668,3580,4.2619760479041915,45,0.022300884955752213,1,0,0.030167597765363128,0.47305389221556887,0.5269461077844312,0,3580,3.9,1,3.9,0.0,3580.0,0.0,0.0,0.0,0.0,0
B08TT63N58,"RUIKGKRD5Y2WM,RS2SWNB31NQTZ,R1F2SW4YE5GUXJ,R1FYDS9NWE2BJN,R6QHEB7AVI99H,RPO0OE319VG3R,R3O98DZ74AMK81,R1UHYB97GFXYMT",166,895,4.343373493975903,5,0.044755244755244755,0,0,0.03128491620111732,0.6265060240963856,0.37349397590361444,0,895,3.1,1,3.1,0.0,895.0,0.0,0.0,0.0,0.0,0
B08YK7BBD2,"R24VRMVVKTZXZU,R2SZR29UV8HPIJ,R34NPCR94RTTCU,REPOE3PIM6ZRN,R2RF6XPVSOG2R2,RHE4AF3VC0YG,RQ8DJGRM0OVUA,R2AX7J603OWTJ3",285,1513,4.207017543859649,17,0.02835696413678065,0,0,0.02775941837409121,0.48771929824561405,0.512280701754386,0,1513,3.0,1,3.0,0.0,1513.0,0.0,0.0,0.0,0.0,0
B07YQ5SN4H,"R2P5LLM3NUTV98,R2T24WJDYF97OT,R1H22LPZ4C01LF,R2Q0K2ZG4X5GOR,RMKFA51N2GL3C,R25ABQM4CM6CPA,R1JXDDZO9EMZD4,R1IBNDHUOM6FD6",152,866,4.5131578947368425,17,0.03070175438596491,0,0,0.053117782909930716,0.618421052631579,0.3815789473684211,0,866,4.0,1,4.0,0.0,866.0,0.0,0.0,0.0,0.0,0
B0B7FJNSZR,"R1BRNGXN1P2SNY,R1MLFHXV5FZHKJ,R3JDJSYI7QMMXW,R1SO4U2YQ4QVI7,RNKC5XGEH5NV2,R2FZGTY0F38C1H,R240P2TKGWDYW0,R2I902T88OZJ4E",142,817,4.669014084507042,11,0.046153846153846156,0,0,0.0416156670746634,0.7535211267605634,0.24647887323943662,0,817,4.4,1,4.4,0.0,817.0,0.0,0.0,0.0,0.0,0
B01N6IJG0F,"RNEAQQCZW4BQR,R3QX33JL1X0RQ2,R190BAYCEPAT8R,R1CCAJOU1DMY14,R2KPPV8ZRKYJYF,R2N5CX7I9OROMB,RN0DQOQT1HQTW,R6EYGLUKXGGAH",94,517,4.361702127659575,9,0.044009779951100246,2,0,0.05415860735009671,0.7021276595744681,0.2978723404255319,0,517,4.1,1,4.1,0.0,517.0,0.0,0.0,0.0,0.0,0
B0B84QN4CN,"R2F0IBB2PGO45G,RJFI2R3H927Q,RC7IDRI4JEBY7,R32SRTV86GX7PE,R280BK653XF5IU,R1TL5WY2M25VGJ,R2BSYUX6ABDXCI,R3IWMYQP9WYGE1",65,384,4.615384615384615,6,0.06,0,0,0.049479166666666664,0.6923076923076923,0.3076923076923077,1,384,3.6,1,3.6,0.0,384.0,0.0,0.0,0.0,0.0,0
B0B8ZM9RVV,"R3LK3T3R4O8FU7,RGKDXCG824W5,R32ISLP60XI7WG,R3HCQZ8VAQXLAM,R21NKRX5SKSE3,R1JCAOH6CT4ZDX,RBPCGQGUPOSY,R23PLPS8OE8OR6",175,842,3.702857142857143,7,0.032507739938080496,0,0,0.040380047505938245,0.48,0.52,1,842,4.4,1,4.4,0.0,842.0,0.0,0.0,0.0,0.0,0
B01892MIPA,"R1YVS42PE19S0D,R3DONAXVXXHGDY,R6PIB7C4JS214,R1IUZ4ZBSB7KQ2,R2LJBGGLXY8MMO,R2LXCMNDSZ18EC,RTNR1AFNBXK4C,R14X6K190U5P2",210,1127,4.285714285714286,12,0.042458100558659215,0,0,0.02839396628216504,0.6333333333333333,0.36666666666666664,1,1127,4.2,1,4.2,0.0,1127.0,0.0,0.0,0.0,0.0,0
B08ZHYNTM1,"R3W8PELKPQYYI,R3AV7SRJJGTMF2,R4A9Q67LKCDN3,R3AV2JB3F2MMO3,RI4BBDQRBX3QS,R2N9AER7WVBMQU,RHZ7QGZ3QY95Q,R36IMPCVTWBT4A",121,672,4.446280991735537,11,0.055449330783938815,0,0,0.05357142857142857,0.6694214876033058,0.3305785123966942,0,672,4.3,1,4.3,0.0,672.0,0.0,0.0,0.0,0.0,0
B09SDDQQKP,"RHK81ZNE4PTND,R1APOT5W7NCQ0K,R2TC26RQAISV2N,R29YF4D5Q0NB7T,RUNNMDT7UQU00,RU90SRND4C6NC,R2RM3RN5D9HC4M,RC89DCR0F7SCA",291,1582,4.333333333333333,22,0.02938840349483717,1,0,0.03034134007585335,0.5498281786941581,0.45017182130584193,0,1582,3.8,1,3.8,0.0,1582.0,0.0,0.0,0.0,0.0,0
B0B5RP43VN,"R2KA10FTGOHQYB,REYTAGJ74749P,R2K1HT3L3AA6YD,R2QPRH31E0VIXG,RB7KRXWWEVCNK,R21JTGL4FLUYFT,RCYHGGNFDK4S3,R28YJ8VEV2B2GS",185,1029,4.524324324324325,11,0.03961584633853541,0,0,0.023323615160349854,0.6108108108108108,0.3891891891891892,1,1029,4.1,1,4.1,0.0,1029.0,0.0,0.0,0.0,0.0,0
B096NTB9XT,"RU0EQUWAQWSU6,R2R99SCVYQYHPL,R7O3R0R2OR9EZ,R1EO91IQFDEPU8,RMYWUK6J83TM9,R3GV3HMKR68771,R3MB7ZUKQPAQ1C,R1QKEORLV97GNT",184,1011,4.391304347826087,13,0.03589108910891089,2,0,0.033630069238377844,0.6358695652173914,0.3641304347826087,0,1011,4.0,1,4.0,0.0,1011.0,0.0,0.0,0.0,0.0,0
B078JF6X9B,"R3TCEP7588ZBZ,R2I5P8LAU0IX8X,R19Q8ONLFVVDNG,RTAB1NOENZ16O,R2088N9Y90R4IZ,R3R8TSL66Y6E6F,R29WIAZC4ETAX2,R2J8KC6I69DKED",1159,6201,4.227782571182053,27,0.0273943956503555,0,3,0.033059184002580226,0.3364969801553063,0.6635030198446937,1,6201,4.2,1,4.2,0.0,6201.0,0.0,0.0,0.0,0.0,1
B08CGW4GYR,"R38F8NXSXYDTXY,RVHJAX9LZXL81,R2E2LEW31FG8SL,RR4N76OXC0SFK,R3RUZMOBCK3L6O,RLT5ZN2J9CR4R,RE3SOUOHD3XN5,R1A4SOUGDN8TRQ",300,1615,4.323333333333333,15,0.026295436968290797,4,0,0.02414860681114551,0.49666666666666665,0.5033333333333333,1,1615,3.6,1,3.6,0.0,1615.0,0.0,0.0,0.0,0.0,1
B00A328ENA,"R1OMQV5UFU8OAK,R1ZKAUAWGCN68M,R372LY89QNU1WS,RSZSH0XP6FHXL,R1QBFW8U0VSW9,RCX3IHOVKD69A,R3PESF4URSOFRC,R15SV1BX6S6PS9",152,854,4.447368421052632,13,0.049107142857142856,0,0,0.05035128805620609,0.6052631578947368,0.39473684210526316,0,854,4.2,1,4.2,0.0,854.0,0.0,0.0,0.0,0.0,0
B0763K5HLQ,"RKV8CMWS5JH6D,R1QIQ59JU5UE4V,R2L12WCBQ4OCVC,R1UF72K40NHBF1,R9J5VXGXQDEI5,RDU15S26VUSDV,R3JYUNYTYNOS5E,R281VFJGSFWPSV",380,2010,4.197368421052632,22,0.024574669187145556,2,0,0.02935323383084577,0.4789473684210526,0.5210526315789473,2,2010,4.1,1,4.1,0.0,2010.0,0.0,0.0,0.0,0.0,0
B09PDZNSBG,"R28OJFR9T45794,R1Q7JAGLTGSLIR,R17RCVE0E6A6XA,R280FE6OS8V8I4,RMC53XMIQL6LY,R1TL181OM5ZWSJ,RL6IWO0F5BP3F,R2VCXQVEFYZWR8",350,1889,4.311428571428571,30,0.030646235842771485,2,0,0.029115934356802542,0.5285714285714286,0.4714285714285714,0,1889,4.2,1,4.2,0.0,1889.0,0.0,0.0,0.0,0.0,0
B085LPT5F4,"R2F6HAXHI2E0QM,R3ARFHUPI2UTDN,R2NFBRLIKTBYX6,R1NQQIZHCDSRL8,RU6YHY3TNNV6U,R2F0F9H707NNWH,R32GR67TTDTEH,RMA358YLCTHG2",169,690,2.739644970414201,5,0.0556792873051225,0,0,0.042028985507246375,0.46153846153846156,0.5384615384615384,1,690,3.9,1,3.9,0.0,690.0,0.0,0.0,0.0,0.0,0
B0B9RZ4G4W,"R31WQ6LSRGW2ZR,R38HZUI1W51JF2,R3ORITJ44RSH6F,R19ZBL4YHKSF9E,R3H95PXGDM3OFT,R2OAZG856SPCH0,R23KHIP7PE2TA4,RXHZQKEGCUAY8",156,841,4.288461538461538,13,0.03886397608370702,0,0,0.036860879904875146,0.44871794871794873,0.5512820512820513,0,841,4.0,1,4.0,0.0,841.0,0.0,0.0,0.0,0.0,0
B0085W2MUQ,"R3R9NQXE7ERW69,R31DY4L4738GNN,R3347MGIFGCWJS,R263YLUZGHS5XD,R1ETYQQ9DO5CT3,R2D2D3D80JZBY3,RB0Q5W9URO8ZE,R3SYQPLCIXHS1E",301,1577,4.129568106312292,17,0.029959514170040485,3,0,0.0424857324032974,0.4850498338870432,0.5149501661129569,1,1577,4.2,1,4.2,0.0,1577.0,0.0,0.0,0.0,0.0,0
B09474JWN6,"RVV3VEBYM65XS,R25CPGMH2YOEGC,RL1N0IR94UURO,RJDDXBOXLND1S,R1RIAS936O3KJB,R2HJLACK6M123R,R37WC2OOJ7EH00,R552K8E1PGVSB",246,1341,4.313008130081301,24,0.03957528957528957,0,0,0.053691275167785234,0.573170731707317,0.4268292682926829,2,1341,4.2,1,4.2,0.0,1341.0,0.0,0.0,0.0,0.0,0
B09G2VTHQM,"R243ZL6I5OCPFC,RMRDDMYPHJVVP,R3T10OKWTH8OE8,RMG3T7RJ48ZLD,R3UFE6QT0QHH7G,R3X13NSZ9R7V8,RDV1T7ZH0FK06,RUQIUJ24RX540",354,1958,4.443502824858757,23,0.030070377479206652,0,0,0.028600612870275793,0.5536723163841808,0.4463276836158192,0,1958,4.1,1,4.1,0.0,1958.0,0.0,0.0,0.0,0.0,0
B07R679HTT,"R3URL5J0TF2CFR,R37JPC46NZUYM4,R1OQKLY9Q4GY95,R32GL6C68NHZHW,RROVBM9HC5VHW,RYKSWQWZ75CWA,R1DIINFPSDUN2C,R2YE4LXQQUWF7F",103,567,4.427184466019417,9,0.08126410835214447,0,0,0.07231040564373897,0.5922330097087378,0.4077669902912621,1,567,4.4,1,4.4,0.0,567.0,0.0,0.0,0.0,0.0,0
B00B7GKXMG,"R1ZMYNJKIPID9R,R21HYR2IZWHCTU,RF3YHF01ASGWA,R10AUP1PXSZ48T,R2BF4IQECR3SFS,R1QSF7UGCDTRKX,R3DE0HC1JNBC6C,RLPLHEPRNO61J",62,315,3.9516129032258065,2,0.058577405857740586,0,0,0.06349206349206349,0.45161290322580644,0.5483870967741935,0,315,4.1,1,4.1,0.0,315.0,0.0,0.0,0.0,0.0,0
B07H3N8RJH,"R3RFDGR8TPI8RK,RAKVMHE1HIAWS,R993RWWGJ9AOK,RG1S054Z1LNM,RXNSR6DWHY21T,R2UAN2MTFP5KVM,RVXBEXV3GDXD8,R3NEQG8JV6357R",336,1852,4.434523809523809,20,0.022222222222222223,0,0,0.03185745140388769,0.5119047619047619,0.4880952380952381,0,1852,4.2,1,4.2,0.0,1852.0,0.0,0.0,0.0,0.0,0
B07K2HVKLL,"R88E54B144DD0,R3FL7Q9VYK7FX,R179TG3O7PDRPF,R3Q8O6PFUVQU7A,R8AM97GFJ0FQP,R1XSLD1GQ10QW7,R1AN77ZWAV7W2O,R1JOWRTOHMS9W3",164,795,3.652439024390244,9,0.04599659284497445,0,0,0.031446540880503145,0.6341463414634146,0.36585365853658536,2,795,4.1,1,4.1,0.0,795.0,0.0,0.0,0.0,0.0,0
B09MQ9PDHR,"R3EH3U82O1X3NA,RFZS8GTC3FBL5,RPXUHUM30UTOQ,R1AI9WFQ3G1DHX,RW7GLU8WKBE0M,R8JGWFB8APIP2,R2WSL4EHLPOXQ6,R1B73QMNM4YS1Q",160,873,4.34375,13,0.04460431654676259,0,4,0.037800687285223365,0.5625,0.4375,0,873,3.9,1,3.9,0.0,873.0,0.0,0.0,0.0,0.0,0
B014HDJ7ZE,"R3573XWMBZ88LW,RYNFBD6U8G0VG,R2NLFJL73LNWXM,R1DOYFCE2U82WE,ROTYDHVA4QC9L,R314WOWD2JI7BC,RFMW7AV5SCYI4,R17OEBPM77XXFS",174,951,4.379310344827586,14,0.06622516556291391,0,0,0.046267087276550996,0.6149425287356322,0.3850574712643678,0,951,3.9,1,3.9,0.0,951.0,0.0,0.0,0.0,0.0,0
B07D2NMTTV,"RDXQHIOFK1PKR,R3SVTCGHMIRBEU,R1IZIEXJ4GIYSS,RDUMYFY75NN95,R2GX29CH20R2HN,R246JQ5OCCXV4C,R3OUB0HZCUEZBL,R2ZYHN8QERPN3K",235,1302,4.4425531914893615,20,0.03857280617164899,1,0,0.029953917050691243,0.6,0.4,0,1302,4.2,1,4.2,0.0,1302.0,0.0,0.0,0.0,0.0,0
B075K76YW1,"RKYJMDLBEO56M,R376767ZF0GAG9,R34R6IMCCGAV5E,R2JQ1CZWIUOSXX,R30SGGX9LU3IEW,RPP3YL70C1J1I,R2Y8Z95B7LQZHR,RERXVOZZDMCMH",95,522,4.336842105263158,8,0.04218362282878412,0,0,0.05747126436781609,0.6947368421052632,0.30526315789473685,0,522,4.2,1,4.2,0.0,522.0,0.0,0.0,0.0,0.0,0
B0BNLFQDG2,"R34GHCVBN6M7BX,R3OA62LXAITW86,R3YGN1PYLTA95",23,133,4.6521739130434785,2,0.02857142857142857,0,0,0.045112781954887216,0.9130434782608695,0.08695652173913043,1,133,3.7,1,3.7,0.0,133.0,0.0,0.0,0.0,0.0,0
B082ZQ4479,"R138ITHIJ8RJ6M,R1KZ4GHZKT2TPA,R1SUUZASWMKX38,R1UZWXA61RMVAG,R1ITYM212PMU7Y,R3GAC6LEDQRXWV,RCD1ZRKX9XILR,R1JOZFF0PN5PHU",74,381,3.9594594594594597,9,0.06143344709897611,1,1,0.06561679790026247,0.5675675675675675,0.43243243243243246,0,381,3.7,1,3.7,0.0,381.0,0.0,0.0,0.0,0.0,0
B09Y358DZQ,"R1HFQQWKU1B7T9,R3HPSXLWX2RSHO,R2ZFEFLH2H6BOJ,RGRLYUCCNW475,R3V539LPWIH3CD,R2XI5MDOB81641,R22CGQQGZP9IJE,R1UL38ZEBW713N",192,1041,4.369791666666667,6,0.05149700598802395,0,0,0.03170028818443804,0.6354166666666666,0.3645833333333333,0,1041,3.4,1,3.4,0.0,1041.0,0.0,0.0,0.0,0.0,0
B09M3F4HGB,"R3E3VUOM7IQWIG,RZ2N6DQS7N3YW,R1M6LN7UHLOFD5,RSFAK41WPQNGS,RFTJVE897RMI1,R5BPUDDXQP2LX,R1RNRZ1O5EQLX2,R2RPW3A6WAAR13",614,3298,4.311074918566775,40,0.0444104134762634,0,0,0.02304426925409339,0.47068403908794787,0.5293159609120521,1,3298,4.2,1,4.2,0.0,3298.0,0.0,0.0,0.0,0.0,0
B07VZH6ZBB,"R18A1K5678ELRR,R3VBWUYTKOOUQ7,R320E1OP4NVG4E,R10EY3S2UI2CVF,R3TWPYZY4WV9SK,R2GYN2RG5YXY61,R2Y6MTG252PZ9P,R1IM78YLKWJZ1B",434,2101,3.69815668202765,21,0.03205531112507857,0,0,0.025226082817705855,0.5069124423963134,0.4930875576036866,0,2101,4.0,1,4.0,0.0,2101.0,0.0,0.0,0.0,0.0,0
B07F366Z51,"R2HOIOV2PZY6Y0,R16YJN41HAWT0T,R3V1KGX1M84MDL,R1MJS2XFJ5XTYU,R1QPQWXB4IZHD9,ROZB42OM5ZUZC,R17BVAUSS4GAE9,R2O4T61G3PT1SL",166,877,4.174698795180723,16,0.10678210678210678,0,0,0.04218928164196123,0.6325301204819277,0.3674698795180723,0,877,4.1,1,4.1,0.0,877.0,0.0,0.0,0.0,0.0,0
B077BTLQ67,"R3MTH1DRIEXJ4M,R29A6Q7HZ6EA5U,R3TD9LHIZPOJZZ,R2PFDWJXL0R5KK,R1FKF3ZE0DND0Q,R3KUJV3XYVM4Z6,RD8XDFHPQTF6M,R2JZWY45ZK4FS3",506,2775,4.345849802371541,53,0.047708138447146865,1,0,0.04108108108108108,0.48023715415019763,0.5197628458498024,0,2775,3.9,1,3.9,0.0,2775.0,0.0,0.0,0.0,0.0,0
B07YSJ7FF1,"R29AV9WKFL78NP,RWFBNIYQTMW4A,R11CTFK86N4XV0,R2KD2NV6SEZGHN,R3DPGVFQ8PV47O,RBQ1DML3XWOLI,R1JRJHAW9JYVQ5,R3Q5M78JBLPTF5",44,267,4.9772727272727275,6,0.10952380952380952,0,0,0.10861423220973783,0.6818181818181818,0.3181818181818182,0,267,4.0,1,4.0,0.0,267.0,0.0,0.0,0.0,0.0,0
B07TXCY3YK,"R1OW9TWGTIS29M,R2X2WOP22DNGDV,R2M132CK318U3F,R3SCT96D2225LJ,R368748X71CS6N,R2986V8U04JEIG,R167KSSEHI9SV,R2UI7KAL0FX21X",41,231,4.560975609756097,1,0.0855614973262032,0,0,0.06060606060606061,0.4878048780487805,0.5121951219512195,0,231,3.9,1,3.9,0.0,231.0,0.0,0.0,0.0,0.0,0
B07TC9F7PN,"RMAC0LO0EDHO9,R1UZCDEE5WMPNY,R35RTKDU6GUF5G,R1WHY9P0NTWTUZ,R2Z12TXTO619EK,R38I9UZZJQWPZL,R1S5FKLP0IY3KE,R32Q73104YVTTE",164,984,4.896341463414634,15,0.037641154328732745,0,0,0.034552845528455285,0.5975609756097561,0.4024390243902439,1,984,4.2,1,4.2,0.0,984.0,0.0,0.0,0.0,0.0,0
B09NS5TKPN,"R2GZHWNGVMBJFG,R3L27H7N1WH5BG,R200QONLM29B4B,RSGSF2Y8TNWD0,R2WCFFUYEJ2QLS,RNJ6P4996W6TH,R21MEVVJ4JZS79,R9RZUDWJS5AWT",286,1755,4.9475524475524475,18,0.042722664735698766,0,0,0.03304843304843305,0.5524475524475524,0.44755244755244755,0,1755,4.3,1,4.3,0.0,1755.0,0.0,0.0,0.0,0.0,0
B00LP9RFSU,"R2UVKVQN13D4BP,ROIDOHU6ZPBY6,RVYETD2GBOPL1,R35DGGWKAGGN7H,R2NH2WT3ZLS63K,R29HIGIR59F1T6,R2G5PWMPUJRZK5,R3LMAD40N5XICA",422,2302,4.270142180094787,31,0.04401114206128134,2,0,0.04908774978279757,0.5165876777251185,0.4834123222748815,0,2302,4.0,1,4.0,0.0,2302.0,0.0,0.0,0.0,0.0,0
B0B7L86YCB,"R3M6NH8U0C7JBM,R32DO8SLNF2JSA,R3U0NCD7XO2KX4,R3A34J0QMEWYPJ,R3P9E303DFLLWO,R18Z15U25MM9WZ,R1A9K53T8ZSX14,R1TS0MH0S4ZXZP",160,842,4.19375,9,0.029850746268656716,0,0,0.029691211401425176,0.51875,0.48125,0,842,2.6,1,2.6,0.0,842.0,0.0,0.0,0.0,0.0,0
B09VPH38JS,"R8P1LH1QES7X5,R3P0F39HVQX1F2,R1F4WX53SB8ZKQ,RU9DOPO6AYDMQ,R8GI3QXXT6HDE,R14LR72Y74A8AE,R146T7C5DJS2HC,RAZSYIJNF6OTY",177,876,3.7344632768361583,13,0.051593323216995446,0,0,0.04223744292237443,0.672316384180791,0.327683615819209,0,876,3.8,1,3.8,0.0,876.0,0.0,0.0,0.0,0.0,0
B01MUAUOCX,"R4YUH7EZ5DB9C,R1CIOU739KNQAX,R2KCDNY1S0C382,RCMGM5B1EHGHZ,R2IIIEMH4MYPA3,RM0CKWZYGTO62,R27N3CJ0NTDZZ2,RBNBAX3RV9RPS",154,866,4.461038961038961,12,0.049635036496350364,0,0,0.046189376443418015,0.5974025974025974,0.4025974025974026,0,866,4.5,1,4.5,0.0,866.0,0.0,0.0,0.0,0.0,0
B09MB3DKG1,"R1DID47Y3SOM8N,RDR64CJXIU14Q,R35FYRYXQJUQKR,R2ICWHHEJJKM14,R27C6A2VQ1DCPT,R3IUDCLTBUPUIQ,R3VFX06LEJWEGM,R3KYBU80FW4GW4",305,1646,4.278688524590164,20,0.026943802925327175,0,0,0.02490886998784933,0.5573770491803278,0.4426229508196721,0,1646,3.5,1,3.5,0.0,1646.0,0.0,0.0,0.0,0.0,0
B08QHLXWV3,"ROG35PUVPRISM,RHMZ3T3WZDDMY,R1XMM783W6HJM9,R16YT7DTQMBX3D,R3S2TJNZAZMVLI,R385Q4NWD7KZ02,R15GMMIQGLF7KU,R2ITKFEBWVWQGC",230,1230,4.234782608695652,16,0.03232533889468196,0,0,0.03577235772357724,0.5347826086956522,0.4652173913043478,1,1230,3.9,1,3.9,0.0,1230.0,0.0,0.0,0.0,0.0,0
B07G147SZD,"R2ON03LZDME2KG,R3GEWALK7AZ64O,R277DIP6RNNLR7,RH39YOGKX760V,R2W2Q565AZ4296,RFY606NHN2Z3N,R1KL1PIXVKYROE,R37KB1BSN1FO5Q",338,1844,4.3579881656804735,21,0.02592087312414734,0,0,0.02982646420824295,0.47041420118343197,0.5295857988165681,3,1844,4.0,1,4.0,0.0,1844.0,0.0,0.0,0.0,0.0,0
B09LH32678,"R1DVAMEM902WBM,R1R4DU6U8Z5A9C,R3R2TJZ3XDR2N9,RFCKXSEJOQX6W,R1Q6MS7EA3RQY5,R3JZS3OD2HDHCY,R29RVFGNYHN850,RO3Q0361RMHT8",265,1346,3.943396226415094,25,0.04218600191754554,4,0,0.04086181277860327,0.5245283018867924,0.47547169811320755,1,1346,4.0,1,4.0,0.0,1346.0,0.0,0.0,0.0,0.0,1
B09R1YFL6S,"RNDYBQHMT47QL,R279Z47TD2BTW0,R1KIQPBI7LXLZY,R18R9LYERVQDHJ,R1ESPXIP4APAI5,R1O99FX1SFVXWL,R2WZLXK8360X7Y",78,442,4.461538461538462,7,0.05459770114942529,0,0,0.06334841628959276,0.6282051282051282,0.3717948717948718,0,442,3.5,1,3.5,0.0,442.0,0.0,0.0,0.0,0.0,0
B07Q4NJQC5,"R34GKFJOAIA0ZM,R21T7HG6Q62LKN,R2UXMZPMNM3JGP,R3FRIGI0KXGVOD,R1ZNM3HOV64QED,R21SPI0C2CAAWN,R1HSU2YSMNNHKF,RYX7V566YA4IQ",96,523,4.291666666666667,7,0.046798029556650245,0,0,0.06118546845124283,0.6458333333333334,0.3541666666666667,0,523,4.0,1,4.0,0.0,523.0,0.0,0.0,0.0,0.0,0
B097RN7BBK,"RR0XZNLNGQQUU,ROZ7GLYC4255J,R39BNXWIK6E894,RO5MNH2EETV7Y,RQESDHNQG4JEE,R1ARLE60GL6DTT,R39SJDQ1BMFLRZ,R74664PDS2LKO",127,659,4.141732283464567,7,0.039923954372623575,0,0,0.03338391502276176,0.6299212598425197,0.3700787401574803,0,659,3.4,1,3.4,0.0,659.0,0.0,0.0,0.0,0.0,0
B097MKZHNV,"RG9KNQN3E5K2O,R3QKEI2SGY9HHY,R2R5MGEDVA55JE,R2AU8713HTPVYG,RJ05T5WBN8SDA,RQELQR0TU48E,RDXWINVIMDE9W,R3PFU7N4OQCZ68",223,1218,4.318385650224215,22,0.03664921465968586,0,0,0.04187192118226601,0.6233183856502242,0.37668161434977576,0,1218,4.2,1,4.2,0.0,1218.0,0.0,0.0,0.0,0.0,0
B07LG96SDB,"R205BUIEOZSB27,R3KAOEMO5MHN5A,R1DD7V7FUTYL3H,R5IQN4CBEDBAH,R1H10C8T2140MN,R1GE3ZFKDOX0KC,R3VTBRIS9BCUR4,R3EH023Z1ERZZB",82,427,4.134146341463414,4,0.059880239520958084,0,0,0.05620608899297424,0.7317073170731707,0.2682926829268293,0,427,3.8,1,3.8,0.0,427.0,0.0,0.0,0.0,0.0,0
B08KS2KQTK,"R1TTVJ336C14LC,R327QF3X1RB0MK,R2HRVWXBERG050,R30OSVBH5LSPGK,RLX900TDISJGG,RG1W93HZ0LNQX,R86A6O666WPGN,R1DHC6KSI9M5AM",288,1544,4.236111111111111,28,0.030910609857978277,0,0,0.03821243523316062,0.5729166666666666,0.4270833333333333,0,1544,4.1,1,4.1,0.0,1544.0,0.0,0.0,0.0,0.0,0
B095K14P86,"R1BLYOBTCRQS4K,R1VVLMK1TC1KVO,R1FU65T3QMAHXJ,R2CXQLO9ZQRV83,R39X6B5DPGVQLW,R1TXSJNPJK3GGM,R2NOAG9D9PY1MD,R10D7UXTTY2ZIC",419,2417,4.656324582338902,26,0.019517205957883924,4,0,0.025651634257343816,0.5346062052505967,0.46539379474940334,0,2417,4.2,1,4.2,0.0,2417.0,0.0,0.0,0.0,0.0,0
B08K36NZSV,"R1IW3BMCWR5WKN,R21W2URYUFT12Q,R24L6D938JXIVA,R3W2R17WXI3T8,R2P109ABFQR9L1,R18GKO5TQO1PXL,R79MJI0BFQHB3,R2YBSTEQSU2URL",149,772,4.0134228187919465,12,0.06335616438356165,0,0,0.050518134715025906,0.5234899328859061,0.47651006711409394,1,772,4.3,1,4.3,0.0,772.0,0.0,0.0,0.0,0.0,0
B07LDPLSZC,"R2MQ8OBLUYQBDI,R2RLW3M6VML3F7,R1JVBADF2L2AG5,R2YP2T8VIP3UG2,R14ZZJQPCODG9I,R1K7B181E6KQQ3,R21KENPQN42DEW,R1OKF4SQ0N13U2",91,506,4.395604395604396,9,0.0525,0,0,0.05928853754940711,0.6483516483516484,0.3516483516483517,4,506,4.2,1,4.2,0.0,506.0,0.0,0.0,0.0,0.0,0
B07F1T31ZZ,"R1HD4L4O8FYBVJ,R1DSP7AK9O1EG0,R3F6O9LJWF9UGP,R1WGQ33LIJEOSH,R3NQC64D2P7Q16,R1H44VOQWJQYKK,RVLTVX5PB83WB,R372RHOH38PJ9W",297,1494,3.952861952861953,21,0.03173241852487135,1,0,0.03145917001338688,0.4781144781144781,0.5218855218855218,0,1494,4.1,1,4.1,0.0,1494.0,0.0,0.0,0.0,0.0,0
B0BNDRK886,"RPVB28C2TPEDX,R2K5ME2J0C1A30,R15G6PDX7J8A9A,R2Q84ODLPM7DG9,R4UWGPOL1PSZZ,R2U04XI700Y4ST,R2EMG0GIWX7GP5,R1W5S1B40S9QFL",250,1332,4.232,17,0.044933078393881457,1,0,0.042042042042042045,0.62,0.38,0,1332,3.9,1,3.9,0.0,1332.0,0.0,0.0,0.0,0.0,0
B09ZVJXN5L,"R2NR09K7JPREX9,R1BVHMQAEEK6Q0,R3JLTEYMK907F2,RXAU989TJMDX6,R2OBL8DBUTV157",82,484,4.719512195121951,5,0.05235602094240838,0,0,0.04132231404958678,0.7926829268292683,0.2073170731707317,1,484,3.3,1,3.3,0.0,484.0,0.0,0.0,0.0,0.0,0
B08JKPVDKL,"R2UVZEGX2NS1NM,R2V19QOE8UAL56,R3KPGU547U3K7Q,R3B3CTTI0JEW3W,R2H3P9OSLWFRSE,R3CEV91R65AZLH,RO567V8MWM1JK,R11UZ87O5WB63U",134,702,4.141791044776119,11,0.0379746835443038,0,0,0.042735042735042736,0.5447761194029851,0.4552238805970149,0,702,4.3,1,4.3,0.0,702.0,0.0,0.0,0.0,0.0,0
B09JFR8H3Q,"R2FG5ZQ7455JA9,R3E79I7H5JT248,R27NGUPGDT5O90,R2GIXW3HN4LKA4,R12ESRILVR6D2C,R1TJWF170RZB5I,R3K70V1SGG8WZ6,RA1RQZLLULLS",84,480,4.559523809523809,8,0.08376963350785341,0,0,0.052083333333333336,0.5714285714285714,0.42857142857142855,2,480,3.9,1,3.9,0.0,480.0,0.0,0.0,0.0,0.0,0
B07LDN9Q2P,"R127S7ET7LEPPH,RDFTXU0U50TS,R1DU2WDA81XR8N,RBS3MOLNUR0IS,R2GAKVFK8VGD8L,R2G24JXNCEDY5G,R15Y41S549H84B,R1GY383SEEC577",45,254,4.555555555555555,2,0.1073170731707317,0,0,0.06692913385826772,0.6222222222222222,0.37777777777777777,1,254,4.3,1,4.3,0.0,254.0,0.0,0.0,0.0,0.0,0
B08T8KWNQ9,"RPF6BQZ9ZGOD7,RAQPY2NRM7G4U,R22USVU70E2UD0,RLKRRQI8IIBB2,R1BTMJ9YWSTHY5,R19OH78FQO2VN0,R2N1VHAAGIDIMT,R1J0541W0XS1ER",202,1113,4.415841584158416,21,0.03064699205448354,0,0,0.034141958670260555,0.6138613861386139,0.38613861386138615,1,1113,3.6,1,3.6,0.0,1113.0,0.0,0.0,0.0,0.0,0
B07Y1RCCW5,"R1O343U978W7T3,RTT7TYSICUSK7,RNJ28HCJAVS7P,R65UG8VBWZ9FO,R1NYFIH8430TSL,R2XETJ09ENS8YK,RZ2ITHHJJCWZS,R9L25UA45NALQ",210,1046,3.8047619047619046,17,0.039141414141414144,0,0,0.03824091778202677,0.5952380952380952,0.40476190476190477,0,1046,3.8,1,3.8,0.0,1046.0,0.0,0.0,0.0,0.0,0
B0762HXMTF,"RN4RJMHA6Z17Z,R27O0FPVNG63DK,R1O1OR760KAMN2,R1KHM1E2FS5LHX,R2EDFZCXSNQL9Q,RWOZF184HDN45,R2S27KPO0VKWWA,R6NCDUG0BJSA9",263,1524,4.6273764258555135,22,0.03297609233305853,3,1,0.03740157480314961,0.6197718631178707,0.38022813688212925,2,1524,3.9,1,3.9,0.0,1524.0,0.0,0.0,0.0,0.0,0
B00K57MR22,"R2IMGTYKPMXP4N,R2LP7PV1I0Z1V0,R33UGZXCUN1PDT,RH2ODFAELL6ID,R1LSVKDGASJ3ZX,R14FNF4GQL91JN,R2YT02USWR83PT,R81KUPKOTEI6J",218,1023,3.444954128440367,11,0.059782608695652176,0,0,0.04398826979472141,0.573394495412844,0.42660550458715596,0,1023,4.6,1,4.6,0.0,1023.0,0.0,0.0,0.0,0.0,0
B07TTSS5MP,"R2PFNGIRCB6KB1,R3HOQIZQ2Y2P1E,RSMINHFUL02QE,RECSJ6GYWXJWE,R2M39R5NO51DBK,R1IKAF2X8JVXQS,R3D1X15POHDHKU,R1OKIDKNCYKZFS",165,913,4.315151515151515,19,0.033946251768033946,0,0,0.04819277108433735,0.5818181818181818,0.41818181818181815,0,913,3.8,1,3.8,0.0,913.0,0.0,0.0,0.0,0.0,0
B09ZDVL7L8,"R1KN9SD017A7RE,R3CEOM0J1JBDOT,R1AEDQ9CAI6XXW,R2XIO0KMHIEO1F,RFVSFZCU692EX,R3A5RFPX4FKUDV,R3M6T8MOF5GD27,R19Y9YVBF318KF",95,490,4.021052631578947,7,0.06349206349206349,0,0,0.05102040816326531,0.5684210526315789,0.43157894736842106,0,490,3.9,1,3.9,0.0,490.0,0.0,0.0,0.0,0.0,0
B09XHXXCFH,"R1FV12XCLPA07M,RR4FYBIUQQF0S,R3IGJPGKZS06NZ,R33OLTLASD1YIK,R27G7C06S1UGAV,R10P8JU3ISASFZ,R3QOZ26RJV3Y3Q,RVAOC66XONJBJ",135,771,4.533333333333333,22,0.06228956228956229,0,0,0.07133592736705577,0.6074074074074074,0.3925925925925926,0,771,4.1,1,4.1,0.0,771.0,0.0,0.0,0.0,0.0,0
B0BL3R4RGS,"R27XB7WNFY9NJ3,R24HCMD10NT57S",53,284,4.377358490566038,1,0.017241379310344827,0,0,0.014084507042253521,0.6981132075471698,0.3018867924528302,1,284,3.6,1,3.6,0.0,284.0,0.0,0.0,0.0,0.0,0
B07P1BR7L8,"R2QOX3VCM8T6PV,RPYQIR3334L89,R2IRKJDUONHPDR,R1R7YLZ1PZNMYX,R2KZ1KIWHCSP7U,R5ZTYD2K563IC,R327DMIJNSD3TN,R3EQVJIFUGXWDC",136,732,4.286764705882353,11,0.058823529411764705,0,0,0.036885245901639344,0.6102941176470589,0.3897058823529412,1,732,4.4,1,4.4,0.0,732.0,0.0,0.0,0.0,0.0,0
B078WB1VWJ,"R13VHF78WR3N1Z,R342QNGEZ7OI7F,R2ZL6XILY5JIM6,R19THHR4XUW2L5,R2Q8B6C09UY2KT,RS9KLTRCAL9W0,R1Z1D54NCQ2XXA,R3OGYQ4D7SLX6",160,824,4.0875,7,0.02476780185758514,0,0,0.038834951456310676,0.58125,0.41875,1,824,4.3,1,4.3,0.0,824.0,0.0,0.0,0.0,0.0,0
B0BP89YBC1,"RBPM3YRVWMMMK,RVY7BZCJPHJZU,R3KXHKIGWPT7IS,R1K28XXUFE3XNT,R23K3XEJA3V8XG,RTILNKKZAV4WT,R2Z92RDSJM71FU",129,767,4.6976744186046515,7,0.04326123128119801,0,0,0.028683181225554105,0.6434108527131783,0.35658914728682173,1,767,4.7,1,4.7,0.0,767.0,0.0,0.0,0.0,0.0,0
B09W9V2PXG,"R27B01SC9QAZKK,R1PCNR9B02HU9B,R2VVVYOKKK8OZA,R334FKVINA14QI,R3B8A6JCBLRUGC,R3GI30K6SI7HQR,R26WYNQ8661K6,R36HQ7DOFZO43R",354,1977,4.406779661016949,32,0.052906596995427824,1,0,0.03945371775417299,0.615819209039548,0.384180790960452,2,1977,4.3,1,4.3,0.0,1977.0,0.0,0.0,0.0,0.0,0
B09XTQFFCG,"RV24IG0ESY0QQ,RT6Q1RSJWHH0A,RI1QYUZU94RKT,R16FKQNXTMPBRV,R1RBGFBH1U37L,RJGJ2HUWX9GSC,R3PY9TXJSQ085F,R3N0OO6FHZAE2I",288,1604,4.430555555555555,27,0.028996865203761754,0,0,0.038029925187032416,0.5069444444444444,0.4930555555555556,0,1604,3.9,1,3.9,0.0,1604.0,0.0,0.0,0.0,0.0,0
B08LVVTGZK,"R1BJTSW0Q3XBG2,R3LXL9MYPDNLQU,R1EMA2HNG6WLD0,RTH4IIS0NEMZB,R1PBGQY0ZXI2DD,RSK7Z8ESBQEUX,R3DV0SKGPJHAU2,R3NZXJDYJSIGBU",287,1587,4.358885017421603,23,0.030869212022745736,0,0,0.03969754253308128,0.5156794425087108,0.4843205574912892,2,1587,3.9,1,3.9,0.0,1587.0,0.0,0.0,0.0,0.0,0
B07J2BQZD6,"RYPL17AT0RDI1,RQOF3LTV1XO6K,R169DI8KX4KIS0,R1T86QSHNGWS2,R3Q7KHGMYL8KPE,R22FND348KV4I0,R1IQL0D1Z5I492,R3PEJ703N4DY56",122,626,4.0,10,0.03285420944558522,0,0,0.052715654952076675,0.5409836065573771,0.45901639344262296,0,626,3.7,1,3.7,0.0,626.0,0.0,0.0,0.0,0.0,0
B07HK53XM4,"R2T39I2ZEKM9PL,R1ZBMWBRCRX6M1,R14ROZ9SPSVA1C,R1DM63YLI499R0,R35NUHSRXCQ4I6,R1Q3L7BERE4C6,R1334GMRXCJFLO,R1ZN9HBT8L7C6Z",286,1452,4.003496503496503,15,0.028144239226033423,0,0,0.024793388429752067,0.486013986013986,0.513986013986014,0,1452,3.5,1,3.5,0.0,1452.0,0.0,0.0,0.0,0.0,0
B08RDWBYCQ,"R17R471IR13JMO,R13T7I5DKQIXSA,R9YYIK65OU16I,R1FB9GYR8LJQBN,R2W5WP4N12ADZW,R12UGEM1FH0OC6,R171KJ25LHOUKY,R22VVPUG7BPY0Z",96,408,2.9791666666666665,1,0.05244755244755245,0,0,0.0392156862745098,0.5208333333333334,0.4791666666666667,0,408,4.0,1,4.0,0.0,408.0,0.0,0.0,0.0,0.0,0
B09FHHTL8L,"RI4YLH4V4IERV,R2THKSNJBC1AYW,R17K7CV4XKY9NU,RZHKJKK72JDBZ,R3GR6V9CYLXCTA,R2GO7U6SPLE8AJ,R2DJXMAU9UMPGI,R2FIRLO44T48YT",110,596,4.281818181818182,9,0.04468085106382979,1,0,0.04865771812080537,0.6454545454545455,0.35454545454545455,1,596,4.1,1,4.1,0.0,596.0,0.0,0.0,0.0,0.0,0
B0BHNHMR3H,"R1C2TSG7V4E6OO,R1EMLFPYSZQRV0,R2013OLVZQH22B,R2EG8VXH3ETPXA,R3ETNI6781FL2R,R2IN91D1WT43AK,R38K3MLJGM9L27,R2LI9FD8CQQOMA",89,512,4.561797752808989,8,0.03694581280788178,0,0,0.052734375,0.6741573033707865,0.3258426966292135,0,512,3.9,1,3.9,0.0,512.0,0.0,0.0,0.0,0.0,0
B07D8VBYB4,"R1B2ONGGAFTI9D,R1R2O42N4O1S1A,R13I84OJ7E8OJA,RA9R916JUUZ4K,R16HBPHELGF3G,R3C70FWNMP46X2,R2UM0LYKW0KF6N,R1N337GWNU3IOM",129,724,4.534883720930233,10,0.10598290598290598,0,0,0.04005524861878453,0.627906976744186,0.37209302325581395,0,724,4.4,1,4.4,0.0,724.0,0.0,0.0,0.0,0.0,0
B0B3TBY2YX,"R2HY811H3E3G6S,R1CCZJGV16UVNI,R3FO0KZP6V25Z0,R1DPAVSP4Y3AGN,RK6FONHRBSSFI,RH6J3MDX33HMA,RPGDFO3VRQZ0S,R3RMJEG2M36L3R",462,2397,4.077922077922078,17,0.014941302027748132,0,0,0.024196912807676264,0.5,0.5,0,2397,4.3,1,4.3,0.0,2397.0,0.0,0.0,0.0,0.0,0
B088WCFPQF,"R3EFB0EG66OLOX,RIND9MF93GBO0,R38ISD2RSB4M70,R3BS8IFOXK1DNW,R30SI7ZT69PI47,R3FQSJP7H5PAIP,R2ZPNHBNB2GKBC,R25DZIBJHUFV07",519,2769,4.23121387283237,36,0.03287671232876712,10,0,0.02853015529071867,0.5163776493256262,0.4836223506743738,2,2769,4.5,1,4.5,0.0,2769.0,0.0,0.0,0.0,0.0,1
B07JZSG42Y,"RN8Y9B2XGVMGI,R2HRBMPLK36A97,R2IXY6WFD01C5L,R24C42XCBRZQ3U,R353E48ZIM1PQV,R189724SD6LLWF,RNNWCGXGPM79N,R16DNFM9D0S57B",333,1708,4.063063063063063,23,0.023880597014925373,0,0,0.026346604215456676,0.5285285285285285,0.47147147147147145,0,1708,4.0,1,4.0,0.0,1708.0,0.0,0.0,0.0,0.0,0
B08YRMBK9R,"R1XLQ3KU8NRG4P,RGVJ5KUUNIU77,R3FD9YGKRHM8LY,R2UNQBX57IZ6IJ,R18R5BIYTIVOX3,R16IEFUYCP8OE0,R2M04XPGQM0UGX,RYGVFM9ORV4JJ",92,466,4.032608695652174,4,0.051630434782608696,0,0,0.04721030042918455,0.6195652173913043,0.3804347826086957,0,466,3.9,1,3.9,0.0,466.0,0.0,0.0,0.0,0.0,0
B00935MGHS,"R2I9AG0WA9VOAX,R2AZI4X0RQO5R5,R2UI2FZ90PJYJB,R3FA7TC0VM1UY6,RUQZXIY1KFXLC,R13E9T5RVFB29Z,R14I4FF21R2OZG,R1ELYUWQAI1L3E",195,1025,4.1692307692307695,16,0.04064039408866995,0,0,0.0351219512195122,0.5538461538461539,0.4461538461538462,1,1025,4.2,1,4.2,0.0,1025.0,0.0,0.0,0.0,0.0,0
B07B5XJ572,"R1OSGTXB5R9DNV,R3LBIVLOABUIHD,R295X3QEGA7NS9,R2EHU8YIKILQCE,R2A5PNPNHKQH5X,R324Z6DBVNDHWF,R3T3W32BSFI2C3,RC8Q07HVOX1M1",203,1160,4.5073891625615765,24,0.0695364238410596,0,0,0.059482758620689656,0.625615763546798,0.37438423645320196,0,1160,4.1,1,4.1,0.0,1160.0,0.0,0.0,0.0,0.0,0
B086199CWG,"RGC8KIMM1CE9L,R16X8MLVQ82IY8,R2Q9RZ8N8CWTJU,R1LEUKJKGS4LB3,RHI91TJRIR95F,R2VC88TGIJ2M4Q,RSVPGFXI871XS,R22R9U3IN4DIN1",133,664,3.857142857142857,6,0.03515625,0,0,0.03463855421686747,0.631578947368421,0.3684210526315789,0,664,3.7,1,3.7,0.0,664.0,0.0,0.0,0.0,0.0,0
B0BBWJFK5C,"R1LEGNMFUU1PIG,RFVNS7HLYCWLS,R1YW7MKK4NW4V9,R1DWLT7YCZATFU,R1K3LZVZXMPW97,R2O0B1GRCH3RY3,RXDVRYTKOH8TS,R10POPC8HU427E",291,1632,4.439862542955327,26,0.05603112840466926,0,0,0.03860294117647059,0.5326460481099656,0.46735395189003437,0,1632,4.1,1,4.1,0.0,1632.0,0.0,0.0,0.0,0.0,0
B07GLS2563,"RYTDQJJGF8IM0,R2XI10VMIMTZIC,RQ3MM50LGXL1Z,R1LP3M16YU1CM,R3TEYFY6989IR4,R24KWB99TGKC9M,R2SCV76D1JUV6L,RUCGD37GEB0KN",171,867,3.9473684210526314,16,0.050445103857566766,0,0,0.04498269896193772,0.6023391812865497,0.39766081871345027,0,867,4.2,1,4.2,0.0,867.0,0.0,0.0,0.0,0.0,0
B09P182Z2H,"R31MJTM38BI4DT,RI02F8V2VWZ0P,RDC47YGUQAJF0,R1S44OPPSOZH8F,RK6BDZJW30UE1,R10J6JPDPTB5ED,R2H0C10WNGAU00,R1DQZ8A8C7WBD8",262,1438,4.377862595419847,21,0.022787028921998246,1,0,0.034075104311543813,0.6526717557251909,0.3473282442748092,0,1438,4.3,1,4.3,0.0,1438.0,0.0,0.0,0.0,0.0,0
B0B59K1C8F,"R2XFD3J4A5TGZF,RX5FGOO2VEM95,R1TUD04IXLDRMV,R1P01YOSWKVLQ3,RPMIFU0S3U0CG,RRAGFU9E9MAU7,RH31TSS0MO3KW,R3MB6685PDKUZK",161,835,4.099378881987578,11,0.045454545454545456,0,0,0.037125748502994015,0.5652173913043478,0.43478260869565216,3,835,3.6,1,3.6,0.0,835.0,0.0,0.0,0.0,0.0,0
B06Y36JKC3,"R2WRYLQ71K8KZS,R2ILB8NGFLKSM1,R1979FXJSU8GAN,R2Q6SATG4MFI5J,R3D8ZZR5A7F41R,R1OUF0QLKOUA1Z,R2BM7P8CHR65XC,R188GMUPS02IZE",155,913,4.767741935483871,16,0.05563093622795115,0,0,0.04381161007667032,0.6580645161290323,0.3419354838709677,0,913,4.1,1,4.1,0.0,913.0,0.0,0.0,0.0,0.0,0
B075S9FVRY,"R1CZUTGXQ7ZX2T,R2D6O5GY374HUI,R3MEVKMG43JO84,R2FKWWTI7HS55I,R34CIRAX73RLH1,R2SE99RILYNSN9,R33H1PAT91Y88G,R1L2Q95DMEF1SY",140,766,4.3,15,0.051666666666666666,0,0,0.04699738903394256,0.6214285714285714,0.37857142857142856,2,766,4.5,1,4.5,0.0,766.0,0.0,0.0,0.0,0.0,0
B08SJVD8QD,"R1LQ6NZSPIU0AF,R17S7B0QSFHJTC,R3SJIFJH77JC1O,R2G9JVE83IVFIQ,RASLSCV353KFB,R1R27B4L8L4Z6X,R38JPE2GDTIFL2,RMSETHYGGA4P7",141,782,4.425531914893617,12,0.048154093097913325,0,0,0.043478260869565216,0.5815602836879432,0.41843971631205673,2,782,4.2,1,4.2,0.0,782.0,0.0,0.0,0.0,0.0,0
B07FJNNZCJ,"RGLM8T8GTSTYH,R30QSC12YCL842,R2HBGO0MHSNQ7B,R1GDKJE36JWPX7,R1P99UNR6WTZP4,R3NSZO31F0V6QS,R3CEN8FE65WD8V,R3NULWNYG5BD4E",93,564,4.924731182795699,11,0.06756756756756757,0,0,0.07446808510638298,0.6559139784946236,0.34408602150537637,1,564,4.3,1,4.3,0.0,564.0,0.0,0.0,0.0,0.0,0
B09MFR93KS,"R3JBAT4PI4PLO0,R3PJIYCNWQ8Y2L,RWBQ359RY77PV,R1JDR1FHLPPOX7,RAA54PH39YEPK,RCMMD8QLTRHS3,RPVSPK4695JRQ,R3BYL6OMCFQ6H4",184,925,3.9402173913043477,11,0.04341736694677871,0,0,0.032432432432432434,0.5760869565217391,0.42391304347826086,1,925,4.0,1,4.0,0.0,925.0,0.0,0.0,0.0,0.0,0
B07Y5FDPKV,"R2F2DGJQPO0B5T,R2TYJ9OO7P28VM,R1RKF5FDPIB99E,R3N0PTQXQ8UJY8,R11EOJ6WSV5QIN,RNJWTE3FEEOBF,R1TMCXV8ZLNR4Q,R2VX0MWE6CFDOK",196,1092,4.357142857142857,20,0.04457831325301205,0,0,0.07142857142857142,0.6020408163265306,0.3979591836734694,0,1092,4.2,1,4.2,0.0,1092.0,0.0,0.0,0.0,0.0,0
B0756KCV5K,"R2QMIAMI841PRB,R13ESBS8Z3WZG0,RZ8HXGE2HU1O,R39QVJ5S4G6J9F,R31OSHB7AMO3J0,RA1YZBDD2GHLO,RQKLAO0RN02HA,R2XRY2ODIQ1YAA",115,618,4.321739130434783,8,0.056338028169014086,1,1,0.03559870550161812,0.6695652173913044,0.33043478260869563,0,618,4.2,1,4.2,0.0,618.0,0.0,0.0,0.0,0.0,0
B0BJ6P3LSK,"R3PB7I71NCM2LX,R3GDZTWTAD4D5O,R1VOJ065EWW8BS,RHL803DXBI13J,R3SSR4ROJ92G30,R3DL0H9U8GEQNJ,RCKKIEW0YW52N,R3PCVDWZGC3I2B",241,1342,4.460580912863071,23,0.04854368932038835,0,0,0.05737704918032787,0.5892116182572614,0.4107883817427386,0,1342,4.5,1,4.5,0.0,1342.0,0.0,0.0,0.0,0.0,0
B09HS1NDRQ,"R3V8S0ESHRPDBO,R12W72FFLIE3W5,RTP8C0IEC8HOG,R12R4AASHS28DY,R2GO349RJ2IVKJ,R2HYWH5XCPCXT4,R1LKZJQ84LWHYF,R1A2ZK71J84RUU",190,1024,4.2631578947368425,20,0.028395061728395062,0,0,0.0419921875,0.6,0.4,0,1024,3.8,1,3.8,0.0,1024.0,0.0,0.0,0.0,0.0,0
B018SJJ0GE,"R3MO3QMPSUEAFJ,R37HBU7GG0NMAJ,RH2BUJWJ3T5M0,R2RVGCZP1PX921,R1WXGPSPH00BY2,RE95R60UIR3E4,R38ZY743BJSLS4,RZ8SZSYKJ5VFG",308,1613,4.126623376623376,29,0.02996845425867508,0,0,0.03595784252944823,0.4642857142857143,0.5357142857142857,1,1613,4.4,1,4.4,0.0,1613.0,0.0,0.0,0.0,0.0,0
B09FPP3R1D,"R2RZLLFU5FVGY3,R2EGRR8ALL59DZ,R1JP2R3R8V3AVL,R142MAX2YBGVW4,R2C592PD3BYYQH,R3H91016XYXVY3,RTFWIHNYBS6OX,RW7Y9OWPKFCNF",271,1508,4.439114391143911,13,0.030807660283097418,0,0,0.035145888594164454,0.5424354243542435,0.4575645756457565,2,1508,4.1,1,4.1,0.0,1508.0,0.0,0.0,0.0,0.0,0
B01F7B2JCI,"R2NSLKFF9N8OO1,R3PPFDE9PF1D66,R3T8UTHQS6VMTK,R3IPQ2YEN9J842,R1LAN9221WZNQC,R3KG6USWG4FNQI,RN4ZPVL2G6BXG,R3F2DEWHYVNK10",128,716,4.5,14,0.06761565836298933,0,0,0.05865921787709497,0.640625,0.359375,0,716,4.2,1,4.2,0.0,716.0,0.0,0.0,0.0,0.0,0
B09NNZ1GF7,"R26RPJGPU2YT4M,R3QTAOTV6O9TGA,R2376RVNIQR2EU,R1KC6358QHQUG6,R1P61XNPIFGZLF,R1PD5KYOWDRSRF,R30SUJFMTAMCL2,R2ITYTNUV06OJE",101,551,4.336633663366337,9,0.07109004739336493,0,0,0.07622504537205081,0.6336633663366337,0.36633663366336633,2,551,4.3,1,4.3,0.0,551.0,0.0,0.0,0.0,0.0,0
B01CS4A5V4,"R2OJRVFVJPY47O,RP2NLPF4P8159,RUN7GUB7PBBO2,R1J414M799OFD8,RBS3PPFKHIUVE,RCG667UMY43KY,R3EVGRFBPYMO0H,R21NZ6B0QHBVXN",120,670,4.508333333333334,12,0.054820415879017016,0,0,0.05373134328358209,0.6833333333333333,0.31666666666666665,0,670,4.1,1,4.1,0.0,670.0,0.0,0.0,0.0,0.0,0
B0BL11S5QK,"R3UZ9QELD4SGH9,R26LJ3T0R1C2OW,R10OPU90E2KOS8,R368PRLFS9U4NM,R2DG70LW5AVK2U,RX8N5J1JQM4W5,R2L5GQ8S1BOJX8,R3GVWLF89Q0HCU",104,584,4.461538461538462,16,0.06331877729257641,0,0,0.08047945205479452,0.5384615384615384,0.46153846153846156,0,584,4.2,1,4.2,0.0,584.0,0.0,0.0,0.0,0.0,0
B09BL2KHQW,"R2MP3ZHMZJIHPO,RMTBPDSRHUOO0,R1ZJ2RU3C1TION,R3H5OE1VNUKGEV,R17IUC88WS63E5,R1NWPQN902104,R3QSZKBK7BXCOP,RRJES0SUCXLVP",58,350,4.896551724137931,3,0.05755395683453238,0,0,0.05142857142857143,0.603448275862069,0.39655172413793105,0,350,4.1,1,4.1,0.0,350.0,0.0,0.0,0.0,0.0,0
B081RLM75M,"R3OSR4OYTNNMCV,RPOYK3GUC98ZU,R27D0SFEZ5LMSP,R2AQW90XQ58J8X,R2E1CJLY710609,R3RQYH6EH78GZM,R3KQSMQH0W45XR,R1OD2KDJ4RH6QE",118,639,4.211864406779661,19,0.07883817427385892,3,0,0.08294209702660407,0.6779661016949152,0.3220338983050847,1,639,3.9,1,3.9,0.0,639.0,0.0,0.0,0.0,0.0,0
B07SYYVP69,"R1OQ97JT4BL5EI,R3RR2895R9O2DS,R2462S5LXK8PF8,RMJH8X11LNM88,R3QVXCO0WYM84N,R3H120Q4D5UPZ5,R2QR3OKR575Z8H,R210Y022QTMB31",104,587,4.528846153846154,7,0.04246284501061571,0,0,0.04258943781942078,0.6730769230769231,0.3269230769230769,1,587,3.9,1,3.9,0.0,587.0,0.0,0.0,0.0,0.0,0
B0BDZWMGZ1,"R9G633VF65R7,R1QYOV6VB55XDP,R10DO46U5X7BFU,R1LRIP1E8ZWQHM,R2FZMTECL2LFIB,R3L17NRMB2AJKW,RKAF5JOIWID2G,R28BGB7K15JUSW",87,483,4.390804597701149,5,0.047244094488188976,4,0,0.055900621118012424,0.7471264367816092,0.25287356321839083,0,483,3.8,1,3.8,0.0,483.0,0.0,0.0,0.0,0.0,0
B078JT7LTD,"R1LBKT3YDVVW86,R2PNLSWFYW5QEF,R2I6NKZE7JWNY6,R2OFZC94RLNDG3,R1XIUI1I006DHG,RI07TDJ2DO7ID,RYFM2V5BULJFL,R29WQI1TRENQIZ",163,900,4.392638036809816,12,0.03076923076923077,1,0,0.035555555555555556,0.6073619631901841,0.39263803680981596,1,900,4.6,1,4.6,0.0,900.0,0.0,0.0,0.0,0.0,0
B09WF4Q7B3,"R3VVDILPFTB4N,R33D06F6025R9G,R2I3H0WMODAWBP,R1AF6E3N2B9CB2,R36R7R03G3ZTT9,R26LX5GA0LIZA8,R376OUGP5M5AHS,R1MC6HR3Y1OZWE",259,1413,4.285714285714286,17,0.03548680618744313,4,0,0.03255484784147204,0.5675675675675675,0.43243243243243246,0,1413,3.6,1,3.6,0.0,1413.0,0.0,0.0,0.0,0.0,0
B092R48XXB,"R1TD8NMUP7Y7JR,R14MB9E0621MTM,RR23X5VXCOUKW,R37T5HQG9ZZLQM,RTID73IKA1G3K,R2H0S2S7BMUIHH,R1WZZ9OM0LBYFR,R2Q28C8LX2Y717",1241,6600,4.207091055600323,120,0.024555297757153906,1,0,0.031818181818181815,0.37550362610797744,0.6244963738920226,0,6600,4.1,1,4.1,0.0,6600.0,0.0,0.0,0.0,0.0,0
B00KIDSU8S,"RET6MLCT292IA,R28KTF1812QBSY,RSQKDGLTZET66,R27B4L6ORUNWP0,RVAY1H2CHPFD5,R3H5NH63Y26SZ7,R2OQU5R4OZWFTT,R3UXSYW0X740ED",95,503,4.157894736842105,12,0.06217616580310881,0,1,0.055666003976143144,0.6631578947368421,0.3368421052631579,0,503,4.2,1,4.2,0.0,503.0,0.0,0.0,0.0,0.0,0
B0977CGNJJ,"R13Q2BLBWFPEJF,R3FVMXIFTJ8J70,RE4J9O3GFANNE,RBDZELVBRCEKZ,RKUIUH511UFQ,R6M4QYFXEWFW0,R13CCSI2Y1TWIV,R1AN2NIKVZM6JO",146,737,3.910958904109589,18,0.0586145648312611,1,0,0.05970149253731343,0.6506849315068494,0.3493150684931507,0,737,4.3,1,4.3,0.0,737.0,0.0,0.0,0.0,0.0,0
B08WWKM5HQ,"R7UIR1SQ3MQ7C,RSHEPWEKELRFO,R1I98SU56895RX,R3QY58980PL4G7,R3SP1VLD2ICGHM,R2HI4MKCC9V5CH,R1GWIC0YK34JRS,RD6Q3K7ATDOMX",85,452,4.2,9,0.0625,1,0,0.07743362831858407,0.7529411764705882,0.24705882352941178,0,452,3.9,1,3.9,0.0,452.0,0.0,0.0,0.0,0.0,0
B015GX9Y0W,"R20SPV6WPX1ZU1,RXRM37GL3SHHH,R1LU6AOHGKF97O,R15V75C4M038Q1,R1Q4Q235B1LFNX,R38UQB68VZ4SUY,R2YTO8AY71C7JE,R35LRIA95CG65D",274,1446,4.131386861313868,24,0.03374777975133215,5,0,0.03803596127247579,0.5474452554744526,0.45255474452554745,1,1446,3.9,1,3.9,0.0,1446.0,0.0,0.0,0.0,0.0,1
B089BDBDGM,"R3E5WJVPAKKEF1,R35VC2K2S2FQGC,R1AIDBLOPDFHFK,R1GQXAGB604WC1,RORXQ24THT5LS,R240THZS4YWK4R,R31H48RDL3O4K9,R3B3A9EA9DKDXN",129,719,4.372093023255814,14,0.04964539007092199,0,0,0.06258692628650904,0.5503875968992248,0.4496124031007752,0,719,4.0,1,4.0,0.0,719.0,0.0,0.0,0.0,0.0,0
B0BPBG712X,"R32YNMGVH3EGMZ,R1O2HX15IC0KCM,RQPKLLF0EQESW,R6CXBNPC3JUIO,R2PAIJQ4JQT4EE,R6IWEVMWJ6MD,R1E1LTXU1CPT48,R2648DSDGDSC63",135,753,4.488888888888889,9,0.03135313531353135,1,0,0.035856573705179286,0.5703703703703704,0.42962962962962964,3,753,4.4,1,4.4,0.0,753.0,0.0,0.0,0.0,0.0,0
B00JBNZPFM,"R8C32TJ4LFEH2,R1PEE4BCM8AE46,R2H8MA3JJ3KWBS,R1YMUX3PF91A1L,R32ZAHCTMN2A02,R21Q1UO7WME33S,R1HJB9OT30WHJL,R24NYI1HOKDQ1W",227,1226,4.273127753303965,22,0.04253112033195021,0,0,0.04241435562805873,0.6123348017621145,0.3876651982378855,0,1226,4.2,1,4.2,0.0,1226.0,0.0,0.0,0.0,0.0,0
B08N6P8G5K,"REVG93OC7J7E7,R3P1VSN1MLDAC8,R27M4MEXR2CQKP,RLBENTTPSBBSN,R3AUN77ZPS31VZ,R1JBK2TF7A2F05,R39H9E8JLDDW08,R2HUKS6PKBE2AM",322,1749,4.307453416149069,34,0.034657039711191336,6,0,0.033733562035448826,0.4906832298136646,0.5093167701863354,1,1749,4.5,1,4.5,0.0,1749.0,0.0,0.0,0.0,0.0,1
B07NPBG1B4,"R3H7NIOGR51BCC,R3BKEMT5488WIB,R31QG2GYR8A37S,R2NO8ASBTPQKQZ,RVB2FQLVO9N0A,R1366OOBBOMJI2,R21V60CHP3W6KY,R207DKP7LXNDSC",128,719,4.4375,7,0.047957371225577264,0,0,0.055632823365785816,0.65625,0.34375,0,719,4.1,1,4.1,0.0,719.0,0.0,0.0,0.0,0.0,0
B01MRARGBW,"R22ZQT5S2PIBQO,RP1O8SOYEEI2L,RUUA046AAE2O4,R9EFKXYBWPGEM,R3CVDJ2J9QIOBM,R23QZ7HVMFQB5P,R37GCUOM2FLA5S,R19K6RVW961VVG",87,502,4.666666666666667,9,0.06683168316831684,0,0,0.045816733067729085,0.5862068965517241,0.41379310344827586,1,502,4.1,1,4.1,0.0,502.0,0.0,0.0,0.0,0.0,0
B07VZYMQNZ,"R3BXPMFHV4SWWY,R38TTJ6VHIUZWV,RWDME913KW45B,R1K3HET5H2KKAR,R2274AOJUMM3KD,R3TWY3L3AL5FYY,R3AUNSDP9VKTBV,R37L9U3PHOUSZ1",409,2222,4.30562347188264,26,0.051763367463026164,0,0,0.041404140414041404,0.5403422982885085,0.45965770171149145,2,2222,4.2,1,4.2,0.0,2222.0,0.0,0.0,0.0,0.0,0
B01L7C4IU2,"R2LQDV6ZW6PDCN,R1UOQIASAHX1RT,R1JFI2SFXY2RHT,R2E769627S4MC8,R2OJJNFKCULCQ5,R2HF7T1QUVDRRY,R301AKJI57TYXO,R3JE7DP45RMLLE",121,684,4.537190082644628,11,0.043795620437956206,0,0,0.043859649122807015,0.6198347107438017,0.38016528925619836,0,684,4.2,1,4.2,0.0,684.0,0.0,0.0,0.0,0.0,0
B09H7JDJCW,"R1DRVWDPCVUHMK,R23XQ10QUS68QY,R2KDJ8P8S6G9O3,R3H5V5Q927ZRI7,R31AIVLTBLTZZL,R17RUD99JNP3QE,R2B2ZOL2SLVIWS,R2DPWOUGJP73L1",147,818,4.489795918367347,8,0.031818181818181815,0,0,0.03178484107579462,0.6122448979591837,0.3877551020408163,2,818,4.0,1,4.0,0.0,818.0,0.0,0.0,0.0,0.0,0
B07F6GXNPB,"R2K8VZSTF6Y1UH,R30LKPXEPE0CZE,R2714DP5UNSOQ,R1SR34QE2CLNQX,R33PWFEYQMQH30,R1JCIP3VLGLT7E,R2C96SQWZU7SM4,R2QG25I5PKC8ZD",109,602,4.4495412844036695,10,0.05578512396694215,0,0,0.04152823920265781,0.7339449541284404,0.26605504587155965,0,602,4.3,1,4.3,0.0,602.0,0.0,0.0,0.0,0.0,0
B0B97D658R,"RP44N8NRPVZ64,R1FETO75Q18Y6N,R3QS7GCDG4CKQ5,R1OAWG0HEQ62FT,R32BTYN4QF56J9,R1D0MOCMENKIT1,R3V1DRV00BSNS5,R2CVEAXB0MKT2Q",228,1137,3.8903508771929824,13,0.08587570621468926,1,0,0.03342128408091469,0.5394736842105263,0.4605263157894737,1,1137,3.6,1,3.6,0.0,1137.0,0.0,0.0,0.0,0.0,0
B09NFSHCWN,"R3PHYNEGUHVNDJ,R3U3Q0ET3JUC76,R1AJYRLEYBQKHQ,RIJ0LF1TCS88U,R1U7C8WLUNQGS1,R1G0KB7WIUAYV6,RH81LB9FFSVDB,R8LK8I42MTY6L",223,1107,3.8654708520179373,14,0.06504065040650407,1,0,0.036133694670280034,0.5605381165919282,0.43946188340807174,1,1107,3.5,1,3.5,0.0,1107.0,0.0,0.0,0.0,0.0,0
B076VQS87V,"R37X0IRA8XP1DZ,RYGZ67N1YAQ1V,R1RC5PYP8XJQ7F,RSQJ9ZHLKQ8HS,R1HWV58EX5INPJ,R2CBZ8US6D3TFW,R94RMNAVSZNCT,RIP6JERBIMOOZ",81,438,4.382716049382716,2,0.04507042253521127,0,0,0.0410958904109589,0.6666666666666666,0.3333333333333333,0,438,4.3,1,4.3,0.0,438.0,0.0,0.0,0.0,0.0,0
B09LMMFW3S,"R1K0ML8QPZZSH7,R1VJZH5L1SRLPA,R2TTZ6Y61C1955,RYRQ7HQ4WDD0R,R24V2VP33R7Q4Z,R1F215HE3H6ZGT,R1YT2C41FFR9NG,R2UR2X3ZHZC5MU",244,1385,4.520491803278689,21,0.03372835004557885,1,0,0.04187725631768953,0.6270491803278688,0.3729508196721312,0,1385,3.6,1,3.6,0.0,1385.0,0.0,0.0,0.0,0.0,0
B0BBLHTRM9,"R9GL8284FSYUG,R1Q6Z3DZDJMDPN,R25CLTZM7X33KC,R3EZN6N234M56M,R3V5ZJK278N7DE,R2D7IYLDOK44OG,R3E1T8ZS17TP57,R388P83LV3P6PH",182,1042,4.554945054945055,17,0.05378973105134474,2,0,0.045105566218809984,0.6318681318681318,0.36813186813186816,0,1042,2.9,1,2.9,0.0,1042.0,0.0,0.0,0.0,0.0,0
B0BJYSCWFQ,"R3333X2IOK8J6C,R3UBMYP1E5RM5Z,R38CR6UCL8Z5F,R1NJ40Y3GL2XGK,R1MQP6KOMV9PHC,R2NTVG1I8CIRDI,REQ0A5BYHG678,R208N2LRQAPM3F",218,1151,4.146788990825688,13,0.03455964325529543,0,0,0.035621198957428324,0.5321100917431193,0.46788990825688076,2,1151,4.2,1,4.2,0.0,1151.0,0.0,0.0,0.0,0.0,0
B0187F2IOK,"R1BR8BOPOWGU0F,R3EATDEV562Z39,R1BISP21J4W67Z,R371Z2WNIHW6BE,R1DUEJXRERZVJ9,R1C2TIDQCPNW4A,R1KWEO556IO34F,R2Z4EQK80846LQ",142,744,4.140845070422535,10,0.043029259896729774,0,0,0.036290322580645164,0.6549295774647887,0.34507042253521125,2,744,4.4,1,4.4,0.0,744.0,0.0,0.0,0.0,0.0,0
B0B8CB7MHW,"R18ND09BJJWOI1,R35PEU0UI25EJQ,R1PUXDH1YJ1C7P,R3MYQMWYBPFNCE,R27R9HRO9LGATW,R6VNO2JYF3N4U,R23OWJ2539E2YY,R20Z8QRT7O6F3H",225,1202,4.24,20,0.03477344573234984,0,0,0.03743760399334443,0.5155555555555555,0.48444444444444446,0,1202,4.1,1,4.1,0.0,1202.0,0.0,0.0,0.0,0.0,0
B07K19NYZ8,"RYWL8U25UKVRN,R2OZKOAWL1O0AK,R20H2HQK57AY6M,R8D71Z6FT69SZ,R1SHRMSVKCLPBV,RL642290VV0FY,RY9QSE50DS1XF,R3G6DENLSHD8FG",62,352,4.548387096774194,5,0.07801418439716312,0,0,0.06534090909090909,0.5967741935483871,0.4032258064516129,0,352,3.8,1,3.8,0.0,352.0,0.0,0.0,0.0,0.0,0
B08ZXZ362Z,"R35122PFZXLW77,R20F9Z88XI969Z,R32BCA8W6W1KIF,R8IJQ4BCU3EYB,R1U0ELVGODA4FE,RK6G1OA2NXLKX,RSPH5EIECZOR0,R39210FVK81Z0W",112,638,4.553571428571429,10,0.043137254901960784,0,0,0.050156739811912224,0.5803571428571429,0.41964285714285715,0,638,3.5,1,3.5,0.0,638.0,0.0,0.0,0.0,0.0,0
B00GHL8VP2,"R1T19FVDX8Z7T2,R1E1AMYN17K7HJ,R20AXB80IQO0DK,R2N3QQAXIBYD1U,R23O6CFX5FQGEH,R28PM4P5ZGL5B9,R3I7005LCPIHBK,R14X0EVJHHB3B1",201,1063,4.169154228855722,18,0.08283313325330131,2,0,0.03857008466603951,0.5771144278606966,0.4228855721393035,0,1063,4.1,1,4.1,0.0,1063.0,0.0,0.0,0.0,0.0,0
B0B9JZW1SQ,"R3N2A5DV7IPG6R,RXX6FP17PFNBS,R1JENN8Y0UV8G,RXPE5ZQ9LKS94,RGJ8L0BDZJ7U8,R3122SJIEKZ4O2",60,309,3.9833333333333334,5,0.05042016806722689,0,0,0.06796116504854369,0.8333333333333334,0.16666666666666666,0,309,3.2,1,3.2,0.0,309.0,0.0,0.0,0.0,0.0,0
B00TI8E7BI,"R252H4TFMWK9L7,R3SAFGRVGD7GTV,R1FVCFYT4SGY76,R2437QVPEQFXQ6,R2H5VGCES0DGQY,R1DO5MB8H8GCUI,R10I87E4DVQPCL,R39U1YGSKUXRN6",329,1745,4.173252279635259,24,0.03085966201322557,5,0,0.032091690544412604,0.5227963525835866,0.47720364741641336,1,1745,4.4,1,4.4,0.0,1745.0,0.0,0.0,0.0,0.0,1
B07J9KXQCC,"R363CESXF8MX1J,RPFBIUJQY7U8J,R1RANSDWMZLOFX,R2KRLWEGK8WRUV,RJT2AYA3VYJKW,RED9KLRCGWVCA,R8AVX9DP1CA8T,R27B8CDIU1PSLD",205,1172,4.570731707317073,17,0.036677454153182305,0,0,0.043515358361774746,0.6,0.4,1,1172,3.6,1,3.6,0.0,1172.0,0.0,0.0,0.0,0.0,0
B0B3JSWG81,R18OKMWGX8SA0L,27,152,4.407407407407407,4,0.04201680672268908,0,0,0.039473684210526314,0.9259259259259259,0.07407407407407407,0,152,3.1,1,3.1,0.0,152.0,0.0,0.0,0.0,0.0,0
B08L7J3T31,"R3G3XFHPBFF0E8,R3C0BZCD32EIGW,R2EBVBCN9QPD9R,R9SAQHLVMF9ON,R3P4WQ85WREE09,RE1AN3DMA316N,R3BKQ2HLTYB0G4,R28M0VG1XQJLQ3",107,634,4.859813084112149,7,0.02697495183044316,0,1,0.03627760252365931,0.6728971962616822,0.32710280373831774,1,634,4.0,1,4.0,0.0,634.0,0.0,0.0,0.0,0.0,0
B01M6453MB,"R3DDL2UPKQ2CK9,R2SYYU1OATVIU5,R1VM993161IYRW,R28K4Y5JF23GNU,R2KM7BT1FRZOYU,R2KQMTZQ5QCIP6,R1VWQ34O0MNDLC,R2GBEWZ5FISS7X",248,1365,4.411290322580645,23,0.028440366972477066,0,0,0.0315018315018315,0.5685483870967742,0.4314516129032258,1,1365,4.1,1,4.1,0.0,1365.0,0.0,0.0,0.0,0.0,0
B009P2LIL4,"R1TLRJVW4STY5I,R2O455KRN493R1,R3Q5MVGBRIAS2G,RDUWK5R7MYO0F,R2PLXU82PLNOS,R3OGEQWZH4DYFA,R5I0WH8YY7K9V,R1MC4M4R6ZDUBE",182,999,4.384615384615385,12,0.20278833967046894,0,0,0.037037037037037035,0.6483516483516484,0.3516483516483517,0,999,3.6,1,3.6,0.0,999.0,0.0,0.0,0.0,0.0,0
B00J5DYCCA,"R39Q2Y79MM9SWK,R3079BG1NIH6MB,R29A31ZELTZNJM,RQ7XAO5UTJQZT,R223OFAZGIK4X7,R27WMZV25K3TN1,R302QB4GVL3F8T,RBZRSE5J6HCF3",87,484,4.482758620689655,8,0.06648936170212766,0,0,0.07024793388429752,0.632183908045977,0.367816091954023,0,484,4.0,1,4.0,0.0,484.0,0.0,0.0,0.0,0.0,0
B01486F4G6,"R20RBRZ0WEUJT9,ROKIFK9R2ISSE,R30EEG2FNJSN5I,R2ZC03S4QXOW4Y,R186H8YW34BQD5,R10NC3D321N59G,REKF75G4SOAOX,R2G0ZT4JQX322I",387,1672,3.0155038759689923,17,0.023376623376623377,0,0,0.02452153110047847,0.4909560723514212,0.5090439276485789,2,1672,4.3,1,4.3,0.0,1672.0,0.0,0.0,0.0,0.0,0
